Protocollo;Gruppo;DataOraIncidente;Localizzazione1;STRADA1;Localizzazione2;STRADA2;Strada02;Chilometrica;DaSpecificare;NaturaIncidente;particolaritastrade;TipoStrada;FondoStradale;Pavimentazione;Segnaletica;CondizioneAtmosferica;Traffico;Visibilita;Illuminazione;NUM_FERITI;NUM_RISERVATA;NUM_MORTI;NUM_ILLESI;Longitudine;Latitudine;Confermato;Progressivo;TipoVeicolo;StatoVeicolo;TipoPersona;Sesso;Tipolesione;Deceduto;DecedutoDopo;CinturaCascoUtilizzato;Airbag;
5498331;3;02/07/2021 12:15:00;Strada Urbana;VIALE DI VILLA MASSIMO;da specificare;;;;prossimit� fronte civico 8a;Scontro laterale fra veicoli in marcia;Rettilineo;Una carreggiata a senso unico di marcia;Asciutto;Asfaltata;Verticale ed orizzontale;Sereno;Normale;Buona;;0;0;0;3;12.5155;41.9125;-1;1;Autovettura privata;In marcia / fermata / arresto;Conducente;M;Illeso;0;;Non accertato;
5498331;3;02/07/2021 12:15:00;Strada Urbana;VIALE DI VILLA MASSIMO;da specificare;;;;prossimit� fronte civico 8a;Scontro laterale fra veicoli in marcia;Rettilineo;Una carreggiata a senso unico di marcia;Asciutto;Asfaltata;Verticale ed orizzontale;Sereno;Normale;Buona;;0;0;0;3;12.5155;41.9125;-1;2;Autovettura privata;In marcia / fermata / arresto;Conducente;M;Illeso;0;;Non accertato;
5498331;3;02/07/2021 12:15:00;Strada Urbana;VIALE DI VILLA MASSIMO;da specificare;;;;prossimit� fronte civico 8a;Scontro laterale fra veicoli in marcia;Rettilineo;Una carreggiata a senso unico di marcia;Asciutto;Asfaltata;Verticale ed orizzontale;Sereno;Normale;Buona;;0;0;0;3;12.5155;41.9125;-1;2;Autovettura privata;In marcia / fermata / arresto;Passeggero;F;Illeso;0;;Non accertato;
5498335;7;04/07/2021 20:20:00;Strada Urbana;VIA DEGLI OLIVI;all'intersezione con;VIA DEI PINI;VIA DEI PINI;;;Scontro frontale/laterale SX fra veicoli in marcia;Incrocio;Una carreggiata a senso unico di marcia;Asciutto;Asfaltata;Verticale ed orizzontale;Sereno;Normale;Buona;;0;0;0;4;12.5697;41.8874;-1;1;Autovettura privata;In marcia / fermata / arresto;Conducente;M;Illeso;0;;Non accertato;Inesploso
5498335;7;04/07/2021 20:20:00;Strada Urbana;VIA DEGLI OLIVI;all'intersezione con;VIA DEI PINI;VIA DEI PINI;;;Scontro frontale/laterale SX fra veicoli in marcia;Incrocio;Una carreggiata a senso unico di marcia;Asciutto;Asfaltata;Verticale ed orizzontale;Sereno;Normale;Buona;;0;0;0;4;12.5697;41.8874;-1;1;Autovettura privata;In marcia / fermata / arresto;Passeggero;F;Illeso;0;;Non accertato;Inesploso
5498335;7;04/07/2021 20:20:00;Strada Urbana;VIA DEGLI OLIVI;all'intersezione con;VIA DEI PINI;VIA DEI PINI;;;Scontro frontale/laterale SX fra veicoli in marcia;Incrocio;Una carreggiata a senso unico di marcia;Asciutto;Asfaltata;Verticale ed orizzontale;Sereno;Normale;Buona;;0;0;0;4;12.5697;41.8874;-1;2;Autovettura privata;In marcia / fermata / arresto;Conducente;F;Illeso;0;;Non accertato;Inesploso
5498335;7;04/07/2021 20:20:00;Strada Urbana;VIA DEGLI OLIVI;all'intersezione con;VIA DEI PINI;VIA DEI PINI;;;Scontro frontale/laterale SX fra veicoli in marcia;Incrocio;Una carreggiata a senso unico di marcia;Asciutto;Asfaltata;Verticale ed orizzontale;Sereno;Normale;Buona;;0;0;0;4;12.5697;41.8874;-1;2;Autovettura privata;In marcia / fermata / arresto;Passeggero;M;Illeso;0;;Non accertato;Inesploso
5498361;17;03/07/2021 00:20:00;Strada Urbana;VIA LUDOVISI;all'intersezione con;VIA AURORA;VIA AURORA;;;Scontro frontale/laterale SX fra veicoli in marcia;Incrocio;Una carreggiata a senso unico di marcia;Asciutto;Asfaltata;Verticale ed orizzontale;Sereno;Scarso;Sufficiente;;0;0;0;1;12.4879;41.9068;-1;1;Autovettura privata;In marcia / fermata / arresto;Conducente;M;Illeso;0;;;
5498361;17;03/07/2021 00:20:00;Strada Urbana;VIA LUDOVISI;all'intersezione con;VIA AURORA;VIA AURORA;;;Scontro frontale/laterale SX fra veicoli in marcia;Incrocio;Una carreggiata a senso unico di marcia;Asciutto;Asfaltata;Verticale ed orizzontale;Sereno;Scarso;Sufficiente;;0;0;0;1;12.4879;41.9068;-1;2;Autovettura privata;Allontanatosi;;;;;;;
5498375;10;04/07/2021 21:35:00;Strada Urbana;VIA DI TOR VERGATA;in corrispondenza;;del palo luce n.;102;;Veicolo in marcia contro ostacolo fisso;Rettilineo;Una carreggiata a doppio senso;Asciutto;Asfaltata;Verticale ed orizzontale;Sereno;Normale;Buona;;1;0;0;0;12.6227;41.8378;-1;1;Autovettura privata;In marcia / fermata / arresto;Conducente;M;Rimandato;0;NON DECEDUTO;Non accertato;Inesploso
5498383;7;04/07/2021 23:10:00;Strada Urbana;VIA IGNAZIO SCIMONELLI;in corrispondenza;;del civico n.;230;;Veicolo in marcia contro veicolo in sosta;Rettilineo;Una carreggiata a doppio senso;Asciutto;Asfaltata;Assente;Sereno;Normale;Sufficiente;;0;0;0;1;12.5951;41.8448;-1;1;Autovettura privata;Sosta;;;;;;;
5498383;7;04/07/2021 23:10:00;Strada Urbana;VIA IGNAZIO SCIMONELLI;in corrispondenza;;del civico n.;230;;Veicolo in marcia contro veicolo in sosta;Rettilineo;Una carreggiata a doppio senso;Asciutto;Asfaltata;Assente;Sereno;Normale;Sufficiente;;0;0;0;1;12.5951;41.8448;-1;2;Autovettura privata;In marcia / fermata / arresto;Conducente;F;Illeso;0;;Non accertato;Inesploso
5498383;7;04/07/2021 23:10:00;Strada Urbana;VIA IGNAZIO SCIMONELLI;in corrispondenza;;del civico n.;230;;Veicolo in marcia contro veicolo in sosta;Rettilineo;Una carreggiata a doppio senso;Asciutto;Asfaltata;Assente;Sereno;Normale;Sufficiente;;0;0;0;1;12.5951;41.8448;-1;3;Autovettura privata;Sosta;;;;;;;
5498386;5;04/07/2021 03:20:00;Strada Urbana;VIA TOR DE' SCHIAVI;all'intersezione con;VIA VEROLI;VIA VEROLI;;;Scontro frontale/laterale DX fra veicoli in marcia;Incrocio;Due carreggiate;Asciutto;Asfaltata;Verticale ed orizzontale;Sereno;Scarso;Buona;;0;0;0;4;12.5599;41.892;-1;1;Autovettura privata;In marcia / fermata / arresto;Conducente;M;Illeso;0;;Non accertato;Inesploso
5498386;5;04/07/2021 03:20:00;Strada Urbana;VIA TOR DE' SCHIAVI;all'intersezione con;VIA VEROLI;VIA VEROLI;;;Scontro frontale/laterale DX fra veicoli in marcia;Incrocio;Due carreggiate;Asciutto;Asfaltata;Verticale ed orizzontale;Sereno;Scarso;Buona;;0;0;0;4;12.5599;41.892;-1;2;Autovettura privata;In marcia / fermata / arresto;Conducente;M;Illeso;0;;Non accertato;Inesploso
5498386;5;04/07/2021 03:20:00;Strada Urbana;VIA TOR DE' SCHIAVI;all'intersezione con;VIA VEROLI;VIA VEROLI;;;Scontro frontale/laterale DX fra veicoli in marcia;Incrocio;Due carreggiate;Asciutto;Asfaltata;Verticale ed orizzontale;Sereno;Scarso;Buona;;0;0;0;4;12.5599;41.892;-1;2;Autovettura privata;In marcia / fermata / arresto;Passeggero;M;Illeso;0;;Non accertato;Inesploso
5498386;5;04/07/2021 03:20:00;Strada Urbana;VIA TOR DE' SCHIAVI;all'intersezione con;VIA VEROLI;VIA VEROLI;;;Scontro frontale/laterale DX fra veicoli in marcia;Incrocio;Due carreggiate;Asciutto;Asfaltata;Verticale ed orizzontale;Sereno;Scarso;Buona;;0;0;0;4;12.5599;41.892;-1;2;Autovettura privata;In marcia / fermata / arresto;Passeggero;F;Illeso;0;;Non accertato;Inesploso
5498388;18;03/07/2021 11:20:00;Strada Urbana;VIA DI CASAL SELCE;all'intersezione con;VIA DI PANTAN MONASTERO;VIA DI PANTAN MONASTERO;;;Ribaltamento senza urto contro ostacolo fisso;Incrocio;Una carreggiata a doppio senso;Asciutto;Asfaltata;Verticale ed orizzontale;Sereno;Normale;Buona;;1;0;0;0;12.3541;41.9198;-1;1;Motociclo a solo;In marcia / fermata / arresto;Conducente;M;Rifiuta cure immediate;0;NON DECEDUTO;;
5498400;16;02/07/2021 11:55:00;Strada Urbana;VIA MAURIZIO QUADRIO;all'intersezione con;PIAZZA ROSOLINO PILO;PIAZZA ROSOLINO PILO;;;Scontro frontale/laterale DX fra veicoli in marcia;Intersezione stradale segnalata;Una carreggiata a senso unico di marcia;Asciutto;Asfaltata;Verticale ed orizzontale;Sereno;Normale;Buona;;1;0;0;3;12.4623;41.8818;-1;1;Motociclo a solo;In marcia / fermata / arresto;Conducente;M;Rimandato;0;NON DECEDUTO;Non accertato;
5498400;16;02/07/2021 11:55:00;Strada Urbana;VIA MAURIZIO QUADRIO;all'intersezione con;PIAZZA ROSOLINO PILO;PIAZZA ROSOLINO PILO;;;Scontro frontale/laterale DX fra veicoli in marcia;Intersezione stradale segnalata;Una carreggiata a senso unico di marcia;Asciutto;Asfaltata;Verticale ed orizzontale;Sereno;Normale;Buona;;1;0;0;3;12.4623;41.8818;-1;2;Autovettura privata;In marcia / fermata / arresto;Conducente;M;Illeso;0;;Non accertato;Inesploso
5498400;16;02/07/2021 11:55:00;Strada Urbana;VIA MAURIZIO QUADRIO;all'intersezione con;PIAZZA ROSOLINO PILO;PIAZZA ROSOLINO PILO;;;Scontro frontale/laterale DX fra veicoli in marcia;Intersezione stradale segnalata;Una carreggiata a senso unico di marcia;Asciutto;Asfaltata;Verticale ed orizzontale;Sereno;Normale;Buona;;1;0;0;3;12.4623;41.8818;-1;2;Autovettura privata;In marcia / fermata / arresto;Passeggero;F;Illeso;0;;Non accertato;Inesploso
5498400;16;02/07/2021 11:55:00;Strada Urbana;VIA MAURIZIO QUADRIO;all'intersezione con;PIAZZA ROSOLINO PILO;PIAZZA ROSOLINO PILO;;;Scontro frontale/laterale DX fra veicoli in marcia;Intersezione stradale segnalata;Una carreggiata a senso unico di marcia;Asciutto;Asfaltata;Verticale ed orizzontale;Sereno;Normale;Buona;;1;0;0;3;12.4623;41.8818;-1;2;Autovettura privata;In marcia / fermata / arresto;Passeggero;M;Illeso;0;;Non accertato;Inesploso
5498416;2;02/07/2021 19:15:00;Strada Urbana;VIA DEL FORO ITALICO;in corrispondenza;;del palo luce n.;301;;Tamponamento Multiplo;Rettilineo;Due carreggiate;Asciutto;Asfaltata;Orizzontale;Sereno;Intenso;Buona;;0;0;0;7;12.4813;41.9402;-1;1;Autovettura privata;In marcia / fermata / arresto;Conducente;F;Illeso;0;;Non accertato;Inesploso
5498416;2;02/07/2021 19:15:00;Strada Urbana;VIA DEL FORO ITALICO;in corrispondenza;;del palo luce n.;301;;Tamponamento Multiplo;Rettilineo;Due carreggiate;Asciutto;Asfaltata;Orizzontale;Sereno;Intenso;Buona;;0;0;0;7;12.4813;41.9402;-1;1;Autovettura privata;In marcia / fermata / arresto;Passeggero;F;Illeso;0;;Non accertato;Inesploso
5498416;2;02/07/2021 19:15:00;Strada Urbana;VIA DEL FORO ITALICO;in corrispondenza;;del palo luce n.;301;;Tamponamento Multiplo;Rettilineo;Due carreggiate;Asciutto;Asfaltata;Orizzontale;Sereno;Intenso;Buona;;0;0;0;7;12.4813;41.9402;-1;2;Autovettura privata;In marcia / fermata / arresto;Conducente;F;Illeso;0;;Non accertato;Inesploso
5498416;2;02/07/2021 19:15:00;Strada Urbana;VIA DEL FORO ITALICO;in corrispondenza;;del palo luce n.;301;;Tamponamento Multiplo;Rettilineo;Due carreggiate;Asciutto;Asfaltata;Orizzontale;Sereno;Intenso;Buona;;0;0;0;7;12.4813;41.9402;-1;3;Autovettura privata;In marcia / fermata / arresto;Conducente;M;Illeso;0;;Non accertato;Inesploso
5498416;2;02/07/2021 19:15:00;Strada Urbana;VIA DEL FORO ITALICO;in corrispondenza;;del palo luce n.;301;;Tamponamento Multiplo;Rettilineo;Due carreggiate;Asciutto;Asfaltata;Orizzontale;Sereno;Intenso;Buona;;0;0;0;7;12.4813;41.9402;-1;3;Autovettura privata;In marcia / fermata / arresto;Passeggero;F;Illeso;0;;Non accertato;Inesploso
5498416;2;02/07/2021 19:15:00;Strada Urbana;VIA DEL FORO ITALICO;in corrispondenza;;del palo luce n.;301;;Tamponamento Multiplo;Rettilineo;Due carreggiate;Asciutto;Asfaltata;Orizzontale;Sereno;Intenso;Buona;;0;0;0;7;12.4813;41.9402;-1;4;Autovettura privata;In marcia / fermata / arresto;Conducente;F;Illeso;0;;Non accertato;Inesploso
5498416;2;02/07/2021 19:15:00;Strada Urbana;VIA DEL FORO ITALICO;in corrispondenza;;del palo luce n.;301;;Tamponamento Multiplo;Rettilineo;Due carreggiate;Asciutto;Asfaltata;Orizzontale;Sereno;Intenso;Buona;;0;0;0;7;12.4813;41.9402;-1;4;Autovettura privata;In marcia / fermata / arresto;Passeggero;F;Illeso;0;;Non accertato;Inesploso
5498418;2;02/07/2021 16:20:00;Strada Urbana;VIA ANAPO;all'intersezione con;VIA CERESIO;VIA CERESIO;;;Scontro frontale/laterale DX fra veicoli in marcia;Intersezione stradale segnalata;Una carreggiata a senso unico di marcia;Asciutto;Asfaltata;Verticale ed orizzontale;Sereno;Normale;Buona;;0;0;0;3;12.507;41.9261;-1;1;Autovettura privata;In marcia / fermata / arresto;Conducente;F;Illeso;0;;Non accertato;Inesploso
5498418;2;02/07/2021 16:20:00;Strada Urbana;VIA ANAPO;all'intersezione con;VIA CERESIO;VIA CERESIO;;;Scontro frontale/laterale DX fra veicoli in marcia;Intersezione stradale segnalata;Una carreggiata a senso unico di marcia;Asciutto;Asfaltata;Verticale ed orizzontale;Sereno;Normale;Buona;;0;0;0;3;12.507;41.9261;-1;1;Autovettura privata;In marcia / fermata / arresto;Passeggero;M;Illeso;0;;Non accertato;Inesploso
5498418;2;02/07/2021 16:20:00;Strada Urbana;VIA ANAPO;all'intersezione con;VIA CERESIO;VIA CERESIO;;;Scontro frontale/laterale DX fra veicoli in marcia;Intersezione stradale segnalata;Una carreggiata a senso unico di marcia;Asciutto;Asfaltata;Verticale ed orizzontale;Sereno;Normale;Buona;;0;0;0;3;12.507;41.9261;-1;2;Autovettura privata;In marcia / fermata / arresto;Conducente;M;Illeso;0;;Non accertato;Inesploso
5498424;2;02/07/2021 16:10:00;Strada Urbana;LUNGOTEVERE ARNALDO DA BRESCIA;all'intersezione con;LUNGOTEVERE ARNALDO DA BRESCIA;LUNGOTEVERE ARNALDO DA BRESCIA;;;Scontro laterale fra veicoli in marcia;Incrocio;Pi� di due carreggiate;Asciutto;Asfaltata;Verticale ed orizzontale;Sereno;Normale;Buona;;0;0;0;3;12.4726;41.9123;-1;1;Autovettura privata;In marcia / fermata / arresto;Conducente;M;Illeso;0;;Non accertato;Inesploso
5498424;2;02/07/2021 16:10:00;Strada Urbana;LUNGOTEVERE ARNALDO DA BRESCIA;all'intersezione con;LUNGOTEVERE ARNALDO DA BRESCIA;LUNGOTEVERE ARNALDO DA BRESCIA;;;Scontro laterale fra veicoli in marcia;Incrocio;Pi� di due carreggiate;Asciutto;Asfaltata;Verticale ed orizzontale;Sereno;Normale;Buona;;0;0;0;3;12.4726;41.9123;-1;2;Autocarro inferiore 35 q.;In marcia / fermata / arresto;Conducente;M;Illeso;0;;Non accertato;Inesploso
5498424;2;02/07/2021 16:10:00;Strada Urbana;LUNGOTEVERE ARNALDO DA BRESCIA;all'intersezione con;LUNGOTEVERE ARNALDO DA BRESCIA;LUNGOTEVERE ARNALDO DA BRESCIA;;;Scontro laterale fra veicoli in marcia;Incrocio;Pi� di due carreggiate;Asciutto;Asfaltata;Verticale ed orizzontale;Sereno;Normale;Buona;;0;0;0;3;12.4726;41.9123;-1;2;Autocarro inferiore 35 q.;In marcia / fermata / arresto;Passeggero;M;Illeso;0;;Non accertato;Inesploso
5498424;2;02/07/2021 16:10:00;Strada Urbana;LUNGOTEVERE ARNALDO DA BRESCIA;all'intersezione con;LUNGOTEVERE ARNALDO DA BRESCIA;LUNGOTEVERE ARNALDO DA BRESCIA;;;Scontro laterale fra veicoli in marcia;Incrocio;Pi� di due carreggiate;Asciutto;Asfaltata;Verticale ed orizzontale;Sereno;Normale;Buona;;0;0;0;3;12.4726;41.9123;-1;3;Autovettura privata;Sosta;;;;;;;
5498429;2;02/07/2021 07:20:00;Strada Urbana;VIA DEI PRATI FISCALI;all'intersezione con;VIA SALARIA;VIA SALARIA;;;Scontro laterale fra veicoli in marcia;Incrocio;Due carreggiate;Asciutto;Asfaltata;Verticale ed orizzontale;Sereno;Normale;Buona;;0;0;0;2;12.5165;41.9461;-1;1;Autovettura con rimorchio;In marcia / fermata / arresto;Conducente;M;Illeso;0;;Non accertato;Inesploso
5498429;2;02/07/2021 07:20:00;Strada Urbana;VIA DEI PRATI FISCALI;all'intersezione con;VIA SALARIA;VIA SALARIA;;;Scontro laterale fra veicoli in marcia;Incrocio;Due carreggiate;Asciutto;Asfaltata;Verticale ed orizzontale;Sereno;Normale;Buona;;0;0;0;2;12.5165;41.9461;-1;2;Autovettura privata;In marcia / fermata / arresto;Conducente;M;Illeso;0;;Non accertato;Inesploso
5498433;13;04/07/2021 10:10:00;Strada Urbana;VIA DI DRAGONE;da specificare;;;;PROSS. VIA CHAELES LENORMANT;Scontro frontale fra veicoli in marcia;Curva senza visuale libera;Una carreggiata a doppio senso;Asciutto;Asfaltata;Verticale ed orizzontale;Sereno;Normale;Insufficiente;;2;0;0;4;12.3326;41.7834;-1;1;Autovettura privata;In marcia / fermata / arresto;Conducente;M;Illeso;0;;Non accertato;Inesploso
5498433;13;04/07/2021 10:10:00;Strada Urbana;VIA DI DRAGONE;da specificare;;;;PROSS. VIA CHAELES LENORMANT;Scontro frontale fra veicoli in marcia;Curva senza visuale libera;Una carreggiata a doppio senso;Asciutto;Asfaltata;Verticale ed orizzontale;Sereno;Normale;Insufficiente;;2;0;0;4;12.3326;41.7834;-1;1;Autovettura privata;In marcia / fermata / arresto;Passeggero;F;Rimandato;0;NON DECEDUTO;Non accertato;Inesploso
5498433;13;04/07/2021 10:10:00;Strada Urbana;VIA DI DRAGONE;da specificare;;;;PROSS. VIA CHAELES LENORMANT;Scontro frontale fra veicoli in marcia;Curva senza visuale libera;Una carreggiata a doppio senso;Asciutto;Asfaltata;Verticale ed orizzontale;Sereno;Normale;Insufficiente;;2;0;0;4;12.3326;41.7834;-1;1;Autovettura privata;In marcia / fermata / arresto;Passeggero;F;Rimandato;0;NON DECEDUTO;Non accertato;Inesploso
5498433;13;04/07/2021 10:10:00;Strada Urbana;VIA DI DRAGONE;da specificare;;;;PROSS. VIA CHAELES LENORMANT;Scontro frontale fra veicoli in marcia;Curva senza visuale libera;Una carreggiata a doppio senso;Asciutto;Asfaltata;Verticale ed orizzontale;Sereno;Normale;Insufficiente;;2;0;0;4;12.3326;41.7834;-1;1;Autovettura privata;In marcia / fermata / arresto;Passeggero;M;Illeso;0;;Non accertato;Inesploso
5498433;13;04/07/2021 10:10:00;Strada Urbana;VIA DI DRAGONE;da specificare;;;;PROSS. VIA CHAELES LENORMANT;Scontro frontale fra veicoli in marcia;Curva senza visuale libera;Una carreggiata a doppio senso;Asciutto;Asfaltata;Verticale ed orizzontale;Sereno;Normale;Insufficiente;;2;0;0;4;12.3326;41.7834;-1;2;Autovettura privata;In marcia / fermata / arresto;Conducente;M;Illeso;0;;Non accertato;Inesploso
5498433;13;04/07/2021 10:10:00;Strada Urbana;VIA DI DRAGONE;da specificare;;;;PROSS. VIA CHAELES LENORMANT;Scontro frontale fra veicoli in marcia;Curva senza visuale libera;Una carreggiata a doppio senso;Asciutto;Asfaltata;Verticale ed orizzontale;Sereno;Normale;Insufficiente;;2;0;0;4;12.3326;41.7834;-1;2;Autovettura privata;In marcia / fermata / arresto;Passeggero;F;Illeso;0;;Non accertato;Inesploso
5498434;2;04/07/2021 15:45:00;Strada Urbana;LUNGOTEVERE FLAMINIO;all'intersezione con;PONTE DEL RISORGIMENTO;PONTE DEL RISORGIMENTO;;;Scontro laterale fra veicoli in marcia;Incrocio;Una carreggiata a senso unico di marcia;Asciutto;Asfaltata;Verticale ed orizzontale;Sereno;Scarso;Buona;;0;0;0;3;12.4661;41.9238;-1;1;Autovettura privata;In marcia / fermata / arresto;Conducente;M;Illeso;0;;Non accertato;Inesploso
5498434;2;04/07/2021 15:45:00;Strada Urbana;LUNGOTEVERE FLAMINIO;all'intersezione con;PONTE DEL RISORGIMENTO;PONTE DEL RISORGIMENTO;;;Scontro laterale fra veicoli in marcia;Incrocio;Una carreggiata a senso unico di marcia;Asciutto;Asfaltata;Verticale ed orizzontale;Sereno;Scarso;Buona;;0;0;0;3;12.4661;41.9238;-1;2;Autovettura privata;In marcia / fermata / arresto;Conducente;M;Illeso;0;;Esente;Inesploso
5498434;2;04/07/2021 15:45:00;Strada Urbana;LUNGOTEVERE FLAMINIO;all'intersezione con;PONTE DEL RISORGIMENTO;PONTE DEL RISORGIMENTO;;;Scontro laterale fra veicoli in marcia;Incrocio;Una carreggiata a senso unico di marcia;Asciutto;Asfaltata;Verticale ed orizzontale;Sereno;Scarso;Buona;;0;0;0;3;12.4661;41.9238;-1;2;Autovettura privata;In marcia / fermata / arresto;Passeggero;F;Illeso;0;;Non accertato;Inesploso
5498473;5;04/07/2021 12:30:00;Strada Urbana;VIA TIBURTINA;da specificare;;;;dir. GRA 50 mt prima Via Fossacesia;Scontro laterale fra veicoli in marcia;Rettilineo;Pi� di due carreggiate;Asciutto;Asfaltata;Verticale ed orizzontale;Sereno;Normale;Buona;;0;0;0;2;12.5741;41.9258;-1;1;Autovettura privata;In marcia / fermata / arresto;Conducente;M;Illeso;0;;;
5498473;5;04/07/2021 12:30:00;Strada Urbana;VIA TIBURTINA;da specificare;;;;dir. GRA 50 mt prima Via Fossacesia;Scontro laterale fra veicoli in marcia;Rettilineo;Pi� di due carreggiate;Asciutto;Asfaltata;Verticale ed orizzontale;Sereno;Normale;Buona;;0;0;0;2;12.5741;41.9258;-1;2;Autobus di linea;In marcia / fermata / arresto;Conducente;M;Illeso;0;;;
5498475;17;03/07/2021 01:00:00;Strada Urbana;PIAZZALE CLODIO;in prossimit�;;del civico n.;18;;Scontro frontale/laterale SX fra veicoli in marcia;Rettilineo;Una carreggiata a senso unico di marcia;Asciutto;Asfaltata;Verticale ed orizzontale;Sereno;Scarso;Sufficiente;;0;0;0;2;12.4538;41.9157;-1;1;Autovettura privata;In marcia / fermata / arresto;Conducente;M;Illeso;0;;;
5498475;17;03/07/2021 01:00:00;Strada Urbana;PIAZZALE CLODIO;in prossimit�;;del civico n.;18;;Scontro frontale/laterale SX fra veicoli in marcia;Rettilineo;Una carreggiata a senso unico di marcia;Asciutto;Asfaltata;Verticale ed orizzontale;Sereno;Scarso;Sufficiente;;0;0;0;2;12.4538;41.9157;-1;2;Autovettura privata;In marcia / fermata / arresto;Conducente;M;Illeso;0;;;
5498476;18;04/07/2021 02:15:00;Strada Urbana;VIA CORNELIA;in prossimit�;;del civico n.;116;;Veicolo in marcia contro veicolo in sosta;Rettilineo;Una carreggiata a doppio senso;Asciutto;Asfaltata;Verticale ed orizzontale;Sereno;Scarso;Sufficiente;;0;0;0;1;12.3915;41.9044;-1;1;Autovettura privata;In marcia / fermata / arresto;Conducente;F;Illeso;0;;Non accertato;Inesploso
5498476;18;04/07/2021 02:15:00;Strada Urbana;VIA CORNELIA;in prossimit�;;del civico n.;116;;Veicolo in marcia contro veicolo in sosta;Rettilineo;Una carreggiata a doppio senso;Asciutto;Asfaltata;Verticale ed orizzontale;Sereno;Scarso;Sufficiente;;0;0;0;1;12.3915;41.9044;-1;2;Autovettura privata;Sosta;;;;;;;
5498490;12;02/07/2021 10:05:00;Strada Urbana;VIA CAMUS;in corrispondenza;;del civico n.;265;;Scontro frontale fra veicoli in marcia;Rettilineo;Una carreggiata a doppio senso;Asciutto;Asfaltata;Assente;Sereno;Scarso;Buona;;0;0;0;3;12.4645;41.811;-1;1;Autocarro inferiore 35 q.;In marcia / fermata / arresto;Conducente;M;Illeso;0;;;
5498490;12;02/07/2021 10:05:00;Strada Urbana;VIA CAMUS;in corrispondenza;;del civico n.;265;;Scontro frontale fra veicoli in marcia;Rettilineo;Una carreggiata a doppio senso;Asciutto;Asfaltata;Assente;Sereno;Scarso;Buona;;0;0;0;3;12.4645;41.811;-1;1;Autocarro inferiore 35 q.;In marcia / fermata / arresto;Passeggero;M;Illeso;0;;;
5498490;12;02/07/2021 10:05:00;Strada Urbana;VIA CAMUS;in corrispondenza;;del civico n.;265;;Scontro frontale fra veicoli in marcia;Rettilineo;Una carreggiata a doppio senso;Asciutto;Asfaltata;Assente;Sereno;Scarso;Buona;;0;0;0;3;12.4645;41.811;-1;2;Autocarro inferiore 35 q.;In marcia / fermata / arresto;Conducente;M;Illeso;0;;;
5498492;5;04/07/2021 16:00:00;Strada Urbana;VIA FOSSACESIA;in prossimit�;;del civico n.;23;;Veicolo in marcia contro veicoli in sosta;Curva senza visuale libera;Una carreggiata a senso unico di marcia;Asciutto;Asfaltata;Verticale;Sereno;Normale;Sufficiente;;0;0;0;2;12.5755;41.9254;-1;1;Autovettura privata;Sosta;;;;;;;
5498492;5;04/07/2021 16:00:00;Strada Urbana;VIA FOSSACESIA;in prossimit�;;del civico n.;23;;Veicolo in marcia contro veicoli in sosta;Curva senza visuale libera;Una carreggiata a senso unico di marcia;Asciutto;Asfaltata;Verticale;Sereno;Normale;Sufficiente;;0;0;0;2;12.5755;41.9254;-1;2;Autocarro inferiore 35 q.;In marcia / fermata / arresto;Conducente;M;Illeso;0;;Non accertato;
5498492;5;04/07/2021 16:00:00;Strada Urbana;VIA FOSSACESIA;in prossimit�;;del civico n.;23;;Veicolo in marcia contro veicoli in sosta;Curva senza visuale libera;Una carreggiata a senso unico di marcia;Asciutto;Asfaltata;Verticale;Sereno;Normale;Sufficiente;;0;0;0;2;12.5755;41.9254;-1;2;Autocarro inferiore 35 q.;In marcia / fermata / arresto;Passeggero;M;Illeso;0;;Non accertato;
5498500;18;04/07/2021 13:30:00;Strada Urbana;VIA DI TORREVECCHIA;in corrispondenza;;del civico n.;1221;;Scontro frontale/laterale SX fra veicoli in marcia;Curva senza visuale libera;Una carreggiata a doppio senso;Asciutto;Asfaltata;Verticale ed orizzontale;Nuvoloso;Normale;Buona;;0;0;0;2;12.3998;41.9115;-1;1;Autovettura privata;In marcia / fermata / arresto;Conducente;M;Illeso;0;;;
5498500;18;04/07/2021 13:30:00;Strada Urbana;VIA DI TORREVECCHIA;in corrispondenza;;del civico n.;1221;;Scontro frontale/laterale SX fra veicoli in marcia;Curva senza visuale libera;Una carreggiata a doppio senso;Asciutto;Asfaltata;Verticale ed orizzontale;Nuvoloso;Normale;Buona;;0;0;0;2;12.3998;41.9115;-1;2;Autovettura privata;In marcia / fermata / arresto;Conducente;M;Illeso;0;;;
5498506;12;05/07/2021 08:00:00;Strada Urbana;VIA MATTEO BARTOLI;all'intersezione con;VIA DELLA DIVISIONE TORINO;VIA DELLA DIVISIONE TORINO;;;Scontro frontale/laterale DX fra veicoli in marcia;Incrocio;Una carreggiata a doppio senso;Asciutto;Asfaltata;Verticale ed orizzontale;Sereno;Scarso;Buona;;1;0;0;1;12.4888;41.8185;-1;1;Autocarro inferiore 35 q.;In marcia / fermata / arresto;Conducente;M;Illeso;0;;Non utilizzato;Inesploso
5498506;12;05/07/2021 08:00:00;Strada Urbana;VIA MATTEO BARTOLI;all'intersezione con;VIA DELLA DIVISIONE TORINO;VIA DELLA DIVISIONE TORINO;;;Scontro frontale/laterale DX fra veicoli in marcia;Incrocio;Una carreggiata a doppio senso;Asciutto;Asfaltata;Verticale ed orizzontale;Sereno;Scarso;Buona;;1;0;0;1;12.4888;41.8185;-1;2;Autovettura privata;In marcia / fermata / arresto;Conducente;M;Rimandato;0;NON DECEDUTO;Non accertato;Inesploso