Protocollo;Gruppo;DataOraIncidente;Localizzazione1;STRADA1;Localizzazione2;STRADA2;Strada02;Chilometrica;DaSpecificare;NaturaIncidente;particolaritastrade;TipoStrada;FondoStradale;Pavimentazione;Segnaletica;CondizioneAtmosferica;Traffico;Visibilita;Illuminazione;NUM_FERITI;NUM_RISERVATA;NUM_MORTI;NUM_ILLESI;Longitudine;Latitudine;Confermato;Progressivo;TipoVeicolo;StatoVeicolo;TipoPersona;Sesso;Tipolesione;Deceduto;DecedutoDopo;CinturaCascoUtilizzato;Airbag;
5500399;1;05/07/2021 09:23:00;Strada Urbana;VIA PRINCIPESSA CLOTILDE;in prossimit�;;del civico n.;7;;Veicolo in marcia contro veicolo in sosta;Rettilineo;Una carreggiata a senso unico di marcia;Asciutto;Asfaltata;Verticale ed orizzontale;Sereno;Scarso;Buona;;0;0;0;1;12.4749;41.9106;-1;1;Autocarro inferiore 35 q.;In marcia / fermata / arresto;Conducente;M;Illeso;0;;Non accertato;Inesploso
5500399;1;05/07/2021 09:23:00;Strada Urbana;VIA PRINCIPESSA CLOTILDE;in prossimit�;;del civico n.;7;;Veicolo in marcia contro veicolo in sosta;Rettilineo;Una carreggiata a senso unico di marcia;Asciutto;Asfaltata;Verticale ed orizzontale;Sereno;Scarso;Buona;;0;0;0;1;12.4749;41.9106;-1;2;Autovettura privata;Sosta;;;;;;;
5500422;1;05/07/2021 20:40:00;Strada Urbana;CORSO VITTORIO EMANUELE II;in prossimit�;;del civico n.;304 B;;Investimento di pedone;Rettilineo;Una carreggiata a doppio senso;Asciutto;Asfaltata;Verticale ed orizzontale;Sereno;Normale;Buona;;1;0;0;1;12.4668;41.8993;-1;;;;Pedone;M;Rimandato;0;NON DECEDUTO;;
5500422;1;05/07/2021 20:40:00;Strada Urbana;CORSO VITTORIO EMANUELE II;in prossimit�;;del civico n.;304 B;;Investimento di pedone;Rettilineo;Una carreggiata a doppio senso;Asciutto;Asfaltata;Verticale ed orizzontale;Sereno;Normale;Buona;;1;0;0;1;12.4668;41.8993;-1;1;Motociclo a solo;In marcia / fermata / arresto;Conducente;M;Illeso;0;;;
5500431;17;05/07/2021 14:00:00;Strada Urbana;VIA PIETRO DELLA VALLE;in prossimit�;;del civico n.;9;;Veicolo in marcia contro veicoli in sosta;Rettilineo;Una carreggiata a senso unico di marcia;Asciutto;Asfaltata;Verticale ed orizzontale;Sereno;Normale;Buona;;0;0;0;0;12.465;41.9051;-1;1;Autovettura privata;Sosta;;;;;;;
5500431;17;05/07/2021 14:00:00;Strada Urbana;VIA PIETRO DELLA VALLE;in prossimit�;;del civico n.;9;;Veicolo in marcia contro veicoli in sosta;Rettilineo;Una carreggiata a senso unico di marcia;Asciutto;Asfaltata;Verticale ed orizzontale;Sereno;Normale;Buona;;0;0;0;0;12.465;41.9051;-1;2;Autovettura privata;Sosta;;;;;;;
5500461;1;05/07/2021 09:20:00;Strada Urbana;VIA VICENZA;all'intersezione con;VIA DEI MILLE;VIA DEI MILLE;;;Veicolo in marcia contro veicolo in sosta;Incrocio;Una carreggiata a senso unico di marcia;Asciutto;Asfaltata;Verticale ed orizzontale;Sereno;Normale;Buona;;0;0;0;1;12.5035;41.9036;-1;1;Autovettura privata;In marcia / fermata / arresto;Conducente;M;Illeso;0;;Non accertato;Inesploso
5500461;1;05/07/2021 09:20:00;Strada Urbana;VIA VICENZA;all'intersezione con;VIA DEI MILLE;VIA DEI MILLE;;;Veicolo in marcia contro veicolo in sosta;Incrocio;Una carreggiata a senso unico di marcia;Asciutto;Asfaltata;Verticale ed orizzontale;Sereno;Normale;Buona;;0;0;0;1;12.5035;41.9036;-1;2;Autocarro inferiore 35 q.;Sosta;;;;;;;
5500500;18;06/07/2021 12:00:00;Strada Urbana;VIA DI BOCCEA;in prossimit�;;del civico n.;13;;Scontro laterale fra veicoli in marcia;Rettilineo;Una carreggiata a doppio senso;Asciutto;Asfaltata;Verticale ed orizzontale;Sereno;Normale;Buona;;0;0;0;2;12.4292;41.8991;-1;1;Motociclo a solo;In marcia / fermata / arresto;Conducente;M;Illeso;0;;Non accertato;
5500500;18;06/07/2021 12:00:00;Strada Urbana;VIA DI BOCCEA;in prossimit�;;del civico n.;13;;Scontro laterale fra veicoli in marcia;Rettilineo;Una carreggiata a doppio senso;Asciutto;Asfaltata;Verticale ed orizzontale;Sereno;Normale;Buona;;0;0;0;2;12.4292;41.8991;-1;2;Autovettura privata;Allontanatosi;Conducente;M;Illeso;0;;Non accertato;Inesploso
5500523;9;06/07/2021 12:00:00;Strada Urbana;VIA MONZA;in prossimit�;;del civico n.;17;;Investimento di pedone;Rettilineo;Una carreggiata a doppio senso;Asciutto;Asfaltata;Verticale ed orizzontale;Sereno;Normale;Buona;;1;0;0;1;12.5156;41.8854;-1;;;;Pedone;M;Rimandato;0;NON DECEDUTO;;
5500523;9;06/07/2021 12:00:00;Strada Urbana;VIA MONZA;in prossimit�;;del civico n.;17;;Investimento di pedone;Rettilineo;Una carreggiata a doppio senso;Asciutto;Asfaltata;Verticale ed orizzontale;Sereno;Normale;Buona;;1;0;0;1;12.5156;41.8854;-1;1;Autovettura privata;In marcia / fermata / arresto;Conducente;M;Illeso;0;;Non accertato;Inesploso
5500530;12;06/07/2021 07:20:00;Strada Urbana;VIA CRISTOFORO COLOMBO;all'intersezione semaforizzata con;VIALE EUROPA;VIALE EUROPA;;;Scontro frontale/laterale DX fra veicoli in marcia;Incrocio;Due carreggiate;Asciutto;Asfaltata;Verticale ed orizzontale;Sereno;Intenso;Buona;;0;0;0;2;12.4536;41.8089;-1;1;Autovettura privata;In marcia / fermata / arresto;Conducente;F;Illeso;0;;Utilizzato;Inesploso
5500530;12;06/07/2021 07:20:00;Strada Urbana;VIA CRISTOFORO COLOMBO;all'intersezione semaforizzata con;VIALE EUROPA;VIALE EUROPA;;;Scontro frontale/laterale DX fra veicoli in marcia;Incrocio;Due carreggiate;Asciutto;Asfaltata;Verticale ed orizzontale;Sereno;Intenso;Buona;;0;0;0;2;12.4536;41.8089;-1;2;Autovettura privata;In marcia / fermata / arresto;Conducente;F;Illeso;0;;Utilizzato;Inesploso
5500687;6;06/07/2021 16:30:00;Provinciale entro l'abitato;VIA PRENESTINA;all'intersezione con;VIA GUGLIELMO ALBIMONTE;VIA GUGLIELMO ALBIMONTE;;;Scontro laterale fra veicoli in marcia;Incrocio;Pi� di due carreggiate;Asciutto;Asfaltata;Orizzontale;Sereno;Normale;Buona;;0;0;0;2;12.5313;41.8918;-1;1;Autovettura privata;In marcia / fermata / arresto;Conducente;M;Illeso;0;;Non accertato;Inesploso
5500687;6;06/07/2021 16:30:00;Provinciale entro l'abitato;VIA PRENESTINA;all'intersezione con;VIA GUGLIELMO ALBIMONTE;VIA GUGLIELMO ALBIMONTE;;;Scontro laterale fra veicoli in marcia;Incrocio;Pi� di due carreggiate;Asciutto;Asfaltata;Orizzontale;Sereno;Normale;Buona;;0;0;0;2;12.5313;41.8918;-1;2;Motociclo a solo;In marcia / fermata / arresto;Conducente;M;Illeso;0;;Non accertato;
5500744;15;06/07/2021 08:45:00;Strada Urbana;PIAZZA ENRICO FERMI;da specificare;;;;fronte civico 36;Tamponamento;Rettilineo;Due carreggiate;Asciutto;Asfaltata;Orizzontale;Sereno;Intenso;Buona;;0;0;0;3;12.4696;41.8643;-1;1;Autovettura privata;In marcia / fermata / arresto;Conducente;M;Illeso;0;;;Inesploso
5500744;15;06/07/2021 08:45:00;Strada Urbana;PIAZZA ENRICO FERMI;da specificare;;;;fronte civico 36;Tamponamento;Rettilineo;Due carreggiate;Asciutto;Asfaltata;Orizzontale;Sereno;Intenso;Buona;;0;0;0;3;12.4696;41.8643;-1;1;Autovettura privata;In marcia / fermata / arresto;Passeggero;F;Illeso;0;;;
5500744;15;06/07/2021 08:45:00;Strada Urbana;PIAZZA ENRICO FERMI;da specificare;;;;fronte civico 36;Tamponamento;Rettilineo;Due carreggiate;Asciutto;Asfaltata;Orizzontale;Sereno;Intenso;Buona;;0;0;0;3;12.4696;41.8643;-1;2;Autovettura privata;In marcia / fermata / arresto;Conducente;M;Illeso;0;;;Inesploso
5500761;1;06/07/2021 13:41:00;Strada Urbana;VIA RUGGERO BONGHI;all'intersezione con;VIA ANGELO POLIZIANO;VIA ANGELO POLIZIANO;;;Scontro frontale fra veicoli in marcia;Incrocio;Una carreggiata a senso unico di marcia;Asciutto;Asfaltata;Verticale ed orizzontale;Sereno;Scarso;Buona;;1;0;0;1;12.4995;41.8906;-1;1;Autovettura privata;In marcia / fermata / arresto;Conducente;M;Illeso;0;;Non accertato;Inesploso
5500761;1;06/07/2021 13:41:00;Strada Urbana;VIA RUGGERO BONGHI;all'intersezione con;VIA ANGELO POLIZIANO;VIA ANGELO POLIZIANO;;;Scontro frontale fra veicoli in marcia;Incrocio;Una carreggiata a senso unico di marcia;Asciutto;Asfaltata;Verticale ed orizzontale;Sereno;Scarso;Buona;;1;0;0;1;12.4995;41.8906;-1;2;Motociclo a solo;In marcia / fermata / arresto;Conducente;M;Rimandato;0;NON DECEDUTO;Non accertato;
5500773;1;06/07/2021 13:25:00;Strada Urbana;VIA ANNIA;all'intersezione con;VIA OSTILIA;VIA OSTILIA;;;Veicolo in marcia contro veicolo arresto;Incrocio;Una carreggiata a senso unico di marcia;Asciutto;Asfaltata;Verticale ed orizzontale;Sereno;Normale;Buona;;0;0;0;2;12.4948;41.8878;-1;1;Autovettura privata;In marcia / fermata / arresto;Conducente;F;Illeso;0;;Non accertato;Inesploso
5500773;1;06/07/2021 13:25:00;Strada Urbana;VIA ANNIA;all'intersezione con;VIA OSTILIA;VIA OSTILIA;;;Veicolo in marcia contro veicolo arresto;Incrocio;Una carreggiata a senso unico di marcia;Asciutto;Asfaltata;Verticale ed orizzontale;Sereno;Normale;Buona;;0;0;0;2;12.4948;41.8878;-1;1;Autovettura privata;In marcia / fermata / arresto;Passeggero;F;Illeso;0;;Non accertato;Inesploso
5500773;1;06/07/2021 13:25:00;Strada Urbana;VIA ANNIA;all'intersezione con;VIA OSTILIA;VIA OSTILIA;;;Veicolo in marcia contro veicolo arresto;Incrocio;Una carreggiata a senso unico di marcia;Asciutto;Asfaltata;Verticale ed orizzontale;Sereno;Normale;Buona;;0;0;0;2;12.4948;41.8878;-1;2;Autovettura privata;In marcia / fermata / arresto;;;;;;;
5500777;18;06/07/2021 14:25:00;Statale;VIA AURELIA;in prossimit�;;della chilometrica;9.9;;Ribaltamento senza urto contro ostacolo fisso;Pendenza;Due carreggiate;Asciutto;Asfaltata;Verticale ed orizzontale;Sereno;Intenso;Buona;;1;0;0;0;12.3618;41.8851;-1;1;Motociclo a solo;In marcia / fermata / arresto;Conducente;M;Rimandato;0;NON DECEDUTO;Non accertato;
5500789;13;05/07/2021 15:40:00;Provinciale;VIA OSTIENSE;da specificare;;;;prox km 25,100 della via del mare;Veicolo in marcia contro ostacolo accidentale;Rettilineo;Una carreggiata a doppio senso;Asciutto;Asfaltata;Verticale ed orizzontale;Sereno;Normale;Sufficiente;;0;0;0;1;12.4229;41.8109;-1;1;Autovettura privata;In marcia / fermata / arresto;Conducente;M;Illeso;0;;Non accertato;Inesploso
5500817;9;06/07/2021 14:00:00;;VIA APPIA NUOVA;in prossimit�;;del civico n.;520;;Scontro laterale fra veicoli in marcia;;;;;;;;;;0;0;0;2;12.5245;41.8732;0;1;Autovettura privata;In marcia / fermata / arresto;Conducente;F;Illeso;0;;Non accertato;Inesploso
5500817;9;06/07/2021 14:00:00;;VIA APPIA NUOVA;in prossimit�;;del civico n.;520;;Scontro laterale fra veicoli in marcia;;;;;;;;;;0;0;0;2;12.5245;41.8732;0;2;Autovettura privata;In marcia / fermata / arresto;Conducente;M;Illeso;0;;Non accertato;Inesploso
5500862;3;05/07/2021 18:45:00;Strada Urbana;VIA RODOLFO LANCIANI;all'intersezione con;LARGO RODOLFO LANCIANI;LARGO RODOLFO LANCIANI;;;Scontro frontale/laterale SX fra veicoli in marcia;Intersezione stradale segnalata;Due carreggiate;Asciutto;Asfaltata;Verticale ed orizzontale;Sereno;Normale;Buona;;1;0;0;2;12.5223;41.9212;-1;1;Autovettura privata;In marcia / fermata / arresto;Conducente;M;Rimandato;0;NON DECEDUTO;;
5500862;3;05/07/2021 18:45:00;Strada Urbana;VIA RODOLFO LANCIANI;all'intersezione con;LARGO RODOLFO LANCIANI;LARGO RODOLFO LANCIANI;;;Scontro frontale/laterale SX fra veicoli in marcia;Intersezione stradale segnalata;Due carreggiate;Asciutto;Asfaltata;Verticale ed orizzontale;Sereno;Normale;Buona;;1;0;0;2;12.5223;41.9212;-1;2;Autovettura privata;In marcia / fermata / arresto;Conducente;F;Illeso;0;;;
5500862;3;05/07/2021 18:45:00;Strada Urbana;VIA RODOLFO LANCIANI;all'intersezione con;LARGO RODOLFO LANCIANI;LARGO RODOLFO LANCIANI;;;Scontro frontale/laterale SX fra veicoli in marcia;Intersezione stradale segnalata;Due carreggiate;Asciutto;Asfaltata;Verticale ed orizzontale;Sereno;Normale;Buona;;1;0;0;2;12.5223;41.9212;-1;2;Autovettura privata;In marcia / fermata / arresto;Passeggero;F;Illeso;0;;;
5500898;3;05/07/2021 15:10:00;Strada Urbana;VIALE DELLO SCALO S. LORENZO;in corrispondenza;;del civico n.;21;;Veicolo in marcia contro veicolo in sosta;Rettilineo;Pi� di due carreggiate;Asciutto;Asfaltata;Verticale ed orizzontale;Sereno;Normale;Buona;;0;0;0;0;12.5162;41.8936;-1;1;Autocarro superiore 35 q.;Allontanatosi;;;;;;;
5500898;3;05/07/2021 15:10:00;Strada Urbana;VIALE DELLO SCALO S. LORENZO;in corrispondenza;;del civico n.;21;;Veicolo in marcia contro veicolo in sosta;Rettilineo;Pi� di due carreggiate;Asciutto;Asfaltata;Verticale ed orizzontale;Sereno;Normale;Buona;;0;0;0;0;12.5162;41.8936;-1;2;Autovettura privata;Sosta;;;;;;;
5501279;12;06/07/2021 21:55:00;Strada Urbana;VIA CINA;in prossimit�;;del civico n.;346;;Veicolo in marcia contro veicolo in sosta;Pendenza;Una carreggiata a doppio senso;Asciutto;Asfaltata;Verticale ed orizzontale;Sereno;Normale;Sufficiente;;0;0;0;1;12.4316;41.8106;-1;1;Autovettura privata;Sosta;;;;;;;
5501279;12;06/07/2021 21:55:00;Strada Urbana;VIA CINA;in prossimit�;;del civico n.;346;;Veicolo in marcia contro veicolo in sosta;Pendenza;Una carreggiata a doppio senso;Asciutto;Asfaltata;Verticale ed orizzontale;Sereno;Normale;Sufficiente;;0;0;0;1;12.4316;41.8106;-1;2;Autovettura privata;In marcia / fermata / arresto;Conducente;F;Illeso;0;;Non accertato;Inesploso
5501429;8;06/07/2021 08:55:00;Strada Urbana;VIA BORGHESIANA;all'intersezione semaforizzata con;VIA PRENESTINA;VIA PRENESTINA;;;Scontro laterale fra veicoli in marcia;Intersezione semaforizzata;Una carreggiata a doppio senso;Asciutto;Asfaltata;Verticale ed orizzontale;Sereno;Normale;Buona;;0;0;0;4;12.6668;41.8909;-1;1;Autovettura privata;In marcia / fermata / arresto;Conducente;M;Illeso;0;;Non accertato;Inesploso
5501429;8;06/07/2021 08:55:00;Strada Urbana;VIA BORGHESIANA;all'intersezione semaforizzata con;VIA PRENESTINA;VIA PRENESTINA;;;Scontro laterale fra veicoli in marcia;Intersezione semaforizzata;Una carreggiata a doppio senso;Asciutto;Asfaltata;Verticale ed orizzontale;Sereno;Normale;Buona;;0;0;0;4;12.6668;41.8909;-1;1;Autovettura privata;In marcia / fermata / arresto;Passeggero;F;Illeso;0;;Non accertato;Inesploso
5501429;8;06/07/2021 08:55:00;Strada Urbana;VIA BORGHESIANA;all'intersezione semaforizzata con;VIA PRENESTINA;VIA PRENESTINA;;;Scontro laterale fra veicoli in marcia;Intersezione semaforizzata;Una carreggiata a doppio senso;Asciutto;Asfaltata;Verticale ed orizzontale;Sereno;Normale;Buona;;0;0;0;4;12.6668;41.8909;-1;1;Autovettura privata;In marcia / fermata / arresto;Passeggero;M;Illeso;0;;Non accertato;Inesploso
5501429;8;06/07/2021 08:55:00;Strada Urbana;VIA BORGHESIANA;all'intersezione semaforizzata con;VIA PRENESTINA;VIA PRENESTINA;;;Scontro laterale fra veicoli in marcia;Intersezione semaforizzata;Una carreggiata a doppio senso;Asciutto;Asfaltata;Verticale ed orizzontale;Sereno;Normale;Buona;;0;0;0;4;12.6668;41.8909;-1;2;Autovettura privata;In marcia / fermata / arresto;Conducente;M;Illeso;0;;Non accertato;Inesploso
5501431;8;06/07/2021 10:00:00;Strada Urbana;VIALE FRANCESCO CALTAGIRONE;in prossimit�;;del civico n.;320;;Investimento di pedone;Rettilineo;Una carreggiata a senso unico di marcia;Asciutto;Asfaltata;Verticale ed orizzontale;Sereno;Scarso;Buona;;1;0;0;1;12.6567;41.9083;-1;;;;Pedone;F;Rimandato;0;NON DECEDUTO;;
5501431;8;06/07/2021 10:00:00;Strada Urbana;VIALE FRANCESCO CALTAGIRONE;in prossimit�;;del civico n.;320;;Investimento di pedone;Rettilineo;Una carreggiata a senso unico di marcia;Asciutto;Asfaltata;Verticale ed orizzontale;Sereno;Scarso;Buona;;1;0;0;1;12.6567;41.9083;-1;1;Autocarro inferiore 35 q.;In marcia / fermata / arresto;Conducente;M;Illeso;0;;Non accertato;Inesploso
5501433;8;06/07/2021 10:30:00;Strada Urbana;VIA ATANASIO SOLDATI;in prossimit�;;del civico n.;80;;Tamponamento Multiplo;Rettilineo;Una carreggiata a senso unico di marcia;Asciutto;Asfaltata;Verticale ed orizzontale;Sereno;Normale;Buona;;0;0;0;4;12.6168;41.9099;-1;1;Autovettura privata;In marcia / fermata / arresto;Conducente;M;Illeso;0;;Non accertato;Inesploso
5501433;8;06/07/2021 10:30:00;Strada Urbana;VIA ATANASIO SOLDATI;in prossimit�;;del civico n.;80;;Tamponamento Multiplo;Rettilineo;Una carreggiata a senso unico di marcia;Asciutto;Asfaltata;Verticale ed orizzontale;Sereno;Normale;Buona;;0;0;0;4;12.6168;41.9099;-1;2;Autovettura privata;In marcia / fermata / arresto;Conducente;M;Illeso;0;;Non accertato;Inesploso
5501433;8;06/07/2021 10:30:00;Strada Urbana;VIA ATANASIO SOLDATI;in prossimit�;;del civico n.;80;;Tamponamento Multiplo;Rettilineo;Una carreggiata a senso unico di marcia;Asciutto;Asfaltata;Verticale ed orizzontale;Sereno;Normale;Buona;;0;0;0;4;12.6168;41.9099;-1;3;Autovettura privata;In marcia / fermata / arresto;Conducente;F;Illeso;0;;Non accertato;Inesploso
5501433;8;06/07/2021 10:30:00;Strada Urbana;VIA ATANASIO SOLDATI;in prossimit�;;del civico n.;80;;Tamponamento Multiplo;Rettilineo;Una carreggiata a senso unico di marcia;Asciutto;Asfaltata;Verticale ed orizzontale;Sereno;Normale;Buona;;0;0;0;4;12.6168;41.9099;-1;3;Autovettura privata;In marcia / fermata / arresto;Passeggero;F;Illeso;0;;Non accertato;Inesploso
5501436;6;06/07/2021 20:55:00;Strada Urbana;VIA CASILINA;in prossimit�;;del civico n.;275;;Investimento di pedone;Rettilineo;Una carreggiata a senso unico di marcia;Asciutto;Asfaltata;Verticale ed orizzontale;Sereno;Normale;Buona;;2;0;0;0;12.5323;41.8836;-1;;;;Pedone;F;Ricoverato;0;NON DECEDUTO;;
5501436;6;06/07/2021 20:55:00;Strada Urbana;VIA CASILINA;in prossimit�;;del civico n.;275;;Investimento di pedone;Rettilineo;Una carreggiata a senso unico di marcia;Asciutto;Asfaltata;Verticale ed orizzontale;Sereno;Normale;Buona;;2;0;0;0;12.5323;41.8836;-1;1;Autovettura privata;In marcia / fermata / arresto;Conducente;M;Rifiuta cure immediate;0;NON DECEDUTO;Non accertato;Inesploso
5501437;8;06/07/2021 11:50:00;Strada Urbana;VIA DI SALONE;all'intersezione con;VIA COLLATINA;VIA COLLATINA;;;Tamponamento;Rotatoria;Una carreggiata a doppio senso;Asciutto;Asfaltata;Verticale ed orizzontale;Sereno;Normale;Buona;;1;0;0;2;12.6397;41.9113;-1;1;Autovettura privata;In marcia / fermata / arresto;Conducente;M;Illeso;0;;Non accertato;Inesploso
5501437;8;06/07/2021 11:50:00;Strada Urbana;VIA DI SALONE;all'intersezione con;VIA COLLATINA;VIA COLLATINA;;;Tamponamento;Rotatoria;Una carreggiata a doppio senso;Asciutto;Asfaltata;Verticale ed orizzontale;Sereno;Normale;Buona;;1;0;0;2;12.6397;41.9113;-1;1;Autovettura privata;In marcia / fermata / arresto;Passeggero;F;Rifiuta cure immediate;0;NON DECEDUTO;Non accertato;Inesploso
5501437;8;06/07/2021 11:50:00;Strada Urbana;VIA DI SALONE;all'intersezione con;VIA COLLATINA;VIA COLLATINA;;;Tamponamento;Rotatoria;Una carreggiata a doppio senso;Asciutto;Asfaltata;Verticale ed orizzontale;Sereno;Normale;Buona;;1;0;0;2;12.6397;41.9113;-1;2;Autovettura privata;In marcia / fermata / arresto;Conducente;M;Illeso;0;;Non accertato;Inesploso
5501438;8;06/07/2021 13:50:00;Strada Urbana;VIA DELLA TENUTA DI TORRENOVA;in prossimit�;;del civico n.;18;;Scontro laterale fra veicoli in marcia;Rettilineo;Una carreggiata a doppio senso;Asciutto;Asfaltata;Orizzontale;Sereno;Normale;Buona;;0;0;0;4;12.6134;41.8589;-1;1;Autovettura privata;In marcia / fermata / arresto;Conducente;F;Illeso;0;;Non accertato;Inesploso
5501438;8;06/07/2021 13:50:00;Strada Urbana;VIA DELLA TENUTA DI TORRENOVA;in prossimit�;;del civico n.;18;;Scontro laterale fra veicoli in marcia;Rettilineo;Una carreggiata a doppio senso;Asciutto;Asfaltata;Orizzontale;Sereno;Normale;Buona;;0;0;0;4;12.6134;41.8589;-1;1;Autovettura privata;In marcia / fermata / arresto;Passeggero;F;Illeso;0;;Non accertato;Inesploso
5501438;8;06/07/2021 13:50:00;Strada Urbana;VIA DELLA TENUTA DI TORRENOVA;in prossimit�;;del civico n.;18;;Scontro laterale fra veicoli in marcia;Rettilineo;Una carreggiata a doppio senso;Asciutto;Asfaltata;Orizzontale;Sereno;Normale;Buona;;0;0;0;4;12.6134;41.8589;-1;2;Autocarro inferiore 35 q.;In marcia / fermata / arresto;Conducente;M;Illeso;0;;Non accertato;Inesploso
5501438;8;06/07/2021 13:50:00;Strada Urbana;VIA DELLA TENUTA DI TORRENOVA;in prossimit�;;del civico n.;18;;Scontro laterale fra veicoli in marcia;Rettilineo;Una carreggiata a doppio senso;Asciutto;Asfaltata;Orizzontale;Sereno;Normale;Buona;;0;0;0;4;12.6134;41.8589;-1;2;Autocarro inferiore 35 q.;In marcia / fermata / arresto;Passeggero;M;Illeso;0;;Non accertato;Inesploso
5501440;8;06/07/2021 13:50:00;Strada Urbana;VIA DEL CASALE DI S. MARIA;all'intersezione con;VICOLO DI VALLE S. MARIA;VICOLO DI VALLE S. MARIA;;;Scontro frontale/laterale DX fra veicoli in marcia;Incrocio;Una carreggiata a doppio senso;Asciutto;Asfaltata;Orizzontale;Sereno;Scarso;Buona;;2;0;0;1;12.7072;41.8631;-1;1;Autovettura privata;In marcia / fermata / arresto;Conducente;M;Illeso;0;;;
5501440;8;06/07/2021 13:50:00;Strada Urbana;VIA DEL CASALE DI S. MARIA;all'intersezione con;VICOLO DI VALLE S. MARIA;VICOLO DI VALLE S. MARIA;;;Scontro frontale/laterale DX fra veicoli in marcia;Incrocio;Una carreggiata a doppio senso;Asciutto;Asfaltata;Orizzontale;Sereno;Scarso;Buona;;2;0;0;1;12.7072;41.8631;-1;1;Autovettura privata;In marcia / fermata / arresto;Passeggero;F;Rifiuta cure immediate;0;NON DECEDUTO;;
5501440;8;06/07/2021 13:50:00;Strada Urbana;VIA DEL CASALE DI S. MARIA;all'intersezione con;VICOLO DI VALLE S. MARIA;VICOLO DI VALLE S. MARIA;;;Scontro frontale/laterale DX fra veicoli in marcia;Incrocio;Una carreggiata a doppio senso;Asciutto;Asfaltata;Orizzontale;Sereno;Scarso;Buona;;2;0;0;1;12.7072;41.8631;-1;2;Motociclo a solo;In marcia / fermata / arresto;Conducente;M;Ricoverato;0;NON DECEDUTO;;
5501443;8;06/07/2021 16:20:00;Provinciale entro l'abitato;VIA PRENESTINA;da specificare;;;;altezza via di VALLE BAGNATA;Scontro laterale fra veicoli in marcia;Rettilineo;Una carreggiata a doppio senso;Asciutto;Asfaltata;Orizzontale;Sereno;Intenso;Buona;;0;0;0;2;12.6155;41.8933;-1;1;Autovettura privata;In marcia / fermata / arresto;Conducente;M;Illeso;0;;Non accertato;Inesploso
5501443;8;06/07/2021 16:20:00;Provinciale entro l'abitato;VIA PRENESTINA;da specificare;;;;altezza via di VALLE BAGNATA;Scontro laterale fra veicoli in marcia;Rettilineo;Una carreggiata a doppio senso;Asciutto;Asfaltata;Orizzontale;Sereno;Intenso;Buona;;0;0;0;2;12.6155;41.8933;-1;2;Autocarro superiore 35 q.;In marcia / fermata / arresto;Conducente;M;Illeso;0;;Non accertato;Inesploso
5501446;8;06/07/2021 17:20:00;Strada Urbana;VIA BORGHESIANA;all'intersezione con;VIA MESORACA;VIA MESORACA;;;Scontro frontale/laterale DX fra veicoli in marcia;Incrocio;Una carreggiata a doppio senso;Asciutto;Asfaltata;Verticale ed orizzontale;Sereno;Normale;Buona;;2;0;0;0;12.6738;41.8696;-1;1;Autovettura privata;In marcia / fermata / arresto;Conducente;M;Rifiuta cure immediate;0;NON DECEDUTO;Non accertato;Inesploso
5501446;8;06/07/2021 17:20:00;Strada Urbana;VIA BORGHESIANA;all'intersezione con;VIA MESORACA;VIA MESORACA;;;Scontro frontale/laterale DX fra veicoli in marcia;Incrocio;Una carreggiata a doppio senso;Asciutto;Asfaltata;Verticale ed orizzontale;Sereno;Normale;Buona;;2;0;0;0;12.6738;41.8696;-1;2;Autovettura privata;In marcia / fermata / arresto;Conducente;F;Rimandato;0;NON DECEDUTO;Non accertato;Inesploso
5501447;10;06/07/2021 13:15:00;Statale;VIA APPIA NUOVA;in prossimit�;;della chilometrica;15.3;;Tamponamento;Rettilineo;Due carreggiate;Asciutto;Asfaltata;Verticale ed orizzontale;Sereno;Normale;Buona;;1;0;0;1;12.5833;41.8011;-1;1;Autovettura privata;In marcia / fermata / arresto;Conducente;F;Rimandato;0;NON DECEDUTO;Non accertato;Inesploso
5501447;10;06/07/2021 13:15:00;Statale;VIA APPIA NUOVA;in prossimit�;;della chilometrica;15.3;;Tamponamento;Rettilineo;Due carreggiate;Asciutto;Asfaltata;Verticale ed orizzontale;Sereno;Normale;Buona;;1;0;0;1;12.5833;41.8011;-1;2;Autocarro inferiore 35 q.;In marcia / fermata / arresto;Conducente;M;Illeso;0;;Non accertato;Inesploso
5501450;20;07/07/2021 01:20:00;Strada Urbana;PIAZZALE DI PONTE MILVIO;in prossimit�;;del civico n.;43;;Tamponamento Multiplo;Rettilineo;Due carreggiate;Asciutto;Asfaltata;Orizzontale;Sereno;Intenso;Buona;;2;0;0;11;12.4665;41.937;-1;1;Autovettura privata;In marcia / fermata / arresto;Conducente;M;Illeso;0;;;
5501450;20;07/07/2021 01:20:00;Strada Urbana;PIAZZALE DI PONTE MILVIO;in prossimit�;;del civico n.;43;;Tamponamento Multiplo;Rettilineo;Due carreggiate;Asciutto;Asfaltata;Orizzontale;Sereno;Intenso;Buona;;2;0;0;11;12.4665;41.937;-1;1;Autovettura privata;In marcia / fermata / arresto;Passeggero;F;Rimandato;0;NON DECEDUTO;;
5501450;20;07/07/2021 01:20:00;Strada Urbana;PIAZZALE DI PONTE MILVIO;in prossimit�;;del civico n.;43;;Tamponamento Multiplo;Rettilineo;Due carreggiate;Asciutto;Asfaltata;Orizzontale;Sereno;Intenso;Buona;;2;0;0;11;12.4665;41.937;-1;2;Autovettura privata;In marcia / fermata / arresto;Conducente;M;Illeso;0;;;