Protocollo;Gruppo;DataOraIncidente;Localizzazione1;STRADA1;Localizzazione2;STRADA2;Strada02;Chilometrica;DaSpecificare;NaturaIncidente;particolaritastrade;TipoStrada;FondoStradale;Pavimentazione;Segnaletica;CondizioneAtmosferica;Traffico;Visibilita;Illuminazione;NUM_FERITI;NUM_RISERVATA;NUM_MORTI;NUM_ILLESI;Longitudine;Latitudine;Confermato;Progressivo;TipoVeicolo;StatoVeicolo;TipoPersona;Sesso;Tipolesione;Deceduto;DecedutoDopo;CinturaCascoUtilizzato;Airbag;
5501575;16;05/07/2021 18:35:00;Strada Urbana;VIA DI TORRE ROSSA;all'intersezione con;VIA AURELIA ANTICA;VIA AURELIA ANTICA;;;Scontro frontale/laterale DX fra veicoli in marcia;Intersezione stradale segnalata;Una carreggiata a doppio senso;Asciutto;Asfaltata;Verticale ed orizzontale;Sereno;Normale;Buona;;0;0;0;3;12.428;41.8931;-1;1;Autovettura privata;In marcia / fermata / arresto;Conducente;M;Illeso;0;;Non accertato;Inesploso
5501575;16;05/07/2021 18:35:00;Strada Urbana;VIA DI TORRE ROSSA;all'intersezione con;VIA AURELIA ANTICA;VIA AURELIA ANTICA;;;Scontro frontale/laterale DX fra veicoli in marcia;Intersezione stradale segnalata;Una carreggiata a doppio senso;Asciutto;Asfaltata;Verticale ed orizzontale;Sereno;Normale;Buona;;0;0;0;3;12.428;41.8931;-1;1;Autovettura privata;In marcia / fermata / arresto;Passeggero;F;Illeso;0;;Non accertato;Inesploso
5501575;16;05/07/2021 18:35:00;Strada Urbana;VIA DI TORRE ROSSA;all'intersezione con;VIA AURELIA ANTICA;VIA AURELIA ANTICA;;;Scontro frontale/laterale DX fra veicoli in marcia;Intersezione stradale segnalata;Una carreggiata a doppio senso;Asciutto;Asfaltata;Verticale ed orizzontale;Sereno;Normale;Buona;;0;0;0;3;12.428;41.8931;-1;2;Autovettura privata;In marcia / fermata / arresto;Conducente;M;Illeso;0;;Non accertato;Inesploso
5501576;11;06/07/2021 19:45:00;Strada Urbana;VIALE DI TOR MARANCIA;all'intersezione con;VIA VALERIA RUFINA;VIA VALERIA RUFINA;;;Scontro frontale/laterale DX fra veicoli in marcia;Incrocio;Pi� di due carreggiate;Asciutto;Asfaltata;Verticale;Sereno;Scarso;Buona;;0;0;0;4;12.4975;41.8552;-1;1;Autovettura privata;In marcia / fermata / arresto;Conducente;M;Illeso;0;;Non accertato;
5501576;11;06/07/2021 19:45:00;Strada Urbana;VIALE DI TOR MARANCIA;all'intersezione con;VIA VALERIA RUFINA;VIA VALERIA RUFINA;;;Scontro frontale/laterale DX fra veicoli in marcia;Incrocio;Pi� di due carreggiate;Asciutto;Asfaltata;Verticale;Sereno;Scarso;Buona;;0;0;0;4;12.4975;41.8552;-1;1;Autovettura privata;In marcia / fermata / arresto;Passeggero;F;Illeso;0;;Non accertato;
5501576;11;06/07/2021 19:45:00;Strada Urbana;VIALE DI TOR MARANCIA;all'intersezione con;VIA VALERIA RUFINA;VIA VALERIA RUFINA;;;Scontro frontale/laterale DX fra veicoli in marcia;Incrocio;Pi� di due carreggiate;Asciutto;Asfaltata;Verticale;Sereno;Scarso;Buona;;0;0;0;4;12.4975;41.8552;-1;1;Autovettura privata;In marcia / fermata / arresto;Passeggero;M;Illeso;0;;Non accertato;
5501576;11;06/07/2021 19:45:00;Strada Urbana;VIALE DI TOR MARANCIA;all'intersezione con;VIA VALERIA RUFINA;VIA VALERIA RUFINA;;;Scontro frontale/laterale DX fra veicoli in marcia;Incrocio;Pi� di due carreggiate;Asciutto;Asfaltata;Verticale;Sereno;Scarso;Buona;;0;0;0;4;12.4975;41.8552;-1;2;Autocarro inferiore 35 q.;In marcia / fermata / arresto;Conducente;M;Illeso;0;;Non accertato;
5501577;18;06/07/2021 22:15:00;Strada Urbana;VIA ANASTASIO II;in prossimit�;;del civico n.;268;;Investimento di pedone;Rettilineo;Due carreggiate;Asciutto;Asfaltata;Verticale ed orizzontale;Sereno;Normale;Sufficiente;;1;0;0;1;12.4425;41.9009;-1;;;;Pedone;M;Rimandato;0;NON DECEDUTO;;
5501577;18;06/07/2021 22:15:00;Strada Urbana;VIA ANASTASIO II;in prossimit�;;del civico n.;268;;Investimento di pedone;Rettilineo;Due carreggiate;Asciutto;Asfaltata;Verticale ed orizzontale;Sereno;Normale;Sufficiente;;1;0;0;1;12.4425;41.9009;-1;1;Autovettura privata;In marcia / fermata / arresto;Conducente;M;Illeso;0;;Non accertato;Inesploso
5501584;13;06/07/2021 18:00:00;Strada Urbana;VIA DEI VELIERI;all'intersezione con;VIA DELLE GONDOLE;VIA DELLE GONDOLE;;;Scontro frontale/laterale DX fra veicoli in marcia;Incrocio;Una carreggiata a senso unico di marcia;Asciutto;Asfaltata;Verticale ed orizzontale;Sereno;Normale;Buona;;3;0;0;3;12.2757;41.7365;-1;1;Autovettura privata;In marcia / fermata / arresto;Conducente;F;Illeso;0;;Non accertato;Inesploso
5501584;13;06/07/2021 18:00:00;Strada Urbana;VIA DEI VELIERI;all'intersezione con;VIA DELLE GONDOLE;VIA DELLE GONDOLE;;;Scontro frontale/laterale DX fra veicoli in marcia;Incrocio;Una carreggiata a senso unico di marcia;Asciutto;Asfaltata;Verticale ed orizzontale;Sereno;Normale;Buona;;3;0;0;3;12.2757;41.7365;-1;2;Autovettura privata;In marcia / fermata / arresto;Conducente;M;Rimandato;0;NON DECEDUTO;Non accertato;Inesploso
5501584;13;06/07/2021 18:00:00;Strada Urbana;VIA DEI VELIERI;all'intersezione con;VIA DELLE GONDOLE;VIA DELLE GONDOLE;;;Scontro frontale/laterale DX fra veicoli in marcia;Incrocio;Una carreggiata a senso unico di marcia;Asciutto;Asfaltata;Verticale ed orizzontale;Sereno;Normale;Buona;;3;0;0;3;12.2757;41.7365;-1;2;Autovettura privata;In marcia / fermata / arresto;Passeggero;F;Rimandato;0;NON DECEDUTO;Non accertato;Inesistente
5501584;13;06/07/2021 18:00:00;Strada Urbana;VIA DEI VELIERI;all'intersezione con;VIA DELLE GONDOLE;VIA DELLE GONDOLE;;;Scontro frontale/laterale DX fra veicoli in marcia;Incrocio;Una carreggiata a senso unico di marcia;Asciutto;Asfaltata;Verticale ed orizzontale;Sereno;Normale;Buona;;3;0;0;3;12.2757;41.7365;-1;2;Autovettura privata;In marcia / fermata / arresto;Passeggero;M;Illeso;0;;Non accertato;Inesistente
5501584;13;06/07/2021 18:00:00;Strada Urbana;VIA DEI VELIERI;all'intersezione con;VIA DELLE GONDOLE;VIA DELLE GONDOLE;;;Scontro frontale/laterale DX fra veicoli in marcia;Incrocio;Una carreggiata a senso unico di marcia;Asciutto;Asfaltata;Verticale ed orizzontale;Sereno;Normale;Buona;;3;0;0;3;12.2757;41.7365;-1;2;Autovettura privata;In marcia / fermata / arresto;Passeggero;M;Illeso;0;;Non accertato;Inesistente
5501584;13;06/07/2021 18:00:00;Strada Urbana;VIA DEI VELIERI;all'intersezione con;VIA DELLE GONDOLE;VIA DELLE GONDOLE;;;Scontro frontale/laterale DX fra veicoli in marcia;Incrocio;Una carreggiata a senso unico di marcia;Asciutto;Asfaltata;Verticale ed orizzontale;Sereno;Normale;Buona;;3;0;0;3;12.2757;41.7365;-1;2;Autovettura privata;In marcia / fermata / arresto;Passeggero;M;Rimandato;0;NON DECEDUTO;Non accertato;Inesistente
5501601;5;06/07/2021 08:35:00;Strada Urbana;VIA GIACOMO PERONI;da specificare;;;;area parcheggio fr. civ. 2;Scontro laterale fra veicoli in marcia;Rettilineo;Una carreggiata a senso unico di marcia;Asciutto;Asfaltata;Verticale ed orizzontale;Sereno;Scarso;Buona;;0;0;0;2;12.6348;41.9342;-1;1;Autovettura privata;In marcia / fermata / arresto;Conducente;M;Illeso;0;;;
5501601;5;06/07/2021 08:35:00;Strada Urbana;VIA GIACOMO PERONI;da specificare;;;;area parcheggio fr. civ. 2;Scontro laterale fra veicoli in marcia;Rettilineo;Una carreggiata a senso unico di marcia;Asciutto;Asfaltata;Verticale ed orizzontale;Sereno;Scarso;Buona;;0;0;0;2;12.6348;41.9342;-1;2;Autovettura privata;In marcia / fermata / arresto;Conducente;M;Illeso;0;;;
5501603;19;06/07/2021 14:20:00;Strada Urbana;VIA TRIONFALE;in prossimit�;;del civico n.;8489;;Tamponamento;Rettilineo;Una carreggiata a senso unico di marcia;Asciutto;Asfaltata;Verticale ed orizzontale;Sereno;Normale;Buona;;2;0;0;0;12.4252;41.9386;-1;1;Motociclo con passeggero;In marcia / fermata / arresto;Conducente;M;Rimandato;0;NON DECEDUTO;Non accertato;
5501603;19;06/07/2021 14:20:00;Strada Urbana;VIA TRIONFALE;in prossimit�;;del civico n.;8489;;Tamponamento;Rettilineo;Una carreggiata a senso unico di marcia;Asciutto;Asfaltata;Verticale ed orizzontale;Sereno;Normale;Buona;;2;0;0;0;12.4252;41.9386;-1;2;Monopattino elettrico;In marcia / fermata / arresto;Conducente;M;Rimandato;0;NON DECEDUTO;Non accertato;
5501607;4;06/07/2021 09:40:00;Strada Urbana;VIA COMANO;all'intersezione con;VIA MOLAZZANA;VIA MOLAZZANA;;;Scontro frontale/laterale SX fra veicoli in marcia;Incrocio;Una carreggiata a doppio senso;Asciutto;Asfaltata;Verticale ed orizzontale;Sereno;Normale;Buona;;0;0;0;2;12.5162;41.9561;-1;1;Autobus di linea;In marcia / fermata / arresto;Conducente;M;Illeso;0;;;
5501607;4;06/07/2021 09:40:00;Strada Urbana;VIA COMANO;all'intersezione con;VIA MOLAZZANA;VIA MOLAZZANA;;;Scontro frontale/laterale SX fra veicoli in marcia;Incrocio;Una carreggiata a doppio senso;Asciutto;Asfaltata;Verticale ed orizzontale;Sereno;Normale;Buona;;0;0;0;2;12.5162;41.9561;-1;2;Autovettura privata;In marcia / fermata / arresto;Conducente;M;Illeso;0;;;
5501609;12;06/07/2021 13:20:00;Strada Urbana;VIA DI CASTEL DI LEVA;da specificare;;;;altezza Via Darwin;Tamponamento Multiplo;Rettilineo;Una carreggiata a doppio senso;Asciutto;Asfaltata;Verticale ed orizzontale;Sereno;Scarso;Buona;;1;0;0;2;12.5151;41.7869;-1;1;Autovettura privata;In marcia / fermata / arresto;Conducente;M;Illeso;0;;Utilizzato;Inesploso
5501609;12;06/07/2021 13:20:00;Strada Urbana;VIA DI CASTEL DI LEVA;da specificare;;;;altezza Via Darwin;Tamponamento Multiplo;Rettilineo;Una carreggiata a doppio senso;Asciutto;Asfaltata;Verticale ed orizzontale;Sereno;Scarso;Buona;;1;0;0;2;12.5151;41.7869;-1;2;Autovettura privata;In marcia / fermata / arresto;Conducente;F;Rifiuta cure immediate;0;NON DECEDUTO;Utilizzato;Inesploso
5501609;12;06/07/2021 13:20:00;Strada Urbana;VIA DI CASTEL DI LEVA;da specificare;;;;altezza Via Darwin;Tamponamento Multiplo;Rettilineo;Una carreggiata a doppio senso;Asciutto;Asfaltata;Verticale ed orizzontale;Sereno;Scarso;Buona;;1;0;0;2;12.5151;41.7869;-1;3;Autovettura privata;In marcia / fermata / arresto;Conducente;F;Illeso;0;;Utilizzato;Esploso
5501610;5;06/07/2021 11:00:00;Strada Urbana;VIA DI PORTONACCIO;da specificare;;;;fronte civico 198;Veicolo in marcia contro veicolo in sosta;Rettilineo;Due carreggiate;Asciutto;Asfaltata;Orizzontale;Sereno;Normale;Buona;;0;0;0;1;12.5398;41.8977;-1;1;Autovettura privata;In marcia / fermata / arresto;Conducente;F;Illeso;0;;;
5501610;5;06/07/2021 11:00:00;Strada Urbana;VIA DI PORTONACCIO;da specificare;;;;fronte civico 198;Veicolo in marcia contro veicolo in sosta;Rettilineo;Due carreggiate;Asciutto;Asfaltata;Orizzontale;Sereno;Normale;Buona;;0;0;0;1;12.5398;41.8977;-1;2;Autovettura privata;Sosta;;;;;;;
5501614;11;06/07/2021 20:30:00;Strada Urbana;VIA OSTIENSE;in prossimit�;;del civico n.;186;;Tamponamento;Rettilineo;Una carreggiata a senso unico di marcia;Asciutto;Asfaltata;Verticale ed orizzontale;Sereno;Scarso;Sufficiente;;0;0;0;6;12.4773;41.8576;-1;1;Autovettura privata;In marcia / fermata / arresto;Conducente;M;Illeso;0;;Non accertato;
5501614;11;06/07/2021 20:30:00;Strada Urbana;VIA OSTIENSE;in prossimit�;;del civico n.;186;;Tamponamento;Rettilineo;Una carreggiata a senso unico di marcia;Asciutto;Asfaltata;Verticale ed orizzontale;Sereno;Scarso;Sufficiente;;0;0;0;6;12.4773;41.8576;-1;1;Autovettura privata;In marcia / fermata / arresto;Passeggero;M;Illeso;0;;Non accertato;
5501614;11;06/07/2021 20:30:00;Strada Urbana;VIA OSTIENSE;in prossimit�;;del civico n.;186;;Tamponamento;Rettilineo;Una carreggiata a senso unico di marcia;Asciutto;Asfaltata;Verticale ed orizzontale;Sereno;Scarso;Sufficiente;;0;0;0;6;12.4773;41.8576;-1;1;Autovettura privata;In marcia / fermata / arresto;Passeggero;M;Illeso;0;;Non accertato;
5501614;11;06/07/2021 20:30:00;Strada Urbana;VIA OSTIENSE;in prossimit�;;del civico n.;186;;Tamponamento;Rettilineo;Una carreggiata a senso unico di marcia;Asciutto;Asfaltata;Verticale ed orizzontale;Sereno;Scarso;Sufficiente;;0;0;0;6;12.4773;41.8576;-1;2;Autovettura privata;In marcia / fermata / arresto;Conducente;M;Illeso;0;;Non accertato;
5501614;11;06/07/2021 20:30:00;Strada Urbana;VIA OSTIENSE;in prossimit�;;del civico n.;186;;Tamponamento;Rettilineo;Una carreggiata a senso unico di marcia;Asciutto;Asfaltata;Verticale ed orizzontale;Sereno;Scarso;Sufficiente;;0;0;0;6;12.4773;41.8576;-1;2;Autovettura privata;In marcia / fermata / arresto;Passeggero;F;Illeso;0;;Non accertato;
5501614;11;06/07/2021 20:30:00;Strada Urbana;VIA OSTIENSE;in prossimit�;;del civico n.;186;;Tamponamento;Rettilineo;Una carreggiata a senso unico di marcia;Asciutto;Asfaltata;Verticale ed orizzontale;Sereno;Scarso;Sufficiente;;0;0;0;6;12.4773;41.8576;-1;2;Autovettura privata;In marcia / fermata / arresto;Passeggero;F;Illeso;0;;Non accertato;
5501618;1;06/07/2021 16:15:00;Strada Urbana;VIALE MANZONI;in corrispondenza;;del civico n.;1;;Investimento di pedone;Rettilineo;Pi� di due carreggiate;Asciutto;Asfaltata;Verticale ed orizzontale;Sereno;Normale;Buona;;1;0;0;1;12.5042;41.8896;-1;;;;Pedone;M;Rimandato;0;NON DECEDUTO;;
5501618;1;06/07/2021 16:15:00;Strada Urbana;VIALE MANZONI;in corrispondenza;;del civico n.;1;;Investimento di pedone;Rettilineo;Pi� di due carreggiate;Asciutto;Asfaltata;Verticale ed orizzontale;Sereno;Normale;Buona;;1;0;0;1;12.5042;41.8896;-1;1;Autovettura privata;In marcia / fermata / arresto;Conducente;M;Illeso;0;;;
5501628;13;06/07/2021 15:50:00;Strada Urbana;VIA DEI VELIERI;all'intersezione con;VIA DEI TRAGHETTI;VIA DEI TRAGHETTI;;;Scontro frontale/laterale SX fra veicoli in marcia;Incrocio;Una carreggiata a senso unico di marcia;Asciutto;Asfaltata;Verticale ed orizzontale;Sereno;Normale;Buona;;1;0;0;3;12.2759;41.7369;-1;1;Autovettura privata;In marcia / fermata / arresto;Conducente;M;Illeso;0;;Non accertato;Inesploso
5501628;13;06/07/2021 15:50:00;Strada Urbana;VIA DEI VELIERI;all'intersezione con;VIA DEI TRAGHETTI;VIA DEI TRAGHETTI;;;Scontro frontale/laterale SX fra veicoli in marcia;Incrocio;Una carreggiata a senso unico di marcia;Asciutto;Asfaltata;Verticale ed orizzontale;Sereno;Normale;Buona;;1;0;0;3;12.2759;41.7369;-1;1;Autovettura privata;In marcia / fermata / arresto;Passeggero;M;Illeso;0;;Non accertato;Inesploso
5501628;13;06/07/2021 15:50:00;Strada Urbana;VIA DEI VELIERI;all'intersezione con;VIA DEI TRAGHETTI;VIA DEI TRAGHETTI;;;Scontro frontale/laterale SX fra veicoli in marcia;Incrocio;Una carreggiata a senso unico di marcia;Asciutto;Asfaltata;Verticale ed orizzontale;Sereno;Normale;Buona;;1;0;0;3;12.2759;41.7369;-1;1;Autovettura privata;In marcia / fermata / arresto;Passeggero;F;Rimandato;0;NON DECEDUTO;Non accertato;Inesploso
5501628;13;06/07/2021 15:50:00;Strada Urbana;VIA DEI VELIERI;all'intersezione con;VIA DEI TRAGHETTI;VIA DEI TRAGHETTI;;;Scontro frontale/laterale SX fra veicoli in marcia;Incrocio;Una carreggiata a senso unico di marcia;Asciutto;Asfaltata;Verticale ed orizzontale;Sereno;Normale;Buona;;1;0;0;3;12.2759;41.7369;-1;2;Autovettura privata;In marcia / fermata / arresto;Conducente;M;Illeso;0;;Non accertato;Inesploso
5501633;4;06/07/2021 12:00:00;Strada Urbana;PIAZZA PIER CARLO TALENTI;all'intersezione con;VIA ETTORE ROMAGNOLI;VIA ETTORE ROMAGNOLI;;;Scontro laterale fra veicoli in marcia;Intersezione semaforizzata;Due carreggiate;Asciutto;Asfaltata;Verticale ed orizzontale;Sereno;Normale;Buona;;0;0;0;3;12.5474;41.9441;-1;1;Autovettura privata;In marcia / fermata / arresto;Conducente;M;Illeso;0;;Non accertato;Inesploso
5501633;4;06/07/2021 12:00:00;Strada Urbana;PIAZZA PIER CARLO TALENTI;all'intersezione con;VIA ETTORE ROMAGNOLI;VIA ETTORE ROMAGNOLI;;;Scontro laterale fra veicoli in marcia;Intersezione semaforizzata;Due carreggiate;Asciutto;Asfaltata;Verticale ed orizzontale;Sereno;Normale;Buona;;0;0;0;3;12.5474;41.9441;-1;2;Autovettura privata;In marcia / fermata / arresto;Conducente;M;Illeso;0;;Non accertato;Inesploso
5501633;4;06/07/2021 12:00:00;Strada Urbana;PIAZZA PIER CARLO TALENTI;all'intersezione con;VIA ETTORE ROMAGNOLI;VIA ETTORE ROMAGNOLI;;;Scontro laterale fra veicoli in marcia;Intersezione semaforizzata;Due carreggiate;Asciutto;Asfaltata;Verticale ed orizzontale;Sereno;Normale;Buona;;0;0;0;3;12.5474;41.9441;-1;2;Autovettura privata;In marcia / fermata / arresto;Passeggero;F;Illeso;0;;;
5501636;18;06/07/2021 18:50:00;Strada Urbana;VIA DI ACQUAFREDDA;all'intersezione con;VIA RISERVA DELLA TORRETTA;VIA RISERVA DELLA TORRETTA;;;Tamponamento;Intersezione stradale segnalata;Una carreggiata a doppio senso;Asciutto;Asfaltata;Verticale ed orizzontale;Sereno;Scarso;Buona;;0;0;0;2;12.3956;41.8939;-1;1;Quadriciclo leggero;In marcia / fermata / arresto;Conducente;F;Illeso;0;;Non accertato;Inesploso
5501636;18;06/07/2021 18:50:00;Strada Urbana;VIA DI ACQUAFREDDA;all'intersezione con;VIA RISERVA DELLA TORRETTA;VIA RISERVA DELLA TORRETTA;;;Tamponamento;Intersezione stradale segnalata;Una carreggiata a doppio senso;Asciutto;Asfaltata;Verticale ed orizzontale;Sereno;Scarso;Buona;;0;0;0;2;12.3956;41.8939;-1;2;Autovettura privata;In marcia / fermata / arresto;Conducente;M;Illeso;0;;Non accertato;Inesploso
5501640;5;06/07/2021 18:30:00;Strada Urbana;VIA DI PIETRALATA;da specificare;;;;altezza Vigna Mangani;Scontro laterale fra veicoli in marcia;Curva senza visuale libera;Una carreggiata a doppio senso;Asciutto;Asfaltata;Assente;Sereno;Scarso;Buona;;1;0;0;2;12.5293;41.9269;-1;1;Autovettura privata;In marcia / fermata / arresto;Conducente;F;Illeso;0;;;
5501640;5;06/07/2021 18:30:00;Strada Urbana;VIA DI PIETRALATA;da specificare;;;;altezza Vigna Mangani;Scontro laterale fra veicoli in marcia;Curva senza visuale libera;Una carreggiata a doppio senso;Asciutto;Asfaltata;Assente;Sereno;Scarso;Buona;;1;0;0;2;12.5293;41.9269;-1;1;Autovettura privata;In marcia / fermata / arresto;Passeggero;F;Illeso;0;;;
5501640;5;06/07/2021 18:30:00;Strada Urbana;VIA DI PIETRALATA;da specificare;;;;altezza Vigna Mangani;Scontro laterale fra veicoli in marcia;Curva senza visuale libera;Una carreggiata a doppio senso;Asciutto;Asfaltata;Assente;Sereno;Scarso;Buona;;1;0;0;2;12.5293;41.9269;-1;2;Motociclo a solo;In marcia / fermata / arresto;Conducente;M;Rimandato;0;NON DECEDUTO;;
5501642;16;06/07/2021 10:00:00;Strada Urbana;VIA SILVESTRI;in prossimit�;;del civico n.;11;;Infortunio per sola frenata improvvisa;Rettilineo;Una carreggiata a doppio senso;Asciutto;Asfaltata;Verticale ed orizzontale;Sereno;Normale;Buona;;1;0;0;0;12.4371;41.8776;-1;1;Motociclo a solo;In marcia / fermata / arresto;Conducente;F;Rimandato;0;NON DECEDUTO;Non accertato;
5501667;7;06/07/2021 11:00:00;Strada Urbana;VIA DELLA RUSTICA;all'intersezione con;VIA NICANDRO;VIA NICANDRO;;;Scontro frontale/laterale SX fra veicoli in marcia;Incrocio;Una carreggiata a doppio senso;Asciutto;Asfaltata;Verticale ed orizzontale;Sereno;Normale;Buona;;0;0;0;2;12.6031;41.9115;-1;1;Autocarro superiore 35 q.;In marcia / fermata / arresto;Conducente;M;Illeso;0;;;
5501667;7;06/07/2021 11:00:00;Strada Urbana;VIA DELLA RUSTICA;all'intersezione con;VIA NICANDRO;VIA NICANDRO;;;Scontro frontale/laterale SX fra veicoli in marcia;Incrocio;Una carreggiata a doppio senso;Asciutto;Asfaltata;Verticale ed orizzontale;Sereno;Normale;Buona;;0;0;0;2;12.6031;41.9115;-1;2;Autovettura privata;In marcia / fermata / arresto;Conducente;M;Illeso;0;;;
5501667;7;06/07/2021 11:00:00;Strada Urbana;VIA DELLA RUSTICA;all'intersezione con;VIA NICANDRO;VIA NICANDRO;;;Scontro frontale/laterale SX fra veicoli in marcia;Incrocio;Una carreggiata a doppio senso;Asciutto;Asfaltata;Verticale ed orizzontale;Sereno;Normale;Buona;;0;0;0;2;12.6031;41.9115;-1;3;Autovettura privata;Sosta;;;;;;;
5501670;1;06/07/2021 20:15:00;Strada Urbana;PONTE REGINA MARGHERITA;da specificare;;;;altezza LGTEVERE DEI MELLINI;Investimento di pedone;Rettilineo;Una carreggiata a doppio senso;Asciutto;Asfaltata;Verticale ed orizzontale;Sereno;Normale;Buona;;1;0;0;1;12.4717;41.9096;-1;;;;Pedone;F;Rimandato;0;NON DECEDUTO;;
5501670;1;06/07/2021 20:15:00;Strada Urbana;PONTE REGINA MARGHERITA;da specificare;;;;altezza LGTEVERE DEI MELLINI;Investimento di pedone;Rettilineo;Una carreggiata a doppio senso;Asciutto;Asfaltata;Verticale ed orizzontale;Sereno;Normale;Buona;;1;0;0;1;12.4717;41.9096;-1;1;Motociclo a solo;In marcia / fermata / arresto;Conducente;F;Illeso;0;;Non accertato;
5501671;4;04/07/2021 13:29:00;Strada Urbana;VIA CONCA D'ORO;da specificare;;;;area parcheggio ATAC ridosso Ponte delle Valli;Veicolo in marcia contro ostacolo fisso;Rettilineo;Una carreggiata a senso unico di marcia;Asciutto;Asfaltata;Assente;Sereno;Scarso;Buona;;0;0;0;1;12.5269;41.9389;-1;1;Autobus di linea;In marcia / fermata / arresto;Conducente;M;Illeso;0;;;
5501685;3;06/07/2021 10:50:00;Strada Urbana;VIA DELLA LEGA LOMBARDA;in prossimit�;;del civico n.;55;;Tamponamento Multiplo;Rettilineo;Una carreggiata a doppio senso;Asciutto;Asfaltata;Verticale ed orizzontale;Sereno;Intenso;Buona;;0;0;0;3;12.523;41.909;-1;1;Autovettura privata;In marcia / fermata / arresto;Conducente;M;Illeso;0;;Non accertato;
5501685;3;06/07/2021 10:50:00;Strada Urbana;VIA DELLA LEGA LOMBARDA;in prossimit�;;del civico n.;55;;Tamponamento Multiplo;Rettilineo;Una carreggiata a doppio senso;Asciutto;Asfaltata;Verticale ed orizzontale;Sereno;Intenso;Buona;;0;0;0;3;12.523;41.909;-1;2;Autovettura privata;In marcia / fermata / arresto;Conducente;M;Illeso;0;;Non accertato;
5501685;3;06/07/2021 10:50:00;Strada Urbana;VIA DELLA LEGA LOMBARDA;in prossimit�;;del civico n.;55;;Tamponamento Multiplo;Rettilineo;Una carreggiata a doppio senso;Asciutto;Asfaltata;Verticale ed orizzontale;Sereno;Intenso;Buona;;0;0;0;3;12.523;41.909;-1;3;Autocarro inferiore 35 q.;In marcia / fermata / arresto;Conducente;M;Illeso;0;;Non accertato;
5501698;13;06/07/2021 18:50:00;Strada Urbana;VIA ANGELO ZOTTOLI;in corrispondenza;;del civico n.;12;;Scontro laterale fra veicoli in marcia;Rettilineo;Una carreggiata a senso unico di marcia;Asciutto;Asfaltata;Assente;Sereno;Normale;Sufficiente;;1;0;0;1;12.3636;41.784;-1;1;Velocipede;In marcia / fermata / arresto;Conducente;M;Rimandato;0;NON DECEDUTO;Esente;
5501698;13;06/07/2021 18:50:00;Strada Urbana;VIA ANGELO ZOTTOLI;in corrispondenza;;del civico n.;12;;Scontro laterale fra veicoli in marcia;Rettilineo;Una carreggiata a senso unico di marcia;Asciutto;Asfaltata;Assente;Sereno;Normale;Sufficiente;;1;0;0;1;12.3636;41.784;-1;2;Autovettura privata;Allontanatosi;Conducente;M;Illeso;0;;;
5501699;13;02/07/2021 17:00:00;Strada Urbana;VIA DI ACILIA;in corrispondenza;;del civico n.;121;;Tamponamento;Rettilineo;Una carreggiata a doppio senso;Asciutto;Asfaltata;Orizzontale;Sereno;Intenso;Buona;;0;0;0;2;12.3669;41.7805;-1;1;Autovettura privata;In marcia / fermata / arresto;Conducente;M;Illeso;0;;Non accertato;Inesploso
5501699;13;02/07/2021 17:00:00;Strada Urbana;VIA DI ACILIA;in corrispondenza;;del civico n.;121;;Tamponamento;Rettilineo;Una carreggiata a doppio senso;Asciutto;Asfaltata;Orizzontale;Sereno;Intenso;Buona;;0;0;0;2;12.3669;41.7805;-1;2;Motociclo a solo;In marcia / fermata / arresto;Conducente;M;Illeso;0;;Non accertato;
5501701;3;06/07/2021 15:30:00;Strada Urbana;VIA DELLA LEGA LOMBARDA;all'intersezione con;VIA ARDUINO;VIA ARDUINO;;;Scontro laterale fra veicoli in marcia;Intersezione semaforizzata;Due carreggiate;Asciutto;Asfaltata;Verticale ed orizzontale;Sereno;Normale;Buona;;0;0;0;2;12.5237;41.9087;-1;1;Autocarro inferiore 35 q.;In marcia / fermata / arresto;Conducente;M;Illeso;0;;Non accertato;
5501701;3;06/07/2021 15:30:00;Strada Urbana;VIA DELLA LEGA LOMBARDA;all'intersezione con;VIA ARDUINO;VIA ARDUINO;;;Scontro laterale fra veicoli in marcia;Intersezione semaforizzata;Due carreggiate;Asciutto;Asfaltata;Verticale ed orizzontale;Sereno;Normale;Buona;;0;0;0;2;12.5237;41.9087;-1;2;Motociclo a solo;In marcia / fermata / arresto;Conducente;F;Illeso;0;;Non accertato;
5501704;12;02/07/2021 19:50:00;Strada Urbana;PIAZZA GUIDO PIOVENE;da specificare;;;;in prossimit� via Carlo levi;Tamponamento;Rotatoria;Una carreggiata a senso unico di marcia;Asciutto;Asfaltata;Verticale ed orizzontale;Sereno;Normale;Buona;;1;0;0;1;12.4662;41.812;-1;1;Velocipede;In marcia / fermata / arresto;Conducente;M;Rimandato;0;NON DECEDUTO;Esente;
5501704;12;02/07/2021 19:50:00;Strada Urbana;PIAZZA GUIDO PIOVENE;da specificare;;;;in prossimit� via Carlo levi;Tamponamento;Rotatoria;Una carreggiata a senso unico di marcia;Asciutto;Asfaltata;Verticale ed orizzontale;Sereno;Normale;Buona;;1;0;0;1;12.4662;41.812;-1;2;Autovettura privata;In marcia / fermata / arresto;Conducente;M;Illeso;0;;;
5501705;17;05/07/2021 14:00:00;Strada Urbana;PIAZZA CAVOUR;in prossimit�;;del civico n.;16;;Veicolo in marcia contro veicoli in sosta;Rettilineo;Una carreggiata a doppio senso;Asciutto;Asfaltata;Verticale ed orizzontale;Sereno;Normale;Buona;;0;0;0;1;12.4686;41.9055;-1;1;Autovettura privata;In marcia / fermata / arresto;Conducente;M;Illeso;0;;;