Protocollo;Gruppo;DataOraIncidente;Localizzazione1;STRADA1;Localizzazione2;STRADA2;Strada02;Chilometrica;DaSpecificare;NaturaIncidente;particolaritastrade;TipoStrada;FondoStradale;Pavimentazione;Segnaletica;CondizioneAtmosferica;Traffico;Visibilita;Illuminazione;NUM_FERITI;NUM_RISERVATA;NUM_MORTI;NUM_ILLESI;Longitudine;Latitudine;Confermato;Progressivo;TipoVeicolo;StatoVeicolo;TipoPersona;Sesso;Tipolesione;Deceduto;DecedutoDopo;CinturaCascoUtilizzato;Airbag;
5507791;10;10/07/2021 16:30:00;Strada Urbana;VIA EMANUELE CARNEVALE;da specificare;;;;fr. civ. 47;Scontro laterale fra veicoli in marcia;Rettilineo;Una carreggiata a doppio senso;Asciutto;Asfaltata;Orizzontale;Sereno;Normale;Buona;;3;0;0;3;12.6038;41.8488;-1;3;Autovettura privata;In marcia / fermata / arresto;Passeggero;F;Illeso;0;;Non accertato;Inesploso
5507805;19;09/07/2021 03:20:00;Strada Urbana;VIA DELLA LUCCHINA;in prossimit�;;del civico n.;91;;Veicolo in marcia contro veicoli in sosta;Rettilineo;Una carreggiata a senso unico di marcia;Asciutto;Asfaltata;Assente;Sereno;Scarso;Sufficiente;;0;0;0;1;12.3998;41.9585;-1;1;Autovettura privata;In marcia / fermata / arresto;Conducente;M;Illeso;0;;;
5507805;19;09/07/2021 03:20:00;Strada Urbana;VIA DELLA LUCCHINA;in prossimit�;;del civico n.;91;;Veicolo in marcia contro veicoli in sosta;Rettilineo;Una carreggiata a senso unico di marcia;Asciutto;Asfaltata;Assente;Sereno;Scarso;Sufficiente;;0;0;0;1;12.3998;41.9585;-1;2;Autovettura privata;Sosta;;;;;;;
5507809;10;10/07/2021 20:30:00;Provinciale entro l'abitato;VIA ANAGNINA;all'intersezione semaforizzata con;VIA NIOBE;VIA NIOBE;;;Tamponamento;Intersezione semaforizzata;Due carreggiate;Asciutto;Asfaltata;Verticale ed orizzontale;Sereno;Normale;Buona;;0;0;0;4;12.6121;41.8196;-1;1;Autovettura privata;In marcia / fermata / arresto;Conducente;M;Illeso;0;;Non accertato;Inesploso
5507809;10;10/07/2021 20:30:00;Provinciale entro l'abitato;VIA ANAGNINA;all'intersezione semaforizzata con;VIA NIOBE;VIA NIOBE;;;Tamponamento;Intersezione semaforizzata;Due carreggiate;Asciutto;Asfaltata;Verticale ed orizzontale;Sereno;Normale;Buona;;0;0;0;4;12.6121;41.8196;-1;1;Autovettura privata;In marcia / fermata / arresto;Passeggero;F;Illeso;0;;Non accertato;Inesistente
5507809;10;10/07/2021 20:30:00;Provinciale entro l'abitato;VIA ANAGNINA;all'intersezione semaforizzata con;VIA NIOBE;VIA NIOBE;;;Tamponamento;Intersezione semaforizzata;Due carreggiate;Asciutto;Asfaltata;Verticale ed orizzontale;Sereno;Normale;Buona;;0;0;0;4;12.6121;41.8196;-1;1;Autovettura privata;In marcia / fermata / arresto;Passeggero;F;Illeso;0;;Non accertato;Inesploso
5507809;10;10/07/2021 20:30:00;Provinciale entro l'abitato;VIA ANAGNINA;all'intersezione semaforizzata con;VIA NIOBE;VIA NIOBE;;;Tamponamento;Intersezione semaforizzata;Due carreggiate;Asciutto;Asfaltata;Verticale ed orizzontale;Sereno;Normale;Buona;;0;0;0;4;12.6121;41.8196;-1;2;Autovettura privata;In marcia / fermata / arresto;Conducente;M;Illeso;0;;Non accertato;Inesploso
5507815;19;09/07/2021 13:00:00;Strada Urbana;VIA DI TORREVECCHIA;all'intersezione con;VIA MARIANO LUIGI PATRIZI;VIA MARIANO LUIGI PATRIZI;;;Scontro frontale/laterale SX fra veicoli in marcia;Incrocio;Una carreggiata a doppio senso;Asciutto;Asfaltata;Verticale ed orizzontale;Sereno;Normale;Buona;;0;0;0;2;12.4176;41.9294;-1;1;Autovettura privata;In marcia / fermata / arresto;Conducente;M;Illeso;0;;Non accertato;
5507815;19;09/07/2021 13:00:00;Strada Urbana;VIA DI TORREVECCHIA;all'intersezione con;VIA MARIANO LUIGI PATRIZI;VIA MARIANO LUIGI PATRIZI;;;Scontro frontale/laterale SX fra veicoli in marcia;Incrocio;Una carreggiata a doppio senso;Asciutto;Asfaltata;Verticale ed orizzontale;Sereno;Normale;Buona;;0;0;0;2;12.4176;41.9294;-1;2;Motociclo a solo;In marcia / fermata / arresto;Conducente;F;Illeso;0;;Non accertato;
5507818;19;09/07/2021 19:12:00;Strada Urbana;VIA TRIONFALE;in prossimit�;;del civico n.;10600;;Scontro laterale fra veicoli in marcia;Curva senza visuale libera;Una carreggiata a doppio senso;Asciutto;Asfaltata;Verticale ed orizzontale;Sereno;Intenso;Buona;;0;0;0;3;12.412;41.9543;-1;1;Autoambulanza;In marcia / fermata / arresto;Conducente;M;Illeso;0;;Non accertato;Inesploso
5507818;19;09/07/2021 19:12:00;Strada Urbana;VIA TRIONFALE;in prossimit�;;del civico n.;10600;;Scontro laterale fra veicoli in marcia;Curva senza visuale libera;Una carreggiata a doppio senso;Asciutto;Asfaltata;Verticale ed orizzontale;Sereno;Intenso;Buona;;0;0;0;3;12.412;41.9543;-1;1;Autoambulanza;In marcia / fermata / arresto;Passeggero;M;Illeso;0;;Non accertato;Inesploso
5507818;19;09/07/2021 19:12:00;Strada Urbana;VIA TRIONFALE;in prossimit�;;del civico n.;10600;;Scontro laterale fra veicoli in marcia;Curva senza visuale libera;Una carreggiata a doppio senso;Asciutto;Asfaltata;Verticale ed orizzontale;Sereno;Intenso;Buona;;0;0;0;3;12.412;41.9543;-1;2;Autocarro inferiore 35 q.;In marcia / fermata / arresto;Conducente;M;Illeso;0;;Non accertato;Inesploso
5507822;19;10/07/2021 08:45:00;Strada Urbana;VIA DELLA PINETA SACCHETTI;in corrispondenza;;del civico n.;185;;Tamponamento;Curva senza visuale libera;Due carreggiate;Asciutto;Asfaltata;Orizzontale;Sereno;Normale;Buona;;0;0;0;2;12.426;41.9257;-1;1;Autovettura privata;In marcia / fermata / arresto;Conducente;F;Illeso;0;;Non accertato;
5507822;19;10/07/2021 08:45:00;Strada Urbana;VIA DELLA PINETA SACCHETTI;in corrispondenza;;del civico n.;185;;Tamponamento;Curva senza visuale libera;Due carreggiate;Asciutto;Asfaltata;Orizzontale;Sereno;Normale;Buona;;0;0;0;2;12.426;41.9257;-1;2;Autovettura privata;In marcia / fermata / arresto;Conducente;M;Illeso;0;;Non accertato;
5507826;19;10/07/2021 09:45:00;Strada Urbana;VIA NORMA FRATELLI PARENTI;in prossimit�;;del civico n.;70;;Scontro frontale fra veicoli in marcia;Rettilineo;Una carreggiata a doppio senso;Asciutto;Asfaltata;Assente;Sereno;Normale;Buona;;0;0;0;2;12.3753;41.9423;-1;1;Autovettura privata;In marcia / fermata / arresto;Conducente;M;Illeso;0;;Non accertato;
5507826;19;10/07/2021 09:45:00;Strada Urbana;VIA NORMA FRATELLI PARENTI;in prossimit�;;del civico n.;70;;Scontro frontale fra veicoli in marcia;Rettilineo;Una carreggiata a doppio senso;Asciutto;Asfaltata;Assente;Sereno;Normale;Buona;;0;0;0;2;12.3753;41.9423;-1;2;Autovettura privata;In marcia / fermata / arresto;Conducente;M;Illeso;0;;Non accertato;
5507831;10;11/07/2021 01:00:00;Strada Urbana;VIA APPIA NUOVA;in prossimit�;;del palo luce n.;382;;Veicolo in marcia contro ostacolo accidentale;Rettilineo;Due carreggiate;Asciutto;Asfaltata;Verticale ed orizzontale;Sereno;Scarso;Sufficiente;;1;0;0;0;12.5541;41.8324;-1;1;Motociclo a solo;In marcia / fermata / arresto;Conducente;M;Rimandato;0;NON DECEDUTO;Non accertato;
5507833;19;10/07/2021 23:10:00;Strada Urbana;VIALE DI TOR DI QUINTO;all'intersezione con;VIA RIANO;VIA RIANO;;;Scontro frontale/laterale DX fra veicoli in marcia;Incrocio;Una carreggiata a doppio senso;Asciutto;Asfaltata;Verticale ed orizzontale;Sereno;Normale;Buona;;0;0;0;6;12.4701;41.9372;-1;1;Autovettura privata;In marcia / fermata / arresto;Conducente;F;Illeso;0;;;
5507833;19;10/07/2021 23:10:00;Strada Urbana;VIALE DI TOR DI QUINTO;all'intersezione con;VIA RIANO;VIA RIANO;;;Scontro frontale/laterale DX fra veicoli in marcia;Incrocio;Una carreggiata a doppio senso;Asciutto;Asfaltata;Verticale ed orizzontale;Sereno;Normale;Buona;;0;0;0;6;12.4701;41.9372;-1;1;Autovettura privata;In marcia / fermata / arresto;Passeggero;F;Illeso;0;;Non accertato;
5507833;19;10/07/2021 23:10:00;Strada Urbana;VIALE DI TOR DI QUINTO;all'intersezione con;VIA RIANO;VIA RIANO;;;Scontro frontale/laterale DX fra veicoli in marcia;Incrocio;Una carreggiata a doppio senso;Asciutto;Asfaltata;Verticale ed orizzontale;Sereno;Normale;Buona;;0;0;0;6;12.4701;41.9372;-1;2;Autovettura privata;In marcia / fermata / arresto;Conducente;M;Illeso;0;;;
5507833;19;10/07/2021 23:10:00;Strada Urbana;VIALE DI TOR DI QUINTO;all'intersezione con;VIA RIANO;VIA RIANO;;;Scontro frontale/laterale DX fra veicoli in marcia;Incrocio;Una carreggiata a doppio senso;Asciutto;Asfaltata;Verticale ed orizzontale;Sereno;Normale;Buona;;0;0;0;6;12.4701;41.9372;-1;2;Autovettura privata;In marcia / fermata / arresto;Passeggero;M;Illeso;0;;Non accertato;
5507847;10;11/07/2021 07:55:00;Strada Urbana;VIA TUSCOLANA;all'intersezione semaforizzata con;CIRCONVALLAZIONE TUSCOLANA;CIRCONVALLAZIONE TUSCOLANA;;;Veicolo in marcia contro ostacolo fisso;Intersezione semaforizzata;Due carreggiate;Asciutto;Asfaltata;Verticale ed orizzontale;Sereno;Scarso;Buona;;1;0;0;0;12.5681;41.8537;-1;1;Velocipede;In marcia / fermata / arresto;Conducente;M;Rimandato;0;NON DECEDUTO;Esente;
5507876;1;10/07/2021 20:30:00;Strada Urbana;VIA CAPO D'AFRICA;da specificare;;;;altezza via claudia;Veicolo in marcia contro veicolo in sosta;Rettilineo;Una carreggiata a senso unico di marcia;Asciutto;Asfaltata;Verticale ed orizzontale;Sereno;Normale;Buona;;0;0;0;4;;;0;1;Autovettura privata;In marcia / fermata / arresto;Conducente;;Illeso;0;;;
5507876;1;10/07/2021 20:30:00;Strada Urbana;VIA CAPO D'AFRICA;da specificare;;;;altezza via claudia;Veicolo in marcia contro veicolo in sosta;Rettilineo;Una carreggiata a senso unico di marcia;Asciutto;Asfaltata;Verticale ed orizzontale;Sereno;Normale;Buona;;0;0;0;4;;;0;2;Autovettura privata;Sosta;Passeggero;F;Illeso;0;;;
5507876;1;10/07/2021 20:30:00;Strada Urbana;VIA CAPO D'AFRICA;da specificare;;;;altezza via claudia;Veicolo in marcia contro veicolo in sosta;Rettilineo;Una carreggiata a senso unico di marcia;Asciutto;Asfaltata;Verticale ed orizzontale;Sereno;Normale;Buona;;0;0;0;4;;;0;2;Autovettura privata;Sosta;Passeggero;F;Illeso;0;;;
5507876;1;10/07/2021 20:30:00;Strada Urbana;VIA CAPO D'AFRICA;da specificare;;;;altezza via claudia;Veicolo in marcia contro veicolo in sosta;Rettilineo;Una carreggiata a senso unico di marcia;Asciutto;Asfaltata;Verticale ed orizzontale;Sereno;Normale;Buona;;0;0;0;4;;;0;2;Autovettura privata;Sosta;Passeggero;M;Illeso;0;;;
5507924;12;09/07/2021 14:00:00;Strada Urbana;PIAZZALE XXV MARZO 1957;all'intersezione semaforizzata con;VIA CRISTOFORO COLOMBO;VIA CRISTOFORO COLOMBO;;;Veicolo in marcia contro ostacolo fisso;Intersezione semaforizzata;Due carreggiate;Asciutto;Asfaltata;Verticale ed orizzontale;Sereno;Normale;Buona;;0;0;0;1;12.4631;41.8185;-1;1;Autovettura privata;In marcia / fermata / arresto;Conducente;M;Illeso;0;;Utilizzato;Inesploso
5507938;12;10/07/2021 14:00:00;Strada Urbana;VIALE CITTA' D'EUROPA;in corrispondenza;;del civico n.;664;;Veicolo in marcia contro veicolo in sosta;Rettilineo;Due carreggiate;Asciutto;Asfaltata;Verticale ed orizzontale;Sereno;Scarso;Buona;;0;0;0;1;12.4515;41.8202;-1;1;Autovettura privata;In marcia / fermata / arresto;Conducente;F;Illeso;0;;Utilizzato;Inesploso
5507938;12;10/07/2021 14:00:00;Strada Urbana;VIALE CITTA' D'EUROPA;in corrispondenza;;del civico n.;664;;Veicolo in marcia contro veicolo in sosta;Rettilineo;Due carreggiate;Asciutto;Asfaltata;Verticale ed orizzontale;Sereno;Scarso;Buona;;0;0;0;1;12.4515;41.8202;-1;2;Autovettura privata;Sosta;;;;;;;
5507999;1;11/07/2021 01:50:00;Strada Urbana;LUNGOTEVERE IN AUGUSTA;da specificare;;;;fronte palo luce 1;Veicolo in marcia contro ostacolo fisso;Rettilineo;Una carreggiata a senso unico di marcia;Asciutto;Acciotolata;Verticale ed orizzontale;Sereno;Normale;Sufficiente;;2;0;0;0;12.4753;41.9057;-1;1;Quadriciclo leggero;In marcia / fermata / arresto;Conducente;M;Rifiuta cure immediate;0;NON DECEDUTO;Non accertato;
5507999;1;11/07/2021 01:50:00;Strada Urbana;LUNGOTEVERE IN AUGUSTA;da specificare;;;;fronte palo luce 1;Veicolo in marcia contro ostacolo fisso;Rettilineo;Una carreggiata a senso unico di marcia;Asciutto;Acciotolata;Verticale ed orizzontale;Sereno;Normale;Sufficiente;;2;0;0;0;12.4753;41.9057;-1;1;Quadriciclo leggero;In marcia / fermata / arresto;Passeggero;M;Rifiuta cure immediate;0;NON DECEDUTO;;
5508002;1;11/07/2021 12:10:00;Strada Urbana;LUNGOTEVERE DELLA FARNESINA;da specificare;;;;palina bus n. 70102;Investimento di pedone;Rettilineo;Una carreggiata a senso unico di marcia;Asciutto;Asfaltata;Verticale ed orizzontale;Sereno;Scarso;Buona;;1;0;0;1;12.4677;41.8939;-1;;;;Pedone;M;Rimandato;0;NON DECEDUTO;;
5508002;1;11/07/2021 12:10:00;Strada Urbana;LUNGOTEVERE DELLA FARNESINA;da specificare;;;;palina bus n. 70102;Investimento di pedone;Rettilineo;Una carreggiata a senso unico di marcia;Asciutto;Asfaltata;Verticale ed orizzontale;Sereno;Scarso;Buona;;1;0;0;1;12.4677;41.8939;-1;1;Autovettura privata;In marcia / fermata / arresto;Conducente;M;Illeso;0;;;
5508052;1;11/07/2021 13:15:00;Strada Urbana;VIA LUIGI PETROSELLI;da specificare;;;;altezza via della misericordia;Infortunio per caduta del veicolo;Rettilineo;Una carreggiata a doppio senso;Asciutto;In cubetti di porfido;Verticale ed orizzontale;Sereno;Scarso;Buona;;1;0;0;0;;;0;1;Motociclo a solo;In marcia / fermata / arresto;Conducente;M;Rimandato;0;NON DECEDUTO;;
5508083;8;11/07/2021 10:35:00;Provinciale;VIA POLENSE;all'intersezione con;VIA LUNANO;VIA LUNANO;;;Scontro laterale fra veicoli in marcia;Intersezione non regolata/non segnalata;Una carreggiata a doppio senso;Asciutto;Asfaltata;Verticale ed orizzontale;Sereno;Normale;Buona;;1;0;0;1;12.7087;41.9031;-1;1;Velocipede;In marcia / fermata / arresto;Conducente;M;Rifiuta cure immediate;0;NON DECEDUTO;Esente;
5508083;8;11/07/2021 10:35:00;Provinciale;VIA POLENSE;all'intersezione con;VIA LUNANO;VIA LUNANO;;;Scontro laterale fra veicoli in marcia;Intersezione non regolata/non segnalata;Una carreggiata a doppio senso;Asciutto;Asfaltata;Verticale ed orizzontale;Sereno;Normale;Buona;;1;0;0;1;12.7087;41.9031;-1;2;Autovettura privata;Allontanatosi;Conducente;M;Illeso;0;;;
5508099;13;11/07/2021 06:10:00;Strada Urbana;VIA CRISTOFORO COLOMBO;all'intersezione con;VIA DEL CANALE DELLA LINGUA;VIA DEL CANALE DELLA LINGUA;;;Scontro frontale/laterale DX fra veicoli in marcia;Intersezione semaforizzata;Pi� di due carreggiate;Asciutto;Asfaltata;Verticale ed orizzontale;Sereno;Scarso;Buona;;2;2;2;0;12.3456;41.7363;-1;1;Autovettura privata;In marcia / fermata / arresto;Passeggero;M;Deceduto sul posto;-1;;Non accertato;Esploso
5508099;13;11/07/2021 06:10:00;Strada Urbana;VIA CRISTOFORO COLOMBO;all'intersezione con;VIA DEL CANALE DELLA LINGUA;VIA DEL CANALE DELLA LINGUA;;;Scontro frontale/laterale DX fra veicoli in marcia;Intersezione semaforizzata;Pi� di due carreggiate;Asciutto;Asfaltata;Verticale ed orizzontale;Sereno;Scarso;Buona;;2;2;2;0;12.3456;41.7363;-1;1;Autovettura privata;In marcia / fermata / arresto;Passeggero;M;Prognosi riservata;0;DECEDUTO ENTRO IL TERZO GIORNO;Non accertato;Esploso
5508099;13;11/07/2021 06:10:00;Strada Urbana;VIA CRISTOFORO COLOMBO;all'intersezione con;VIA DEL CANALE DELLA LINGUA;VIA DEL CANALE DELLA LINGUA;;;Scontro frontale/laterale DX fra veicoli in marcia;Intersezione semaforizzata;Pi� di due carreggiate;Asciutto;Asfaltata;Verticale ed orizzontale;Sereno;Scarso;Buona;;2;2;2;0;12.3456;41.7363;-1;1;Autovettura privata;In marcia / fermata / arresto;Passeggero;M;Prognosi riservata;0;NON DECEDUTO;Non accertato;Esploso
5508099;13;11/07/2021 06:10:00;Strada Urbana;VIA CRISTOFORO COLOMBO;all'intersezione con;VIA DEL CANALE DELLA LINGUA;VIA DEL CANALE DELLA LINGUA;;;Scontro frontale/laterale DX fra veicoli in marcia;Intersezione semaforizzata;Pi� di due carreggiate;Asciutto;Asfaltata;Verticale ed orizzontale;Sereno;Scarso;Buona;;2;2;2;0;12.3456;41.7363;-1;2;Autovettura privata;In marcia / fermata / arresto;Conducente;F;Rimandato;0;NON DECEDUTO;Non accertato;Esploso
5508099;13;11/07/2021 06:10:00;Strada Urbana;VIA CRISTOFORO COLOMBO;all'intersezione con;VIA DEL CANALE DELLA LINGUA;VIA DEL CANALE DELLA LINGUA;;;Scontro frontale/laterale DX fra veicoli in marcia;Intersezione semaforizzata;Pi� di due carreggiate;Asciutto;Asfaltata;Verticale ed orizzontale;Sereno;Scarso;Buona;;2;2;2;0;12.3456;41.7363;-1;3;Autovettura privata;In marcia / fermata / arresto;Conducente;M;Rimandato;0;NON DECEDUTO;;
5508105;1;11/07/2021 02:10:00;Strada Urbana;VIA MERULANA;all'intersezione con;LARGO BRANCACCIO;LARGO BRANCACCIO;;;Scontro frontale/laterale SX fra veicoli in marcia;;;;;;;;;;1;0;0;5;;;0;1;Autovettura privata;In marcia / fermata / arresto;Conducente;M;Illeso;0;;;
5508105;1;11/07/2021 02:10:00;Strada Urbana;VIA MERULANA;all'intersezione con;LARGO BRANCACCIO;LARGO BRANCACCIO;;;Scontro frontale/laterale SX fra veicoli in marcia;;;;;;;;;;1;0;0;5;;;0;1;Autovettura privata;In marcia / fermata / arresto;Passeggero;M;Illeso;0;;;
5508105;1;11/07/2021 02:10:00;Strada Urbana;VIA MERULANA;all'intersezione con;LARGO BRANCACCIO;LARGO BRANCACCIO;;;Scontro frontale/laterale SX fra veicoli in marcia;;;;;;;;;;1;0;0;5;;;0;1;Autovettura privata;In marcia / fermata / arresto;Passeggero;F;Illeso;0;;;
5508105;1;11/07/2021 02:10:00;Strada Urbana;VIA MERULANA;all'intersezione con;LARGO BRANCACCIO;LARGO BRANCACCIO;;;Scontro frontale/laterale SX fra veicoli in marcia;;;;;;;;;;1;0;0;5;;;0;1;Autovettura privata;In marcia / fermata / arresto;Passeggero;M;Illeso;0;;;
5508105;1;11/07/2021 02:10:00;Strada Urbana;VIA MERULANA;all'intersezione con;LARGO BRANCACCIO;LARGO BRANCACCIO;;;Scontro frontale/laterale SX fra veicoli in marcia;;;;;;;;;;1;0;0;5;;;0;2;Motociclo con passeggero;In marcia / fermata / arresto;Conducente;;Illeso;0;;;
5508105;1;11/07/2021 02:10:00;Strada Urbana;VIA MERULANA;all'intersezione con;LARGO BRANCACCIO;LARGO BRANCACCIO;;;Scontro frontale/laterale SX fra veicoli in marcia;;;;;;;;;;1;0;0;5;;;0;2;Motociclo con passeggero;In marcia / fermata / arresto;Passeggero;F;Rimandato;0;NON DECEDUTO;;
5508116;13;09/07/2021 20:25:00;;PIAZZA DEI RAVENNATI;all'intersezione con;LUNGOMARE PAOLO TOSCANELLI;LUNGOMARE PAOLO TOSCANELLI;;;Investimento di pedone;;;;;;;;;;1;0;0;1;;;0;;;;Pedone;F;Rimandato;0;NON DECEDUTO;;
5508116;13;09/07/2021 20:25:00;;PIAZZA DEI RAVENNATI;all'intersezione con;LUNGOMARE PAOLO TOSCANELLI;LUNGOMARE PAOLO TOSCANELLI;;;Investimento di pedone;;;;;;;;;;1;0;0;1;;;0;1;Velocipede;In marcia / fermata / arresto;Conducente;M;Illeso;0;;Esente;
5508141;6;10/07/2021 00:10:00;Strada Urbana;LARGO IRPINIA;da specificare;;;;altezza Viale Irpinia;Veicolo in marcia contro veicoli in sosta;Curva a visuale libera;Una carreggiata a senso unico di marcia;Asciutto;Asfaltata;Verticale ed orizzontale;Sereno;Scarso;Buona;;0;0;0;0;12.5497;41.893;-1;1;Autovettura privata;In marcia / fermata / arresto;;;;;;;
5508141;6;10/07/2021 00:10:00;Strada Urbana;LARGO IRPINIA;da specificare;;;;altezza Viale Irpinia;Veicolo in marcia contro veicoli in sosta;Curva a visuale libera;Una carreggiata a senso unico di marcia;Asciutto;Asfaltata;Verticale ed orizzontale;Sereno;Scarso;Buona;;0;0;0;0;12.5497;41.893;-1;2;Autovettura privata;Sosta;;;;;;;
5508141;6;10/07/2021 00:10:00;Strada Urbana;LARGO IRPINIA;da specificare;;;;altezza Viale Irpinia;Veicolo in marcia contro veicoli in sosta;Curva a visuale libera;Una carreggiata a senso unico di marcia;Asciutto;Asfaltata;Verticale ed orizzontale;Sereno;Scarso;Buona;;0;0;0;0;12.5497;41.893;-1;3;Autovettura privata;Sosta;;;;;;;
5508170;6;10/07/2021 21:45:00;Strada Urbana;LARGO CAMESENA;all'intersezione con;VIA CAMESENA;VIA CAMESENA;;;Scontro frontale/laterale SX fra veicoli in marcia;Incrocio;Due carreggiate;Asciutto;Asfaltata;Verticale ed orizzontale;Sereno;Normale;Buona;;3;0;0;1;12.5348;41.9092;-1;1;Autovettura privata;In marcia / fermata / arresto;Conducente;F;Rifiuta cure immediate;0;NON DECEDUTO;Non accertato;Inesploso
5508170;6;10/07/2021 21:45:00;Strada Urbana;LARGO CAMESENA;all'intersezione con;VIA CAMESENA;VIA CAMESENA;;;Scontro frontale/laterale SX fra veicoli in marcia;Incrocio;Due carreggiate;Asciutto;Asfaltata;Verticale ed orizzontale;Sereno;Normale;Buona;;3;0;0;1;12.5348;41.9092;-1;1;Autovettura privata;In marcia / fermata / arresto;Passeggero;M;Rifiuta cure immediate;0;NON DECEDUTO;Non accertato;Inesploso
5508170;6;10/07/2021 21:45:00;Strada Urbana;LARGO CAMESENA;all'intersezione con;VIA CAMESENA;VIA CAMESENA;;;Scontro frontale/laterale SX fra veicoli in marcia;Incrocio;Due carreggiate;Asciutto;Asfaltata;Verticale ed orizzontale;Sereno;Normale;Buona;;3;0;0;1;12.5348;41.9092;-1;1;Autovettura privata;In marcia / fermata / arresto;Passeggero;F;Rifiuta cure immediate;0;NON DECEDUTO;Non accertato;Inesploso
5508170;6;10/07/2021 21:45:00;Strada Urbana;LARGO CAMESENA;all'intersezione con;VIA CAMESENA;VIA CAMESENA;;;Scontro frontale/laterale SX fra veicoli in marcia;Incrocio;Due carreggiate;Asciutto;Asfaltata;Verticale ed orizzontale;Sereno;Normale;Buona;;3;0;0;1;12.5348;41.9092;-1;2;Autovettura privata;In marcia / fermata / arresto;Conducente;M;Illeso;0;;Non accertato;Inesploso
5508177;6;11/07/2021 10:10:00;Strada Urbana;VIA COLLATINA;all'intersezione con;VIA DINO PENAZZATO;VIA DINO PENAZZATO;;;Investimento di pedone;Incrocio;Una carreggiata a doppio senso;Asciutto;Asfaltata;Verticale ed orizzontale;Sereno;Scarso;Buona;;1;0;0;1;12.5628;41.8963;-1;;;;Pedone;F;Rimandato;0;NON DECEDUTO;;
5508177;6;11/07/2021 10:10:00;Strada Urbana;VIA COLLATINA;all'intersezione con;VIA DINO PENAZZATO;VIA DINO PENAZZATO;;;Investimento di pedone;Incrocio;Una carreggiata a doppio senso;Asciutto;Asfaltata;Verticale ed orizzontale;Sereno;Scarso;Buona;;1;0;0;1;12.5628;41.8963;-1;1;Autovettura privata;In marcia / fermata / arresto;Conducente;M;Illeso;0;;Non accertato;Inesploso
5508253;6;11/07/2021 11:50:00;Strada Urbana;VIA SAMPIERO DI BASTELICA;in corrispondenza;;del civico n.;90;;Tamponamento;Rettilineo;Una carreggiata a senso unico di marcia;Asciutto;Asfaltata;Verticale ed orizzontale;Sereno;Scarso;Buona;;0;0;0;4;12.5404;41.8909;-1;1;Autovettura privata;In marcia / fermata / arresto;Conducente;M;Illeso;0;;Non accertato;Inesploso
5508253;6;11/07/2021 11:50:00;Strada Urbana;VIA SAMPIERO DI BASTELICA;in corrispondenza;;del civico n.;90;;Tamponamento;Rettilineo;Una carreggiata a senso unico di marcia;Asciutto;Asfaltata;Verticale ed orizzontale;Sereno;Scarso;Buona;;0;0;0;4;12.5404;41.8909;-1;1;Autovettura privata;In marcia / fermata / arresto;Passeggero;M;Illeso;0;;Non accertato;Inesploso
5508253;6;11/07/2021 11:50:00;Strada Urbana;VIA SAMPIERO DI BASTELICA;in corrispondenza;;del civico n.;90;;Tamponamento;Rettilineo;Una carreggiata a senso unico di marcia;Asciutto;Asfaltata;Verticale ed orizzontale;Sereno;Scarso;Buona;;0;0;0;4;12.5404;41.8909;-1;2;Autovettura privata;In marcia / fermata / arresto;Conducente;F;Illeso;0;;Non accertato;Inesploso
5508253;6;11/07/2021 11:50:00;Strada Urbana;VIA SAMPIERO DI BASTELICA;in corrispondenza;;del civico n.;90;;Tamponamento;Rettilineo;Una carreggiata a senso unico di marcia;Asciutto;Asfaltata;Verticale ed orizzontale;Sereno;Scarso;Buona;;0;0;0;4;12.5404;41.8909;-1;2;Autovettura privata;In marcia / fermata / arresto;Passeggero;F;Illeso;0;;Non accertato;Inesploso
5508263;6;11/07/2021 18:20:00;Strada Urbana;VIA PRENESTINA;in corrispondenza;;del civico n.;370/F;;Tamponamento;Rettilineo;Pi� di due carreggiate;Asciutto;Asfaltata;Verticale ed orizzontale;Sereno;Scarso;Buona;;0;0;0;3;12.5568;41.8941;-1;1;Autovettura privata;In marcia / fermata / arresto;Conducente;M;Illeso;0;;Non accertato;Inesploso
5508263;6;11/07/2021 18:20:00;Strada Urbana;VIA PRENESTINA;in corrispondenza;;del civico n.;370/F;;Tamponamento;Rettilineo;Pi� di due carreggiate;Asciutto;Asfaltata;Verticale ed orizzontale;Sereno;Scarso;Buona;;0;0;0;3;12.5568;41.8941;-1;1;Autovettura privata;In marcia / fermata / arresto;Passeggero;F;Illeso;0;;Non accertato;Inesploso
5508263;6;11/07/2021 18:20:00;Strada Urbana;VIA PRENESTINA;in corrispondenza;;del civico n.;370/F;;Tamponamento;Rettilineo;Pi� di due carreggiate;Asciutto;Asfaltata;Verticale ed orizzontale;Sereno;Scarso;Buona;;0;0;0;3;12.5568;41.8941;-1;2;Autovettura privata;In marcia / fermata / arresto;Conducente;F;Illeso;0;;Non accertato;Inesploso
5508386;12;11/07/2021 18:35:00;Altra strada;VIA DI ACQUA ACETOSA OSTIENSE;in corrispondenza;;del civico n.;430;;Tamponamento;Rettilineo;Una carreggiata a senso unico di marcia;Asciutto;Asfaltata;Assente;Sereno;Scarso;Buona;;0;0;0;2;12.4553;41.8078;-1;1;Autovettura privata;In marcia / fermata / arresto;Conducente;F;Illeso;0;;Utilizzato;Inesploso
5508386;12;11/07/2021 18:35:00;Altra strada;VIA DI ACQUA ACETOSA OSTIENSE;in corrispondenza;;del civico n.;430;;Tamponamento;Rettilineo;Una carreggiata a senso unico di marcia;Asciutto;Asfaltata;Assente;Sereno;Scarso;Buona;;0;0;0;2;12.4553;41.8078;-1;2;Autovettura privata;In marcia / fermata / arresto;Conducente;M;Illeso;0;;Utilizzato;Inesploso