Protocollo;Gruppo;DataOraIncidente;Localizzazione1;STRADA1;Localizzazione2;STRADA2;Strada02;Chilometrica;DaSpecificare;NaturaIncidente;particolaritastrade;TipoStrada;FondoStradale;Pavimentazione;Segnaletica;CondizioneAtmosferica;Traffico;Visibilita;Illuminazione;NUM_FERITI;NUM_RISERVATA;NUM_MORTI;NUM_ILLESI;Longitudine;Latitudine;Confermato;Progressivo;TipoVeicolo;StatoVeicolo;TipoPersona;Sesso;Tipolesione;Deceduto;DecedutoDopo;CinturaCascoUtilizzato;Airbag;
5512200;17;13/07/2021 20:10:00;Strada Urbana;VIALE DEI CAVALIERI DI VITTORIO VENETO;da specificare;;;;in prossimit� VIA TRIONFALE;Veicolo in marcia contro veicoli in arresto;Rettilineo;Una carreggiata a senso unico di marcia;Viscido da liquidi oleosi;Asfaltata;Verticale ed orizzontale;Nuvoloso;Normale;Sufficiente;;2;0;0;2;12.448;41.9217;-1;1;Motociclo con passeggero;In marcia / fermata / arresto;Passeggero;F;Rimandato;0;NON DECEDUTO;;
5512200;17;13/07/2021 20:10:00;Strada Urbana;VIALE DEI CAVALIERI DI VITTORIO VENETO;da specificare;;;;in prossimit� VIA TRIONFALE;Veicolo in marcia contro veicoli in arresto;Rettilineo;Una carreggiata a senso unico di marcia;Viscido da liquidi oleosi;Asfaltata;Verticale ed orizzontale;Nuvoloso;Normale;Sufficiente;;2;0;0;2;12.448;41.9217;-1;2;Ciclomotore;In marcia / fermata / arresto;Conducente;M;Rifiuta cure immediate;0;NON DECEDUTO;;
5512200;17;13/07/2021 20:10:00;Strada Urbana;VIALE DEI CAVALIERI DI VITTORIO VENETO;da specificare;;;;in prossimit� VIA TRIONFALE;Veicolo in marcia contro veicoli in arresto;Rettilineo;Una carreggiata a senso unico di marcia;Viscido da liquidi oleosi;Asfaltata;Verticale ed orizzontale;Nuvoloso;Normale;Sufficiente;;2;0;0;2;12.448;41.9217;-1;3;Motociclo a solo;In marcia / fermata / arresto;Conducente;M;Illeso;0;;;
5512202;7;13/07/2021 13:25:00;Strada Urbana;VIA PRENESTINA;all'intersezione con;VIA ARISTIDE STADERINI;VIA ARISTIDE STADERINI;;;Tamponamento;Incrocio;Una carreggiata a doppio senso;Asciutto;Asfaltata;Verticale ed orizzontale;Sereno;Normale;Buona;;0;0;0;4;12.5871;41.8939;-1;1;Autovettura di polizia;In marcia / fermata / arresto;Conducente;M;Illeso;0;;Esente;Inesploso
5512202;7;13/07/2021 13:25:00;Strada Urbana;VIA PRENESTINA;all'intersezione con;VIA ARISTIDE STADERINI;VIA ARISTIDE STADERINI;;;Tamponamento;Incrocio;Una carreggiata a doppio senso;Asciutto;Asfaltata;Verticale ed orizzontale;Sereno;Normale;Buona;;0;0;0;4;12.5871;41.8939;-1;1;Autovettura di polizia;In marcia / fermata / arresto;Passeggero;M;Illeso;0;;Non accertato;Inesploso
5512202;7;13/07/2021 13:25:00;Strada Urbana;VIA PRENESTINA;all'intersezione con;VIA ARISTIDE STADERINI;VIA ARISTIDE STADERINI;;;Tamponamento;Incrocio;Una carreggiata a doppio senso;Asciutto;Asfaltata;Verticale ed orizzontale;Sereno;Normale;Buona;;0;0;0;4;12.5871;41.8939;-1;2;Autovettura di polizia;In marcia / fermata / arresto;Conducente;M;Illeso;0;;Esente;Inesploso
5512202;7;13/07/2021 13:25:00;Strada Urbana;VIA PRENESTINA;all'intersezione con;VIA ARISTIDE STADERINI;VIA ARISTIDE STADERINI;;;Tamponamento;Incrocio;Una carreggiata a doppio senso;Asciutto;Asfaltata;Verticale ed orizzontale;Sereno;Normale;Buona;;0;0;0;4;12.5871;41.8939;-1;2;Autovettura di polizia;In marcia / fermata / arresto;Passeggero;M;Illeso;0;;Esente;Inesistente
5512205;19;13/07/2021 17:30:00;Strada Urbana;VIA PASQUALE II;in corrispondenza;;del civico n.;233;;Veicolo in marcia contro veicoli in sosta;Rettilineo;Una carreggiata a doppio senso;Asciutto;Asfaltata;Orizzontale;Sereno;Normale;Buona;;1;0;0;0;12.4091;41.9084;-1;1;Autovettura privata;In marcia / fermata / arresto;Conducente;M;Rimandato;0;NON DECEDUTO;;
5512205;19;13/07/2021 17:30:00;Strada Urbana;VIA PASQUALE II;in corrispondenza;;del civico n.;233;;Veicolo in marcia contro veicoli in sosta;Rettilineo;Una carreggiata a doppio senso;Asciutto;Asfaltata;Orizzontale;Sereno;Normale;Buona;;1;0;0;0;12.4091;41.9084;-1;2;Autovettura privata;Sosta;;;;;;;
5512207;20;13/07/2021 12:50:00;Strada Urbana;VIA DEL FORO ITALICO;da specificare;;;;alla fine della galleria Farnesina;Veicolo in marcia contro ostacolo accidentale;Curva senza visuale libera;Una carreggiata a senso unico di marcia;Asciutto;Asfaltata;Orizzontale;Sereno;Normale;Sufficiente;;0;0;0;1;12.4813;41.9402;-1;1;Autovettura privata;In marcia / fermata / arresto;Conducente;M;Illeso;0;;Non accertato;
5512208;20;13/07/2021 11:49:00;Strada Urbana;VIA ALESSANDRO FLEMING;in corrispondenza;;del civico n.;75;;Infortunio per caduta del veicolo;Curva a visuale libera;Una carreggiata a doppio senso;Asciutto;Asfaltata;Verticale ed orizzontale;Nuvoloso;Scarso;Sufficiente;;0;0;0;1;12.4744;41.9385;-1;1;Motociclo a solo;In marcia / fermata / arresto;Conducente;M;Illeso;0;;Non accertato;
5512210;18;12/07/2021 17:10:00;Strada Urbana;VIA GREGORIO VII;all'intersezione con;LARGO CARDINALE AGOSTINO GALAMINI;LARGO CARDINALE AGOSTINO GALAMINI;;;Scontro laterale fra veicoli in marcia;Intersezione non regolata/non segnalata;Pi� di due carreggiate;Asciutto;Asfaltata;Verticale ed orizzontale;Sereno;Normale;Buona;;1;0;0;2;12.4401;41.8959;-1;1;Autovettura privata;In marcia / fermata / arresto;Conducente;M;Illeso;0;;Non accertato;Inesploso
5512210;18;12/07/2021 17:10:00;Strada Urbana;VIA GREGORIO VII;all'intersezione con;LARGO CARDINALE AGOSTINO GALAMINI;LARGO CARDINALE AGOSTINO GALAMINI;;;Scontro laterale fra veicoli in marcia;Intersezione non regolata/non segnalata;Pi� di due carreggiate;Asciutto;Asfaltata;Verticale ed orizzontale;Sereno;Normale;Buona;;1;0;0;2;12.4401;41.8959;-1;2;Autobus di linea;In marcia / fermata / arresto;Conducente;M;Illeso;0;;Esente;Inesistente
5512210;18;12/07/2021 17:10:00;Strada Urbana;VIA GREGORIO VII;all'intersezione con;LARGO CARDINALE AGOSTINO GALAMINI;LARGO CARDINALE AGOSTINO GALAMINI;;;Scontro laterale fra veicoli in marcia;Intersezione non regolata/non segnalata;Pi� di due carreggiate;Asciutto;Asfaltata;Verticale ed orizzontale;Sereno;Normale;Buona;;1;0;0;2;12.4401;41.8959;-1;2;Autobus di linea;In marcia / fermata / arresto;Passeggero;M;Rimandato;0;NON DECEDUTO;Esente;Inesistente
5512217;20;13/07/2021 13:45:00;Strada Urbana;CORSO DI FRANCIA;in prossimit�;;del civico n.;206;;Tamponamento;Rettilineo;Due carreggiate;Asciutto;Asfaltata;Verticale ed orizzontale;Sereno;Normale;Buona;;1;0;0;2;12.4695;41.9446;-1;1;Autovettura privata;In marcia / fermata / arresto;Conducente;M;Illeso;0;;Non accertato;Inesploso
5512217;20;13/07/2021 13:45:00;Strada Urbana;CORSO DI FRANCIA;in prossimit�;;del civico n.;206;;Tamponamento;Rettilineo;Due carreggiate;Asciutto;Asfaltata;Verticale ed orizzontale;Sereno;Normale;Buona;;1;0;0;2;12.4695;41.9446;-1;1;Autovettura privata;In marcia / fermata / arresto;Passeggero;F;Illeso;0;;Non accertato;Inesploso
5512217;20;13/07/2021 13:45:00;Strada Urbana;CORSO DI FRANCIA;in prossimit�;;del civico n.;206;;Tamponamento;Rettilineo;Due carreggiate;Asciutto;Asfaltata;Verticale ed orizzontale;Sereno;Normale;Buona;;1;0;0;2;12.4695;41.9446;-1;2;Motociclo a solo;In marcia / fermata / arresto;Conducente;M;Rifiuta cure immediate;0;NON DECEDUTO;Non accertato;
5512218;1;13/07/2021 18:00:00;Strada Urbana;PASSEGGIATA DEL GIANICOLO;da specificare;;;;albero 69;Veicolo in marcia contro veicolo in sosta;Rettilineo;Una carreggiata a doppio senso;Asciutto;Asfaltata;Verticale ed orizzontale;Sereno;Normale;Buona;;1;0;0;2;12.4606;41.8936;-1;1;Autovettura privata;In marcia / fermata / arresto;Conducente;M;Rimandato;0;NON DECEDUTO;;
5512218;1;13/07/2021 18:00:00;Strada Urbana;PASSEGGIATA DEL GIANICOLO;da specificare;;;;albero 69;Veicolo in marcia contro veicolo in sosta;Rettilineo;Una carreggiata a doppio senso;Asciutto;Asfaltata;Verticale ed orizzontale;Sereno;Normale;Buona;;1;0;0;2;12.4606;41.8936;-1;2;Autovettura privata;Sosta;Passeggero;F;Illeso;0;;;
5512218;1;13/07/2021 18:00:00;Strada Urbana;PASSEGGIATA DEL GIANICOLO;da specificare;;;;albero 69;Veicolo in marcia contro veicolo in sosta;Rettilineo;Una carreggiata a doppio senso;Asciutto;Asfaltata;Verticale ed orizzontale;Sereno;Normale;Buona;;1;0;0;2;12.4606;41.8936;-1;2;Autovettura privata;Sosta;Passeggero;F;Illeso;0;;;
5512227;20;13/07/2021 14:30:00;Provinciale entro l'abitato;VIA TIBERINA;all'intersezione con;VIA COLLE DI TORA;VIA COLLE DI TORA;;;Scontro frontale/laterale DX fra veicoli in marcia;Intersezione stradale segnalata;Una carreggiata a doppio senso;Asciutto;Asfaltata;Verticale ed orizzontale;Sereno;Normale;Buona;;1;0;0;1;12.5051;42.0265;-1;1;Autovettura privata;In marcia / fermata / arresto;Conducente;M;Illeso;0;;Non accertato;
5512227;20;13/07/2021 14:30:00;Provinciale entro l'abitato;VIA TIBERINA;all'intersezione con;VIA COLLE DI TORA;VIA COLLE DI TORA;;;Scontro frontale/laterale DX fra veicoli in marcia;Intersezione stradale segnalata;Una carreggiata a doppio senso;Asciutto;Asfaltata;Verticale ed orizzontale;Sereno;Normale;Buona;;1;0;0;1;12.5051;42.0265;-1;2;Motociclo a solo;In marcia / fermata / arresto;Conducente;M;Rimandato;0;NON DECEDUTO;;
5512228;20;13/07/2021 18:50:00;Strada Urbana;VIA VINCENZO TIBERIO;in prossimit�;;del civico n.;35;;Veicolo in marcia contro ostacolo accidentale;Curva senza visuale libera;Una carreggiata a senso unico di marcia;Bagnato (pioggia);Asfaltata;Assente;Nuvoloso;Normale;Sufficiente;;0;0;0;1;12.4761;41.9383;-1;1;Motociclo a solo;In marcia / fermata / arresto;Conducente;M;Illeso;0;;Non accertato;
5512230;18;13/07/2021 10:50:00;Strada Urbana;VIA S. SECONDA;all'intersezione con;VIA FOSSANO;VIA FOSSANO;;;Scontro frontale/laterale DX fra veicoli in marcia;Incrocio;Una carreggiata a doppio senso;Asciutto;Asfaltata;Verticale ed orizzontale;Sereno;Normale;Buona;;1;0;0;1;12.367;41.9186;-1;1;Autovettura privata;In marcia / fermata / arresto;Conducente;M;Illeso;0;;Non accertato;Inesploso
5512230;18;13/07/2021 10:50:00;Strada Urbana;VIA S. SECONDA;all'intersezione con;VIA FOSSANO;VIA FOSSANO;;;Scontro frontale/laterale DX fra veicoli in marcia;Incrocio;Una carreggiata a doppio senso;Asciutto;Asfaltata;Verticale ed orizzontale;Sereno;Normale;Buona;;1;0;0;1;12.367;41.9186;-1;2;Motociclo a solo;In marcia / fermata / arresto;Conducente;M;Rimandato;0;NON DECEDUTO;Non accertato;
5512235;6;13/07/2021 17:00:00;Strada Urbana;VIA PRENESTINA;in corrispondenza;;del civico n.;262;;Veicolo in marcia contro veicolo in sosta;Rettilineo;Pi� di due carreggiate;Asciutto;Asfaltata;Orizzontale;Sereno;Normale;Buona;;0;0;0;1;12.5457;41.893;-1;1;Autovettura privata;In marcia / fermata / arresto;Conducente;M;Illeso;0;;Non accertato;Inesploso
5512235;6;13/07/2021 17:00:00;Strada Urbana;VIA PRENESTINA;in corrispondenza;;del civico n.;262;;Veicolo in marcia contro veicolo in sosta;Rettilineo;Pi� di due carreggiate;Asciutto;Asfaltata;Orizzontale;Sereno;Normale;Buona;;0;0;0;1;12.5457;41.893;-1;2;Autovettura privata;Sosta;;;;;;;
5512237;7;13/07/2021 20:40:00;Strada Urbana;VIALE PALMIRO TOGLIATTI;in corrispondenza;;del civico n.;910;;Scontro frontale/laterale SX fra veicoli in marcia;Rettilineo;Una carreggiata a senso unico di marcia;Asciutto;Asfaltata;Verticale ed orizzontale;Nuvoloso;Normale;Buona;;0;0;0;1;12.5746;41.8906;-1;1;Autovettura privata;In marcia / fermata / arresto;Conducente;M;Illeso;0;;;
5512237;7;13/07/2021 20:40:00;Strada Urbana;VIALE PALMIRO TOGLIATTI;in corrispondenza;;del civico n.;910;;Scontro frontale/laterale SX fra veicoli in marcia;Rettilineo;Una carreggiata a senso unico di marcia;Asciutto;Asfaltata;Verticale ed orizzontale;Nuvoloso;Normale;Buona;;0;0;0;1;12.5746;41.8906;-1;2;Autovettura privata;In marcia / fermata / arresto;;;;;;;
5512238;1;08/07/2021 13:30:00;Strada Urbana;VIALE DI TRASTEVERE;da specificare;;;;.;Scontro laterale fra veicoli in marcia;Rettilineo;Una carreggiata a senso unico di marcia;Asciutto;Strada pavimentata dissestata;Assente;Sereno;Intenso;Buona;;0;0;0;2;12.4679;41.8817;-1;1;Autocarro inferiore 35 q.;In marcia / fermata / arresto;Conducente;M;Illeso;0;;;
5512238;1;08/07/2021 13:30:00;Strada Urbana;VIALE DI TRASTEVERE;da specificare;;;;.;Scontro laterale fra veicoli in marcia;Rettilineo;Una carreggiata a senso unico di marcia;Asciutto;Strada pavimentata dissestata;Assente;Sereno;Intenso;Buona;;0;0;0;2;12.4679;41.8817;-1;2;Autovettura privata;In marcia / fermata / arresto;Conducente;M;Illeso;0;;;
5512241;6;14/07/2021 00:50:00;Strada Urbana;VIA LUCHINO DAL VERME;all'intersezione con;VIA GUGLIELMO DEGLI UBERTINI;VIA GUGLIELMO DEGLI UBERTINI;;;Scontro frontale/laterale DX fra veicoli in marcia;Incrocio;Una carreggiata a senso unico di marcia;Asciutto;Asfaltata;Verticale ed orizzontale;Nuvoloso;Scarso;Sufficiente;;1;0;0;2;12.5386;41.8906;-1;1;Autovettura privata;In marcia / fermata / arresto;Conducente;M;Rifiuta cure immediate;0;NON DECEDUTO;Non accertato;Inesploso
5512241;6;14/07/2021 00:50:00;Strada Urbana;VIA LUCHINO DAL VERME;all'intersezione con;VIA GUGLIELMO DEGLI UBERTINI;VIA GUGLIELMO DEGLI UBERTINI;;;Scontro frontale/laterale DX fra veicoli in marcia;Incrocio;Una carreggiata a senso unico di marcia;Asciutto;Asfaltata;Verticale ed orizzontale;Nuvoloso;Scarso;Sufficiente;;1;0;0;2;12.5386;41.8906;-1;2;Autovettura privata;In marcia / fermata / arresto;Conducente;M;Illeso;0;;Non accertato;Inesploso
5512241;6;14/07/2021 00:50:00;Strada Urbana;VIA LUCHINO DAL VERME;all'intersezione con;VIA GUGLIELMO DEGLI UBERTINI;VIA GUGLIELMO DEGLI UBERTINI;;;Scontro frontale/laterale DX fra veicoli in marcia;Incrocio;Una carreggiata a senso unico di marcia;Asciutto;Asfaltata;Verticale ed orizzontale;Nuvoloso;Scarso;Sufficiente;;1;0;0;2;12.5386;41.8906;-1;2;Autovettura privata;In marcia / fermata / arresto;Passeggero;M;Illeso;0;;Non accertato;Inesploso
5512246;7;13/07/2021 21:15:00;Strada Urbana;VIA ARCEVIA;all'intersezione con;VIA CAGLI;VIA CAGLI;;;Scontro frontale/laterale SX fra veicoli in marcia;Incrocio;Una carreggiata a doppio senso;Asciutto;Asfaltata;Verticale;Sereno;Scarso;Buona;;1;0;0;1;12.5849;41.9365;-1;1;Motociclo a solo;In marcia / fermata / arresto;Conducente;M;Rimandato;0;NON DECEDUTO;Non accertato;
5512246;7;13/07/2021 21:15:00;Strada Urbana;VIA ARCEVIA;all'intersezione con;VIA CAGLI;VIA CAGLI;;;Scontro frontale/laterale SX fra veicoli in marcia;Incrocio;Una carreggiata a doppio senso;Asciutto;Asfaltata;Verticale;Sereno;Scarso;Buona;;1;0;0;1;12.5849;41.9365;-1;2;Autovettura privata;In marcia / fermata / arresto;Conducente;M;Illeso;0;;Non accertato;Inesploso
5512251;13;14/07/2021 02:50:00;Strada Urbana;VIA CRISTOFORO COLOMBO;all'intersezione con;VIA ERMANNO WOLF FERRARI;VIA ERMANNO WOLF FERRARI;;;Veicolo in marcia contro ostacolo fisso;Incrocio;Pi� di due carreggiate;Asciutto;Asfaltata;Verticale ed orizzontale;Sereno;Scarso;Buona;;0;0;0;1;12.4536;41.8089;-1;1;Autovettura privata;In marcia / fermata / arresto;Conducente;M;Illeso;0;;Non accertato;Inesploso
5512270;1;13/07/2021 16:00:00;Strada Urbana;PIAZZA DEI PONZIANI;da specificare;;;;ALTEZZA CIVICO 8;Veicolo in marcia contro veicolo in sosta;Rotatoria;Una carreggiata a senso unico alternato;Asciutto;Asfaltata;Verticale ed orizzontale;Sereno;Normale;Buona;;0;0;0;0;12.478;41.8885;-1;1;Autovettura privata;Sosta;;;;;;;
5512270;1;13/07/2021 16:00:00;Strada Urbana;PIAZZA DEI PONZIANI;da specificare;;;;ALTEZZA CIVICO 8;Veicolo in marcia contro veicolo in sosta;Rotatoria;Una carreggiata a senso unico alternato;Asciutto;Asfaltata;Verticale ed orizzontale;Sereno;Normale;Buona;;0;0;0;0;12.478;41.8885;-1;2;Autocarro inferiore 35 q.;In marcia / fermata / arresto;;;;;;;
5512287;1;13/07/2021 15:10:00;Strada Urbana;VIA DEL TEATRO DI MARCELLO;in prossimit�;;del palo luce n.;7;;Veicolo in marcia contro ostacolo accidentale;Rettilineo;Una carreggiata a senso unico di marcia;;In cubetti di porfido;Orizzontale;Sereno;Normale;Buona;;0;0;0;1;;;0;1;Motociclo a solo;In marcia / fermata / arresto;Conducente;M;Illeso;0;;;
5512292;18;12/07/2021 06:55:00;Strada Urbana;VIA DI BOCCEA;in prossimit�;;del civico n.;319;;Scontro frontale/laterale SX fra veicoli in marcia;Rettilineo;Una carreggiata a doppio senso;Asciutto;Asfaltata;Verticale ed orizzontale;Sereno;Normale;Buona;;1;0;0;1;12.4118;41.9029;-1;1;Autovettura privata;In marcia / fermata / arresto;Conducente;F;Rimandato;0;NON DECEDUTO;Non accertato;Inesploso
5512292;18;12/07/2021 06:55:00;Strada Urbana;VIA DI BOCCEA;in prossimit�;;del civico n.;319;;Scontro frontale/laterale SX fra veicoli in marcia;Rettilineo;Una carreggiata a doppio senso;Asciutto;Asfaltata;Verticale ed orizzontale;Sereno;Normale;Buona;;1;0;0;1;12.4118;41.9029;-1;2;Autovettura privata;In marcia / fermata / arresto;Conducente;M;Illeso;0;;Non accertato;Inesploso
5512293;3;13/07/2021 21:35:00;Strada Urbana;CIRCONVALLAZIONE NOMENTANA;da specificare;;;;fronte Via Lorenzo il Magnifico;Investimento di pedone;Rettilineo;Pi� di due carreggiate;Asciutto;Asfaltata;Verticale ed orizzontale;Nuvoloso;Scarso;Sufficiente;;0;1;0;1;12.527;41.9196;-1;;;;Pedone;M;Prognosi riservata;0;NON DECEDUTO;;
5512293;3;13/07/2021 21:35:00;Strada Urbana;CIRCONVALLAZIONE NOMENTANA;da specificare;;;;fronte Via Lorenzo il Magnifico;Investimento di pedone;Rettilineo;Pi� di due carreggiate;Asciutto;Asfaltata;Verticale ed orizzontale;Nuvoloso;Scarso;Sufficiente;;0;1;0;1;12.527;41.9196;-1;1;Autovettura privata;In marcia / fermata / arresto;Conducente;F;Illeso;0;;Non accertato;Inesploso
5512296;13;13/07/2021 12:00:00;Strada Urbana;VIA CESARE LAURENTI;in prossimit�;;del civico n.;20;;Veicolo in marcia contro veicolo in sosta;Rettilineo;Una carreggiata a senso unico di marcia;Asciutto;Asfaltata;Verticale ed orizzontale;Sereno;Normale;Sufficiente;;0;0;0;2;12.2852;41.7341;-1;1;Autovettura privata;In marcia / fermata / arresto;Conducente;F;Illeso;0;;Non accertato;Inesploso
5512296;13;13/07/2021 12:00:00;Strada Urbana;VIA CESARE LAURENTI;in prossimit�;;del civico n.;20;;Veicolo in marcia contro veicolo in sosta;Rettilineo;Una carreggiata a senso unico di marcia;Asciutto;Asfaltata;Verticale ed orizzontale;Sereno;Normale;Sufficiente;;0;0;0;2;12.2852;41.7341;-1;1;Autovettura privata;In marcia / fermata / arresto;Passeggero;F;Illeso;0;;Non accertato;Inesploso
5512296;13;13/07/2021 12:00:00;Strada Urbana;VIA CESARE LAURENTI;in prossimit�;;del civico n.;20;;Veicolo in marcia contro veicolo in sosta;Rettilineo;Una carreggiata a senso unico di marcia;Asciutto;Asfaltata;Verticale ed orizzontale;Sereno;Normale;Sufficiente;;0;0;0;2;12.2852;41.7341;-1;2;Autovettura privata;Sosta;;;;;;;
5512303;7;13/07/2021 16:50:00;Strada Urbana;VIALE PALMIRO TOGLIATTI;in corrispondenza;;del civico n.;680;;Scontro frontale/laterale SX fra veicoli in marcia;Rettilineo;Due carreggiate;Asciutto;Asfaltata;Orizzontale;Nuvoloso;Normale;Buona;;0;0;0;2;12.5732;41.8797;-1;1;Autovettura privata;In marcia / fermata / arresto;Conducente;M;Illeso;0;;;Inesploso
5512303;7;13/07/2021 16:50:00;Strada Urbana;VIALE PALMIRO TOGLIATTI;in corrispondenza;;del civico n.;680;;Scontro frontale/laterale SX fra veicoli in marcia;Rettilineo;Due carreggiate;Asciutto;Asfaltata;Orizzontale;Nuvoloso;Normale;Buona;;0;0;0;2;12.5732;41.8797;-1;2;Motociclo a solo;In marcia / fermata / arresto;Conducente;M;Illeso;0;;Non accertato;
5512326;17;13/07/2021 20:30:00;Strada Urbana;VIALE VATICANO;in prossimit�;;del civico n.;84 A;;Ribaltamento senza urto contro ostacolo fisso;Curva senza visuale libera;Una carreggiata a doppio senso;Bagnato (umidit� in atto);Asfaltata;Orizzontale;Nuvoloso;Normale;Buona;;1;0;0;0;12.4504;41.9065;0;1;Motociclo a solo;In marcia / fermata / arresto;Conducente;M;Rimandato;0;NON DECEDUTO;;
5512383;18;13/07/2021 11:00:00;;VIA GREGORIO VII;in corrispondenza;;del civico n.;305;;Veicolo in marcia contro veicolo in sosta;;;;;;;;;;0;0;0;2;12.4424;41.8962;0;1;Autovettura privata;Sosta;Conducente;;Illeso;0;;;
5512383;18;13/07/2021 11:00:00;;VIA GREGORIO VII;in corrispondenza;;del civico n.;305;;Veicolo in marcia contro veicolo in sosta;;;;;;;;;;0;0;0;2;12.4424;41.8962;0;2;Autovettura privata;In marcia / fermata / arresto;Conducente;M;Illeso;0;;;
5512413;1;12/07/2021 23:30:00;Strada Urbana;VIA DEL TEATRO DI MARCELLO;in prossimit�;;del civico n.;16;;Veicolo in marcia contro ostacolo accidentale;Rettilineo;;Viscido da liquidi oleosi;In cubetti di porfido;Verticale ed orizzontale;Sereno;Normale;Sufficiente;;0;0;0;2;;;0;1;Motociclo a solo;In marcia / fermata / arresto;Conducente;M;Illeso;0;;;
5512413;1;12/07/2021 23:30:00;Strada Urbana;VIA DEL TEATRO DI MARCELLO;in prossimit�;;del civico n.;16;;Veicolo in marcia contro ostacolo accidentale;Rettilineo;;Viscido da liquidi oleosi;In cubetti di porfido;Verticale ed orizzontale;Sereno;Normale;Sufficiente;;0;0;0;2;;;0;1;Motociclo a solo;In marcia / fermata / arresto;Passeggero;F;Illeso;0;;;
5512431;4;13/07/2021 21:10:00;Provinciale entro l'abitato;VIA NOMENTANA;in prossimit�;;del civico n.;925;;Veicolo in marcia contro ostacolo fisso;Rettilineo;Una carreggiata a doppio senso;Bagnato (pioggia);Asfaltata;Verticale ed orizzontale;Nuvoloso;Normale;Buona;;2;0;0;0;12.5587;41.9438;-1;1;Motociclo a solo;In marcia / fermata / arresto;Conducente;M;Rimandato;0;NON DECEDUTO;Utilizzato;
5512431;4;13/07/2021 21:10:00;Provinciale entro l'abitato;VIA NOMENTANA;in prossimit�;;del civico n.;925;;Veicolo in marcia contro ostacolo fisso;Rettilineo;Una carreggiata a doppio senso;Bagnato (pioggia);Asfaltata;Verticale ed orizzontale;Nuvoloso;Normale;Buona;;2;0;0;0;12.5587;41.9438;-1;2;Autovettura privata;In marcia / fermata / arresto;Conducente;F;Rimandato;0;NON DECEDUTO;Non accertato;Esploso
5512431;4;13/07/2021 21:10:00;Provinciale entro l'abitato;VIA NOMENTANA;in prossimit�;;del civico n.;925;;Veicolo in marcia contro ostacolo fisso;Rettilineo;Una carreggiata a doppio senso;Bagnato (pioggia);Asfaltata;Verticale ed orizzontale;Nuvoloso;Normale;Buona;;2;0;0;0;12.5587;41.9438;-1;3;Autovettura privata;Sosta;;;;;;;
5512434;5;13/07/2021 08:30:00;Strada Urbana;VIA GIUSEPPE ANTONIO ANDRIULLI;da specificare;;;;dir. Tiburtina prox semaforo pedonale;Scontro laterale fra veicoli in marcia;Rettilineo;Due carreggiate;Asciutto;Asfaltata;Verticale ed orizzontale;Sereno;Normale;Buona;;0;0;0;3;12.5576;41.9041;-1;1;Autocarro inferiore 35 q.;In marcia / fermata / arresto;Conducente;M;Illeso;0;;;
5512434;5;13/07/2021 08:30:00;Strada Urbana;VIA GIUSEPPE ANTONIO ANDRIULLI;da specificare;;;;dir. Tiburtina prox semaforo pedonale;Scontro laterale fra veicoli in marcia;Rettilineo;Due carreggiate;Asciutto;Asfaltata;Verticale ed orizzontale;Sereno;Normale;Buona;;0;0;0;3;12.5576;41.9041;-1;1;Autocarro inferiore 35 q.;In marcia / fermata / arresto;Passeggero;M;Illeso;0;;;
5512434;5;13/07/2021 08:30:00;Strada Urbana;VIA GIUSEPPE ANTONIO ANDRIULLI;da specificare;;;;dir. Tiburtina prox semaforo pedonale;Scontro laterale fra veicoli in marcia;Rettilineo;Due carreggiate;Asciutto;Asfaltata;Verticale ed orizzontale;Sereno;Normale;Buona;;0;0;0;3;12.5576;41.9041;-1;2;Autovettura privata;In marcia / fermata / arresto;Conducente;M;Illeso;0;;;
5512469;2;14/07/2021 01:50:00;Strada Urbana;VIALE SOMALIA;in prossimit�;;del civico n.;119;;Veicolo in marcia contro veicoli in sosta;Rettilineo;Una carreggiata a doppio senso;Asciutto;Asfaltata;Verticale ed orizzontale;Sereno;Scarso;Buona;;0;0;0;0;12.5165;41.9358;-1;1;Autovettura privata;In marcia / fermata / arresto;;;;;;;
5512469;2;14/07/2021 01:50:00;Strada Urbana;VIALE SOMALIA;in prossimit�;;del civico n.;119;;Veicolo in marcia contro veicoli in sosta;Rettilineo;Una carreggiata a doppio senso;Asciutto;Asfaltata;Verticale ed orizzontale;Sereno;Scarso;Buona;;0;0;0;0;12.5165;41.9358;-1;2;Autovettura privata;Sosta;;;;;;;
5512469;2;14/07/2021 01:50:00;Strada Urbana;VIALE SOMALIA;in prossimit�;;del civico n.;119;;Veicolo in marcia contro veicoli in sosta;Rettilineo;Una carreggiata a doppio senso;Asciutto;Asfaltata;Verticale ed orizzontale;Sereno;Scarso;Buona;;0;0;0;0;12.5165;41.9358;-1;3;Autovettura privata;Sosta;;;;;;;
5512469;2;14/07/2021 01:50:00;Strada Urbana;VIALE SOMALIA;in prossimit�;;del civico n.;119;;Veicolo in marcia contro veicoli in sosta;Rettilineo;Una carreggiata a doppio senso;Asciutto;Asfaltata;Verticale ed orizzontale;Sereno;Scarso;Buona;;0;0;0;0;12.5165;41.9358;-1;4;Autovettura privata;Sosta;;;;;;;
5512469;2;14/07/2021 01:50:00;Strada Urbana;VIALE SOMALIA;in prossimit�;;del civico n.;119;;Veicolo in marcia contro veicoli in sosta;Rettilineo;Una carreggiata a doppio senso;Asciutto;Asfaltata;Verticale ed orizzontale;Sereno;Scarso;Buona;;0;0;0;0;12.5165;41.9358;-1;5;Autovettura privata;Sosta;;;;;;;