Protocollo;Gruppo;DataOraIncidente;Localizzazione1;STRADA1;Localizzazione2;STRADA2;Strada02;Chilometrica;DaSpecificare;NaturaIncidente;particolaritastrade;TipoStrada;FondoStradale;Pavimentazione;Segnaletica;CondizioneAtmosferica;Traffico;Visibilita;Illuminazione;NUM_FERITI;NUM_RISERVATA;NUM_MORTI;NUM_ILLESI;Longitudine;Latitudine;Confermato;Progressivo;TipoVeicolo;StatoVeicolo;TipoPersona;Sesso;Tipolesione;Deceduto;DecedutoDopo;CinturaCascoUtilizzato;Airbag;
5514043;1;14/07/2021 20:45:00;Strada Urbana;VIA DEL CIRCO MASSIMO;all'intersezione con;VIA DELLA FONTE DI FAUNO;VIA DELLA FONTE DI FAUNO;;;Tamponamento;Incrocio;Una carreggiata a doppio senso;Asciutto;Asfaltata;Verticale ed orizzontale;Sereno;Scarso;Sufficiente;;2;0;0;2;12.4872;41.8841;-1;2;Motociclo a solo;In marcia / fermata / arresto;Passeggero;F;Rimandato;0;NON DECEDUTO;Non accertato;
5514047;9;14/07/2021 21:10:00;Strada Urbana;VIA DEI DURANTINI;in prossimit�;;del civico n.;267B;;Infortunio per caduta del veicolo;Rettilineo;Una carreggiata a doppio senso;Asciutto;Asfaltata;Verticale ed orizzontale;Sereno;Normale;Sufficiente;;1;0;0;1;12.5451;41.919;-1;1;Motociclo a solo;In marcia / fermata / arresto;Conducente;M;Rimandato;0;NON DECEDUTO;Non accertato;
5514047;9;14/07/2021 21:10:00;Strada Urbana;VIA DEI DURANTINI;in prossimit�;;del civico n.;267B;;Infortunio per caduta del veicolo;Rettilineo;Una carreggiata a doppio senso;Asciutto;Asfaltata;Verticale ed orizzontale;Sereno;Normale;Sufficiente;;1;0;0;1;12.5451;41.919;-1;2;Autovettura privata;In marcia / fermata / arresto;Conducente;M;Illeso;0;;Non accertato;Inesploso
5514062;11;14/07/2021 12:40:00;Strada Urbana;VIA CRISTOFORO COLOMBO;da specificare;;;;Prossimit� Via GENOCCHI;Scontro laterale fra veicoli in marcia;Rettilineo;Pi� di due carreggiate;Asciutto;Asfaltata;Verticale ed orizzontale;Sereno;Normale;Buona;;0;0;0;2;12.4964;41.8587;-1;1;Motociclo a solo;In marcia / fermata / arresto;Conducente;M;Illeso;0;;Non accertato;
5514062;11;14/07/2021 12:40:00;Strada Urbana;VIA CRISTOFORO COLOMBO;da specificare;;;;Prossimit� Via GENOCCHI;Scontro laterale fra veicoli in marcia;Rettilineo;Pi� di due carreggiate;Asciutto;Asfaltata;Verticale ed orizzontale;Sereno;Normale;Buona;;0;0;0;2;12.4964;41.8587;-1;2;Autovettura privata;Allontanatosi;Conducente;F;Illeso;0;;Non accertato;
5514067;7;14/07/2021 19:40:00;Strada Urbana;VIALE ENZO FERRARI;in prossimit�;;del palo luce n.;1940;;Veicolo in marcia contro veicolo fermo;Rettilineo;Due carreggiate;Asciutto;Asfaltata;Verticale ed orizzontale;Sereno;Normale;Buona;;1;0;0;3;12.5921;41.8907;-1;1;Autovettura privata;In marcia / fermata / arresto;Conducente;F;Illeso;0;;Non accertato;Inesploso
5514067;7;14/07/2021 19:40:00;Strada Urbana;VIALE ENZO FERRARI;in prossimit�;;del palo luce n.;1940;;Veicolo in marcia contro veicolo fermo;Rettilineo;Due carreggiate;Asciutto;Asfaltata;Verticale ed orizzontale;Sereno;Normale;Buona;;1;0;0;3;12.5921;41.8907;-1;1;Autovettura privata;In marcia / fermata / arresto;Passeggero;F;Illeso;0;;Non accertato;Inesploso
5514067;7;14/07/2021 19:40:00;Strada Urbana;VIALE ENZO FERRARI;in prossimit�;;del palo luce n.;1940;;Veicolo in marcia contro veicolo fermo;Rettilineo;Due carreggiate;Asciutto;Asfaltata;Verticale ed orizzontale;Sereno;Normale;Buona;;1;0;0;3;12.5921;41.8907;-1;1;Autovettura privata;In marcia / fermata / arresto;Passeggero;M;Rimandato;0;NON DECEDUTO;Non accertato;Inesploso
5514067;7;14/07/2021 19:40:00;Strada Urbana;VIALE ENZO FERRARI;in prossimit�;;del palo luce n.;1940;;Veicolo in marcia contro veicolo fermo;Rettilineo;Due carreggiate;Asciutto;Asfaltata;Verticale ed orizzontale;Sereno;Normale;Buona;;1;0;0;3;12.5921;41.8907;-1;2;Autovettura privata;In marcia / fermata / arresto;Conducente;F;Illeso;0;;Non accertato;Inesploso
5514070;10;15/07/2021;Strada Urbana;VIA OTELLO STEFANINI;da specificare;;;;altezza piazza E. Viola;Veicolo in marcia contro ostacolo accidentale;Rettilineo;Una carreggiata a senso unico di marcia;Asciutto;Asfaltata;Verticale ed orizzontale;Sereno;Scarso;Sufficiente;;0;0;0;2;12.5857;41.8452;-1;1;Autovettura privata;In marcia / fermata / arresto;Conducente;M;Illeso;0;;Non accertato;Inesploso
5514070;10;15/07/2021;Strada Urbana;VIA OTELLO STEFANINI;da specificare;;;;altezza piazza E. Viola;Veicolo in marcia contro ostacolo accidentale;Rettilineo;Una carreggiata a senso unico di marcia;Asciutto;Asfaltata;Verticale ed orizzontale;Sereno;Scarso;Sufficiente;;0;0;0;2;12.5857;41.8452;-1;1;Autovettura privata;In marcia / fermata / arresto;Passeggero;F;Illeso;0;;Non accertato;Inesploso
5514071;15;13/07/2021 08:30:00;Strada Urbana;VIA PORTUENSE;all'intersezione semaforizzata con;VIA USINI;VIA USINI;;;Veicolo in marcia contro ostacolo accidentale;Incrocio;Una carreggiata a doppio senso;Asciutto;Asfaltata;Verticale ed orizzontale;Sereno;Scarso;Buona;;0;0;0;1;12.3391;41.8129;-1;1;Autovettura privata;In marcia / fermata / arresto;Conducente;M;Illeso;0;;;Inesploso
5514079;11;14/07/2021 17:00:00;Strada Urbana;VIA CRISTOFORO COLOMBO;da specificare;;;;palo acea 30;Tamponamento;Rettilineo;Pi� di due carreggiate;Asciutto;Asfaltata;Verticale ed orizzontale;Sereno;Normale;Buona;;0;0;0;2;12.4965;41.8652;-1;1;Autocarro inferiore 35 q.;In marcia / fermata / arresto;Conducente;M;Illeso;0;;Non accertato;
5514079;11;14/07/2021 17:00:00;Strada Urbana;VIA CRISTOFORO COLOMBO;da specificare;;;;palo acea 30;Tamponamento;Rettilineo;Pi� di due carreggiate;Asciutto;Asfaltata;Verticale ed orizzontale;Sereno;Normale;Buona;;0;0;0;2;12.4965;41.8652;-1;2;Autovettura privata;In marcia / fermata / arresto;Conducente;M;Illeso;0;;Non accertato;
5514082;3;14/07/2021 15:30:00;Strada Urbana;CIRCONVALLAZIONE TIBURTINA;da specificare;;;;prossimit� freonte innesto A24;Scontro laterale fra veicoli in marcia;Rettilineo;Una carreggiata a senso unico di marcia;Asciutto;Asfaltata;Verticale ed orizzontale;Sereno;Normale;Buona;;0;0;0;2;12.5281;41.8995;-1;1;Motociclo a solo;In marcia / fermata / arresto;Conducente;M;Illeso;0;;;
5514082;3;14/07/2021 15:30:00;Strada Urbana;CIRCONVALLAZIONE TIBURTINA;da specificare;;;;prossimit� freonte innesto A24;Scontro laterale fra veicoli in marcia;Rettilineo;Una carreggiata a senso unico di marcia;Asciutto;Asfaltata;Verticale ed orizzontale;Sereno;Normale;Buona;;0;0;0;2;12.5281;41.8995;-1;2;Autovettura privata;In marcia / fermata / arresto;Conducente;M;Illeso;0;;;
5514086;12;14/07/2021 18:50:00;Provinciale;VIA CRISTOFORO COLOMBO;in prossimit�;;della chilometrica;13.9;;Scontro laterale fra veicoli in marcia;Rettilineo;Pi� di due carreggiate;Asciutto;Asfaltata;Verticale ed orizzontale;Sereno;Intenso;Buona;;1;0;0;4;12.4481;41.8038;-1;1;Autovettura privata;In marcia / fermata / arresto;Conducente;F;Illeso;0;;;
5514086;12;14/07/2021 18:50:00;Provinciale;VIA CRISTOFORO COLOMBO;in prossimit�;;della chilometrica;13.9;;Scontro laterale fra veicoli in marcia;Rettilineo;Pi� di due carreggiate;Asciutto;Asfaltata;Verticale ed orizzontale;Sereno;Intenso;Buona;;1;0;0;4;12.4481;41.8038;-1;1;Autovettura privata;In marcia / fermata / arresto;Passeggero;F;Illeso;0;;;
5514086;12;14/07/2021 18:50:00;Provinciale;VIA CRISTOFORO COLOMBO;in prossimit�;;della chilometrica;13.9;;Scontro laterale fra veicoli in marcia;Rettilineo;Pi� di due carreggiate;Asciutto;Asfaltata;Verticale ed orizzontale;Sereno;Intenso;Buona;;1;0;0;4;12.4481;41.8038;-1;1;Autovettura privata;In marcia / fermata / arresto;Passeggero;M;Illeso;0;;;
5514086;12;14/07/2021 18:50:00;Provinciale;VIA CRISTOFORO COLOMBO;in prossimit�;;della chilometrica;13.9;;Scontro laterale fra veicoli in marcia;Rettilineo;Pi� di due carreggiate;Asciutto;Asfaltata;Verticale ed orizzontale;Sereno;Intenso;Buona;;1;0;0;4;12.4481;41.8038;-1;2;Motociclo con passeggero;In marcia / fermata / arresto;Conducente;M;Rimandato;0;NON DECEDUTO;;
5514091;11;15/07/2021 07:25:00;Strada Urbana;VIALE GUGLIELMO MARCONI;in prossimit�;;del civico n.;644;;Scontro laterale fra veicoli in marcia;Rettilineo;Due carreggiate;Asciutto;Asfaltata;Orizzontale;Sereno;Normale;Buona;;0;0;0;2;12.4739;41.8511;-1;1;Autovettura privata;In marcia / fermata / arresto;Conducente;M;Illeso;0;;Non accertato;Inesploso
5514091;11;15/07/2021 07:25:00;Strada Urbana;VIALE GUGLIELMO MARCONI;in prossimit�;;del civico n.;644;;Scontro laterale fra veicoli in marcia;Rettilineo;Due carreggiate;Asciutto;Asfaltata;Orizzontale;Sereno;Normale;Buona;;0;0;0;2;12.4739;41.8511;-1;2;Autovettura privata;In marcia / fermata / arresto;Conducente;M;Illeso;0;;Non accertato;Inesploso
5514097;7;14/07/2021 20:10:00;Strada Urbana;VIA TIBURTINA;in corrispondenza;;del civico n.;346;;Scontro frontale fra veicoli in marcia;Rettilineo;Due carreggiate;Asciutto;Asfaltata;Orizzontale;Sereno;Normale;Buona;;0;0;0;2;12.5351;41.9081;-1;1;Autovettura privata;In marcia / fermata / arresto;Conducente;M;Illeso;0;;Non accertato;Inesploso
5514097;7;14/07/2021 20:10:00;Strada Urbana;VIA TIBURTINA;in corrispondenza;;del civico n.;346;;Scontro frontale fra veicoli in marcia;Rettilineo;Due carreggiate;Asciutto;Asfaltata;Orizzontale;Sereno;Normale;Buona;;0;0;0;2;12.5351;41.9081;-1;2;Autovettura privata;In marcia / fermata / arresto;Conducente;M;Illeso;0;;Non accertato;Inesploso
5514098;1;14/07/2021 20:30:00;Strada Urbana;PIAZZA DELLA ROVERE;in prossimit�;;del civico n.;83;;Scontro laterale fra veicoli in marcia;Curva a visuale libera;Una carreggiata a senso unico di marcia;Asciutto;Asfaltata;Verticale ed orizzontale;Nuvoloso;Normale;Buona;;0;0;0;2;12.4626;41.8997;-1;1;Autovettura privata;In marcia / fermata / arresto;Conducente;M;Illeso;0;;Non accertato;Inesploso
5514098;1;14/07/2021 20:30:00;Strada Urbana;PIAZZA DELLA ROVERE;in prossimit�;;del civico n.;83;;Scontro laterale fra veicoli in marcia;Curva a visuale libera;Una carreggiata a senso unico di marcia;Asciutto;Asfaltata;Verticale ed orizzontale;Nuvoloso;Normale;Buona;;0;0;0;2;12.4626;41.8997;-1;2;Autovettura privata;In marcia / fermata / arresto;Conducente;F;Illeso;0;;Non accertato;Inesploso
5514104;7;14/07/2021 11:00:00;Strada Urbana;VIA PRENESTINA;all'intersezione con;VIA DEI CICLAMINI;VIA DEI CICLAMINI;;;Scontro frontale/laterale DX fra veicoli in marcia;Incrocio;Una carreggiata a senso unico di marcia;Asciutto;Asfaltata;Verticale ed orizzontale;Nuvoloso;Normale;Buona;;0;0;0;2;12.5651;41.8947;-1;1;Autovettura pubblica;In marcia / fermata / arresto;Conducente;M;Illeso;0;;Non accertato;Inesploso
5514104;7;14/07/2021 11:00:00;Strada Urbana;VIA PRENESTINA;all'intersezione con;VIA DEI CICLAMINI;VIA DEI CICLAMINI;;;Scontro frontale/laterale DX fra veicoli in marcia;Incrocio;Una carreggiata a senso unico di marcia;Asciutto;Asfaltata;Verticale ed orizzontale;Nuvoloso;Normale;Buona;;0;0;0;2;12.5651;41.8947;-1;2;Autovettura privata;In marcia / fermata / arresto;Conducente;M;Illeso;0;;Non accertato;Inesploso
5514114;7;14/07/2021 19:30:00;Strada Urbana;VIA FEDERICO DELPINO;all'intersezione con;PIAZZA TEOFRASTO;PIAZZA TEOFRASTO;;;Scontro frontale/laterale DX fra veicoli in marcia;Incrocio;Una carreggiata a doppio senso;Asciutto;Asfaltata;Verticale ed orizzontale;Sereno;Normale;Buona;;0;0;0;2;12.5639;41.8912;-1;1;Autovettura privata;In marcia / fermata / arresto;Conducente;M;Illeso;0;;Non accertato;Inesploso
5514114;7;14/07/2021 19:30:00;Strada Urbana;VIA FEDERICO DELPINO;all'intersezione con;PIAZZA TEOFRASTO;PIAZZA TEOFRASTO;;;Scontro frontale/laterale DX fra veicoli in marcia;Incrocio;Una carreggiata a doppio senso;Asciutto;Asfaltata;Verticale ed orizzontale;Sereno;Normale;Buona;;0;0;0;2;12.5639;41.8912;-1;2;Autovettura privata;In marcia / fermata / arresto;Conducente;M;Illeso;0;;Non accertato;Inesploso
5514119;1;14/07/2021 18:00:00;Strada Urbana;LARGO DELLA SANITA' MILITARE;da specificare;;;;interno piazza;Scontro frontale/laterale DX fra veicoli in marcia;Rettilineo;Una carreggiata a senso unico di marcia;Asciutto;Asfaltata;Verticale ed orizzontale;Sereno;Normale;Buona;;1;0;0;1;12.4958;41.8865;-1;1;Autovettura privata;In marcia / fermata / arresto;Conducente;F;Rimandato;0;NON DECEDUTO;Non accertato;Inesploso
5514119;1;14/07/2021 18:00:00;Strada Urbana;LARGO DELLA SANITA' MILITARE;da specificare;;;;interno piazza;Scontro frontale/laterale DX fra veicoli in marcia;Rettilineo;Una carreggiata a senso unico di marcia;Asciutto;Asfaltata;Verticale ed orizzontale;Sereno;Normale;Buona;;1;0;0;1;12.4958;41.8865;-1;2;Autovettura privata;In marcia / fermata / arresto;Conducente;F;Illeso;0;;Non accertato;Inesploso
5514122;11;14/07/2021 22:00:00;Strada Urbana;VIALE GUGLIELMO MARCONI;all'intersezione semaforizzata con;VIA SALVATORE PINCHERLE;VIA SALVATORE PINCHERLE;;;Tamponamento;Intersezione semaforizzata;Due carreggiate;Asciutto;Asfaltata;Verticale ed orizzontale;Sereno;Scarso;Sufficiente;;0;0;0;3;12.4736;41.8516;-1;1;Autovettura privata;In marcia / fermata / arresto;Conducente;M;Illeso;0;;Non accertato;
5514122;11;14/07/2021 22:00:00;Strada Urbana;VIALE GUGLIELMO MARCONI;all'intersezione semaforizzata con;VIA SALVATORE PINCHERLE;VIA SALVATORE PINCHERLE;;;Tamponamento;Intersezione semaforizzata;Due carreggiate;Asciutto;Asfaltata;Verticale ed orizzontale;Sereno;Scarso;Sufficiente;;0;0;0;3;12.4736;41.8516;-1;2;Autovettura pubblica;In marcia / fermata / arresto;Conducente;M;Illeso;0;;Non accertato;
5514122;11;14/07/2021 22:00:00;Strada Urbana;VIALE GUGLIELMO MARCONI;all'intersezione semaforizzata con;VIA SALVATORE PINCHERLE;VIA SALVATORE PINCHERLE;;;Tamponamento;Intersezione semaforizzata;Due carreggiate;Asciutto;Asfaltata;Verticale ed orizzontale;Sereno;Scarso;Sufficiente;;0;0;0;3;12.4736;41.8516;-1;2;Autovettura pubblica;In marcia / fermata / arresto;Passeggero;F;Illeso;0;;Non accertato;
5514123;11;14/07/2021 06:45:00;Strada Urbana;VIA DEL PORTO FLUVIALE;in corrispondenza;;del civico n.;69;;Scontro frontale/laterale SX fra veicoli in marcia;Rettilineo;Una carreggiata a doppio senso;Asciutto;Asfaltata;Orizzontale;Sereno;Scarso;Buona;;0;0;0;2;12.4744;41.8722;-1;1;Autovettura privata;In marcia / fermata / arresto;Conducente;M;Illeso;0;;Non accertato;
5514123;11;14/07/2021 06:45:00;Strada Urbana;VIA DEL PORTO FLUVIALE;in corrispondenza;;del civico n.;69;;Scontro frontale/laterale SX fra veicoli in marcia;Rettilineo;Una carreggiata a doppio senso;Asciutto;Asfaltata;Orizzontale;Sereno;Scarso;Buona;;0;0;0;2;12.4744;41.8722;-1;2;Autovettura privata;In marcia / fermata / arresto;Conducente;M;Illeso;0;;Non accertato;
5514123;11;14/07/2021 06:45:00;Strada Urbana;VIA DEL PORTO FLUVIALE;in corrispondenza;;del civico n.;69;;Scontro frontale/laterale SX fra veicoli in marcia;Rettilineo;Una carreggiata a doppio senso;Asciutto;Asfaltata;Orizzontale;Sereno;Scarso;Buona;;0;0;0;2;12.4744;41.8722;-1;3;Autovettura privata;Sosta;;;;;;;
5514124;10;15/07/2021 00:30:00;Strada Urbana;VIA TUSCOLANA;in corrispondenza;;del civico n.;1263;;Veicolo in marcia contro ostacolo fisso;Rettilineo;Due carreggiate;Asciutto;Asfaltata;Verticale ed orizzontale;Sereno;Scarso;Insufficiente;;0;0;0;2;12.6061;41.835;-1;1;Autovettura privata;In marcia / fermata / arresto;Conducente;M;Illeso;0;;Non accertato;Esploso
5514124;10;15/07/2021 00:30:00;Strada Urbana;VIA TUSCOLANA;in corrispondenza;;del civico n.;1263;;Veicolo in marcia contro ostacolo fisso;Rettilineo;Due carreggiate;Asciutto;Asfaltata;Verticale ed orizzontale;Sereno;Scarso;Insufficiente;;0;0;0;2;12.6061;41.835;-1;1;Autovettura privata;In marcia / fermata / arresto;Passeggero;F;Illeso;0;;Non accertato;Esploso
5514154;1;14/07/2021 18:30:00;Strada Urbana;VIA EMILIO MOROSINI;da specificare;;;;in prossimit� fermata ATAC N.72993;Tamponamento;Rettilineo;Una carreggiata a senso unico di marcia;Asciutto;Asfaltata;Verticale ed orizzontale;Sereno;Normale;Sufficiente;;1;0;0;2;12.4701;41.8859;-1;1;Autovettura privata;In marcia / fermata / arresto;Conducente;M;Illeso;0;;;
5514154;1;14/07/2021 18:30:00;Strada Urbana;VIA EMILIO MOROSINI;da specificare;;;;in prossimit� fermata ATAC N.72993;Tamponamento;Rettilineo;Una carreggiata a senso unico di marcia;Asciutto;Asfaltata;Verticale ed orizzontale;Sereno;Normale;Sufficiente;;1;0;0;2;12.4701;41.8859;-1;2;Autovettura pubblica;In marcia / fermata / arresto;Conducente;M;Illeso;0;;Non accertato;Inesploso
5514154;1;14/07/2021 18:30:00;Strada Urbana;VIA EMILIO MOROSINI;da specificare;;;;in prossimit� fermata ATAC N.72993;Tamponamento;Rettilineo;Una carreggiata a senso unico di marcia;Asciutto;Asfaltata;Verticale ed orizzontale;Sereno;Normale;Sufficiente;;1;0;0;2;12.4701;41.8859;-1;2;Autovettura pubblica;In marcia / fermata / arresto;Passeggero;M;Rimandato;0;NON DECEDUTO;;
5514162;11;14/07/2021 14:55:00;Strada Urbana;PIAZZALE ANTONIO TOSTI;all'intersezione con;VIALE CARLO TOMMASO ODESCALCHI;VIALE CARLO TOMMASO ODESCALCHI;;;Scontro frontale/laterale DX fra veicoli in marcia;Incrocio;Due carreggiate;Asciutto;Asfaltata;Verticale ed orizzontale;Sereno;Scarso;Buona;;0;0;0;2;12.5013;41.8573;-1;1;Autovettura privata;In marcia / fermata / arresto;Conducente;M;Illeso;0;;Non accertato;
5514162;11;14/07/2021 14:55:00;Strada Urbana;PIAZZALE ANTONIO TOSTI;all'intersezione con;VIALE CARLO TOMMASO ODESCALCHI;VIALE CARLO TOMMASO ODESCALCHI;;;Scontro frontale/laterale DX fra veicoli in marcia;Incrocio;Due carreggiate;Asciutto;Asfaltata;Verticale ed orizzontale;Sereno;Scarso;Buona;;0;0;0;2;12.5013;41.8573;-1;2;Autocarro inferiore 35 q.;In marcia / fermata / arresto;Conducente;M;Illeso;0;;Non accertato;
5514220;4;14/07/2021 11:27:00;Strada Urbana;VIA JACOPONE DA TODI;in prossimit�;;del civico n.;25;;Veicolo in marcia contro veicoli in sosta;Rettilineo;Una carreggiata a senso unico di marcia;Asciutto;Asfaltata;Verticale ed orizzontale;Sereno;Normale;Buona;;0;0;0;1;12.5538;41.9427;-1;1;Autovettura privata;In marcia / fermata / arresto;Conducente;F;Illeso;0;;Non accertato;Inesploso
5514220;4;14/07/2021 11:27:00;Strada Urbana;VIA JACOPONE DA TODI;in prossimit�;;del civico n.;25;;Veicolo in marcia contro veicoli in sosta;Rettilineo;Una carreggiata a senso unico di marcia;Asciutto;Asfaltata;Verticale ed orizzontale;Sereno;Normale;Buona;;0;0;0;1;12.5538;41.9427;-1;2;Autovettura privata;Sosta;;;;;;;
5514220;4;14/07/2021 11:27:00;Strada Urbana;VIA JACOPONE DA TODI;in prossimit�;;del civico n.;25;;Veicolo in marcia contro veicoli in sosta;Rettilineo;Una carreggiata a senso unico di marcia;Asciutto;Asfaltata;Verticale ed orizzontale;Sereno;Normale;Buona;;0;0;0;1;12.5538;41.9427;-1;3;Motociclo a solo;Sosta;;;;;;;
5514220;4;14/07/2021 11:27:00;Strada Urbana;VIA JACOPONE DA TODI;in prossimit�;;del civico n.;25;;Veicolo in marcia contro veicoli in sosta;Rettilineo;Una carreggiata a senso unico di marcia;Asciutto;Asfaltata;Verticale ed orizzontale;Sereno;Normale;Buona;;0;0;0;1;12.5538;41.9427;-1;4;Motociclo a solo;Sosta;;;;;;;
5514220;4;14/07/2021 11:27:00;Strada Urbana;VIA JACOPONE DA TODI;in prossimit�;;del civico n.;25;;Veicolo in marcia contro veicoli in sosta;Rettilineo;Una carreggiata a senso unico di marcia;Asciutto;Asfaltata;Verticale ed orizzontale;Sereno;Normale;Buona;;0;0;0;1;12.5538;41.9427;-1;5;Motociclo a solo;Sosta;;;;;;;
5514220;4;14/07/2021 11:27:00;Strada Urbana;VIA JACOPONE DA TODI;in prossimit�;;del civico n.;25;;Veicolo in marcia contro veicoli in sosta;Rettilineo;Una carreggiata a senso unico di marcia;Asciutto;Asfaltata;Verticale ed orizzontale;Sereno;Normale;Buona;;0;0;0;1;12.5538;41.9427;-1;6;Motociclo a solo;Sosta;;;;;;;
5514220;4;14/07/2021 11:27:00;Strada Urbana;VIA JACOPONE DA TODI;in prossimit�;;del civico n.;25;;Veicolo in marcia contro veicoli in sosta;Rettilineo;Una carreggiata a senso unico di marcia;Asciutto;Asfaltata;Verticale ed orizzontale;Sereno;Normale;Buona;;0;0;0;1;12.5538;41.9427;-1;7;Motociclo a solo;Sosta;;;;;;;
5514232;4;14/07/2021 08:40:00;Strada Urbana;PIAZZALE JONIO;in prossimit�;;del civico n.;10;;Tamponamento;Rettilineo;Due carreggiate;Asciutto;Asfaltata;Verticale ed orizzontale;Sereno;Normale;Buona;;0;0;0;2;12.5264;41.9452;-1;1;Autovettura privata;In marcia / fermata / arresto;Conducente;M;Illeso;0;;Non accertato;
5514232;4;14/07/2021 08:40:00;Strada Urbana;PIAZZALE JONIO;in prossimit�;;del civico n.;10;;Tamponamento;Rettilineo;Due carreggiate;Asciutto;Asfaltata;Verticale ed orizzontale;Sereno;Normale;Buona;;0;0;0;2;12.5264;41.9452;-1;2;Motociclo a solo;In marcia / fermata / arresto;Conducente;M;Illeso;0;;Non accertato;
5514279;16;14/07/2021 18:15:00;Strada Urbana;VIA EDOARDO JENNER;all'intersezione con;VIA STEFANO BOCCAPADULI;VIA STEFANO BOCCAPADULI;;;Scontro frontale/laterale SX fra veicoli in marcia;Incrocio;Una carreggiata a doppio senso;Asciutto;Asfaltata;Verticale ed orizzontale;Sereno;Normale;Buona;;0;0;0;2;12.4447;41.8724;-1;1;Motociclo a solo;In marcia / fermata / arresto;Conducente;M;Illeso;0;;Non accertato;
5514279;16;14/07/2021 18:15:00;Strada Urbana;VIA EDOARDO JENNER;all'intersezione con;VIA STEFANO BOCCAPADULI;VIA STEFANO BOCCAPADULI;;;Scontro frontale/laterale SX fra veicoli in marcia;Incrocio;Una carreggiata a doppio senso;Asciutto;Asfaltata;Verticale ed orizzontale;Sereno;Normale;Buona;;0;0;0;2;12.4447;41.8724;-1;2;Autovettura privata;In marcia / fermata / arresto;Conducente;F;Illeso;0;;Non accertato;Inesploso
5514283;18;14/07/2021 12:10:00;Strada Urbana;VIA DELLE FORNACI;in corrispondenza;;del civico n.;15;;Veicolo in marcia contro veicolo in sosta;Rettilineo;Una carreggiata a senso unico di marcia;Asciutto;Asfaltata;Verticale ed orizzontale;Sereno;Normale;Buona;;0;0;0;1;12.4565;41.8997;-1;1;Autocarro inferiore 35 q.;In marcia / fermata / arresto;Conducente;M;Illeso;0;;;
5514283;18;14/07/2021 12:10:00;Strada Urbana;VIA DELLE FORNACI;in corrispondenza;;del civico n.;15;;Veicolo in marcia contro veicolo in sosta;Rettilineo;Una carreggiata a senso unico di marcia;Asciutto;Asfaltata;Verticale ed orizzontale;Sereno;Normale;Buona;;0;0;0;1;12.4565;41.8997;-1;2;Autocarro inferiore 35 q.;Sosta;;;;;;;
5514288;4;14/07/2021 09:50:00;Strada Urbana;VIA ALFREDO PANZINI;all'intersezione con;VIA NINO MARTOGLIO;VIA NINO MARTOGLIO;;;Scontro frontale/laterale SX fra veicoli in marcia;Incrocio;Una carreggiata a senso unico di marcia;Asciutto;Asfaltata;Verticale ed orizzontale;Sereno;Normale;Buona;;0;0;0;4;12.5441;41.9513;-1;1;Autovettura privata;In marcia / fermata / arresto;Conducente;F;Illeso;0;;;
5514288;4;14/07/2021 09:50:00;Strada Urbana;VIA ALFREDO PANZINI;all'intersezione con;VIA NINO MARTOGLIO;VIA NINO MARTOGLIO;;;Scontro frontale/laterale SX fra veicoli in marcia;Incrocio;Una carreggiata a senso unico di marcia;Asciutto;Asfaltata;Verticale ed orizzontale;Sereno;Normale;Buona;;0;0;0;4;12.5441;41.9513;-1;2;Autovettura privata;In marcia / fermata / arresto;Conducente;M;Illeso;0;;;
5514288;4;14/07/2021 09:50:00;Strada Urbana;VIA ALFREDO PANZINI;all'intersezione con;VIA NINO MARTOGLIO;VIA NINO MARTOGLIO;;;Scontro frontale/laterale SX fra veicoli in marcia;Incrocio;Una carreggiata a senso unico di marcia;Asciutto;Asfaltata;Verticale ed orizzontale;Sereno;Normale;Buona;;0;0;0;4;12.5441;41.9513;-1;2;Autovettura privata;In marcia / fermata / arresto;Passeggero;F;Illeso;0;;;
5514288;4;14/07/2021 09:50:00;Strada Urbana;VIA ALFREDO PANZINI;all'intersezione con;VIA NINO MARTOGLIO;VIA NINO MARTOGLIO;;;Scontro frontale/laterale SX fra veicoli in marcia;Incrocio;Una carreggiata a senso unico di marcia;Asciutto;Asfaltata;Verticale ed orizzontale;Sereno;Normale;Buona;;0;0;0;4;12.5441;41.9513;-1;2;Autovettura privata;In marcia / fermata / arresto;Passeggero;M;Illeso;0;;;
5514293;16;13/07/2021 18:25:00;Strada Urbana;VIALE DEI QUATTRO VENTI;all'intersezione con;VIA RAFFAELLO GIOVAGNOLI;VIA RAFFAELLO GIOVAGNOLI;;;Tamponamento;Intersezione non regolata/non segnalata;Una carreggiata a senso unico di marcia;Bagnato (pioggia);Lastricata;Orizzontale;Pioggia in atto;Normale;Buona;;1;0;0;2;12.4585;41.8796;-1;1;Autovettura privata;In marcia / fermata / arresto;Conducente;F;Illeso;0;;Non accertato;Inesploso
5514293;16;13/07/2021 18:25:00;Strada Urbana;VIALE DEI QUATTRO VENTI;all'intersezione con;VIA RAFFAELLO GIOVAGNOLI;VIA RAFFAELLO GIOVAGNOLI;;;Tamponamento;Intersezione non regolata/non segnalata;Una carreggiata a senso unico di marcia;Bagnato (pioggia);Lastricata;Orizzontale;Pioggia in atto;Normale;Buona;;1;0;0;2;12.4585;41.8796;-1;2;Autovettura privata;In marcia / fermata / arresto;Conducente;M;Rimandato;0;NON DECEDUTO;Non accertato;Inesploso