Protocollo;Gruppo;DataOraIncidente;Localizzazione1;STRADA1;Localizzazione2;STRADA2;Strada02;Chilometrica;DaSpecificare;NaturaIncidente;particolaritastrade;TipoStrada;FondoStradale;Pavimentazione;Segnaletica;CondizioneAtmosferica;Traffico;Visibilita;Illuminazione;NUM_FERITI;NUM_RISERVATA;NUM_MORTI;NUM_ILLESI;Longitudine;Latitudine;Confermato;Progressivo;TipoVeicolo;StatoVeicolo;TipoPersona;Sesso;Tipolesione;Deceduto;DecedutoDopo;CinturaCascoUtilizzato;Airbag;
5519344;19;17/07/2021 13:20:00;Strada Urbana;VIA PIETRO BEMBO;all'intersezione con;LARGO CARLO SACCONI;LARGO CARLO SACCONI;;;Investimento di pedone;Incrocio;Una carreggiata a doppio senso;Asciutto;Asfaltata;Verticale ed orizzontale;Nuvoloso;Scarso;Buona;;1;0;0;2;12.4101;41.9131;-1;1;Autovettura privata;In marcia / fermata / arresto;Passeggero;M;Illeso;0;;Non accertato;
5519345;1;12/07/2021 01:10:00;Strada Urbana;LUNGOTEVERE DEI PIERLEONI;all'intersezione semaforizzata con;VIA DEL FORO OLITORIO;VIA DEL FORO OLITORIO;;;Veicolo in marcia contro veicolo arresto;Intersezione stradale segnalata;Una carreggiata a senso unico di marcia;Asciutto;Asfaltata;Assente;Sereno;Intenso;Buona;;1;0;0;2;12.4796;41.8905;-1;1;Motociclo a solo;In marcia / fermata / arresto;Conducente;M;Rifiuta cure immediate;0;NON DECEDUTO;;
5519345;1;12/07/2021 01:10:00;Strada Urbana;LUNGOTEVERE DEI PIERLEONI;all'intersezione semaforizzata con;VIA DEL FORO OLITORIO;VIA DEL FORO OLITORIO;;;Veicolo in marcia contro veicolo arresto;Intersezione stradale segnalata;Una carreggiata a senso unico di marcia;Asciutto;Asfaltata;Assente;Sereno;Intenso;Buona;;1;0;0;2;12.4796;41.8905;-1;2;Autovettura di polizia;In marcia / fermata / arresto;Conducente;F;Illeso;0;;;
5519345;1;12/07/2021 01:10:00;Strada Urbana;LUNGOTEVERE DEI PIERLEONI;all'intersezione semaforizzata con;VIA DEL FORO OLITORIO;VIA DEL FORO OLITORIO;;;Veicolo in marcia contro veicolo arresto;Intersezione stradale segnalata;Una carreggiata a senso unico di marcia;Asciutto;Asfaltata;Assente;Sereno;Intenso;Buona;;1;0;0;2;12.4796;41.8905;-1;2;Autovettura di polizia;In marcia / fermata / arresto;Passeggero;F;Illeso;0;;;
5519347;4;17/07/2021 19:30:00;Strada Urbana;VIALE GOTTARDO;in corrispondenza;;del civico n.;fr. 66;;Veicolo in marcia contro veicoli in sosta;Rettilineo;Una carreggiata a senso unico di marcia;Asciutto;Asfaltata;Verticale ed orizzontale;Nuvoloso;Normale;Buona;;0;0;0;1;12.5358;41.932;-1;1;Autovettura privata;In marcia / fermata / arresto;Conducente;M;Illeso;0;;Non accertato;
5519347;4;17/07/2021 19:30:00;Strada Urbana;VIALE GOTTARDO;in corrispondenza;;del civico n.;fr. 66;;Veicolo in marcia contro veicoli in sosta;Rettilineo;Una carreggiata a senso unico di marcia;Asciutto;Asfaltata;Verticale ed orizzontale;Nuvoloso;Normale;Buona;;0;0;0;1;12.5358;41.932;-1;2;Autovettura privata;Sosta;;;;;;;
5519347;4;17/07/2021 19:30:00;Strada Urbana;VIALE GOTTARDO;in corrispondenza;;del civico n.;fr. 66;;Veicolo in marcia contro veicoli in sosta;Rettilineo;Una carreggiata a senso unico di marcia;Asciutto;Asfaltata;Verticale ed orizzontale;Nuvoloso;Normale;Buona;;0;0;0;1;12.5358;41.932;-1;3;Autovettura privata;Sosta;;;;;;;
5519347;4;17/07/2021 19:30:00;Strada Urbana;VIALE GOTTARDO;in corrispondenza;;del civico n.;fr. 66;;Veicolo in marcia contro veicoli in sosta;Rettilineo;Una carreggiata a senso unico di marcia;Asciutto;Asfaltata;Verticale ed orizzontale;Nuvoloso;Normale;Buona;;0;0;0;1;12.5358;41.932;-1;4;Autovettura privata;Sosta;;;;;;;
5519355;7;19/07/2021 09:30:00;Strada Urbana;VIA CASILINA;all'intersezione con;VIALE PALMIRO TOGLIATTI;VIALE PALMIRO TOGLIATTI;;;Tamponamento;Incrocio;Due carreggiate;Asciutto;Asfaltata;Verticale ed orizzontale;Sereno;Normale;Buona;;1;0;0;1;12.5693;41.8741;-1;1;Autovettura privata;In marcia / fermata / arresto;Conducente;F;Illeso;0;;Non accertato;Inesploso
5519355;7;19/07/2021 09:30:00;Strada Urbana;VIA CASILINA;all'intersezione con;VIALE PALMIRO TOGLIATTI;VIALE PALMIRO TOGLIATTI;;;Tamponamento;Incrocio;Due carreggiate;Asciutto;Asfaltata;Verticale ed orizzontale;Sereno;Normale;Buona;;1;0;0;1;12.5693;41.8741;-1;2;Autovettura privata;In marcia / fermata / arresto;Conducente;F;Rimandato;0;NON DECEDUTO;Non accertato;Inesploso
5519356;4;17/07/2021 11:05:00;Strada Urbana;VIA SCARPANTO;in prossimit�;;del civico n.;47;;Investimento di pedone;Rettilineo;Due carreggiate;Asciutto;Asfaltata;Verticale ed orizzontale;Sereno;Normale;Buona;;1;0;0;1;12.5272;41.9485;-1;;;;Pedone;F;Rimandato;0;NON DECEDUTO;;
5519356;4;17/07/2021 11:05:00;Strada Urbana;VIA SCARPANTO;in prossimit�;;del civico n.;47;;Investimento di pedone;Rettilineo;Due carreggiate;Asciutto;Asfaltata;Verticale ed orizzontale;Sereno;Normale;Buona;;1;0;0;1;12.5272;41.9485;-1;1;Autovettura privata;In marcia / fermata / arresto;Conducente;F;Illeso;0;;;
5519375;4;17/07/2021 14:06:00;Strada Urbana;VIA RADICOFANI;da specificare;;;;50 METRI PRIMA DEL DISTRIBUTORE IP;Veicolo in marcia contro ostacolo accidentale;Rettilineo;Una carreggiata a doppio senso;Asciutto;Asfaltata;Assente;Nuvoloso;Normale;Buona;;0;0;0;1;12.5127;41.9749;-1;1;Autovettura privata;In marcia / fermata / arresto;Conducente;M;Illeso;0;;Non accertato;Inesploso
5519383;4;17/07/2021 18:40:00;Strada Urbana;VIALE JONIO;all'intersezione semaforizzata con;VIALE PANTELLERIA;VIALE PANTELLERIA;;;Scontro laterale fra veicoli in marcia;Intersezione semaforizzata;Due carreggiate;Asciutto;Asfaltata;Verticale ed orizzontale;Sereno;Normale;Buona;;0;0;0;2;12.5361;41.9442;-1;1;Autovettura privata;In marcia / fermata / arresto;Conducente;F;Illeso;0;;;
5519383;4;17/07/2021 18:40:00;Strada Urbana;VIALE JONIO;all'intersezione semaforizzata con;VIALE PANTELLERIA;VIALE PANTELLERIA;;;Scontro laterale fra veicoli in marcia;Intersezione semaforizzata;Due carreggiate;Asciutto;Asfaltata;Verticale ed orizzontale;Sereno;Normale;Buona;;0;0;0;2;12.5361;41.9442;-1;2;Autovettura privata;In marcia / fermata / arresto;Conducente;M;Illeso;0;;;
5519388;18;18/07/2021 20:10:00;Strada Urbana;VIA S. MELCHIADE PAPA;in prossimit�;;del civico n.;61;;Scontro laterale fra veicoli in marcia;Curva senza visuale libera;Una carreggiata a senso unico di marcia;Asciutto;Asfaltata;Verticale ed orizzontale;Sereno;Scarso;Buona;;0;0;0;2;12.4196;41.9115;-1;1;Autovettura privata;In marcia / fermata / arresto;Conducente;M;Illeso;0;;;
5519388;18;18/07/2021 20:10:00;Strada Urbana;VIA S. MELCHIADE PAPA;in prossimit�;;del civico n.;61;;Scontro laterale fra veicoli in marcia;Curva senza visuale libera;Una carreggiata a senso unico di marcia;Asciutto;Asfaltata;Verticale ed orizzontale;Sereno;Scarso;Buona;;0;0;0;2;12.4196;41.9115;-1;2;Autovettura privata;In marcia / fermata / arresto;Conducente;M;Illeso;0;;;
5519403;17;16/07/2021 20:00:00;Strada Urbana;PIAZZA DEL RISORGIMENTO;in prossimit�;;del civico n.;27;;Tamponamento;Rettilineo;Una carreggiata a senso unico di marcia;Asciutto;Asfaltata;Verticale ed orizzontale;Sereno;Normale;Buona;;0;0;0;2;12.4581;41.9066;-1;1;Autovettura privata;In marcia / fermata / arresto;Conducente;F;Illeso;0;;;
5519403;17;16/07/2021 20:00:00;Strada Urbana;PIAZZA DEL RISORGIMENTO;in prossimit�;;del civico n.;27;;Tamponamento;Rettilineo;Una carreggiata a senso unico di marcia;Asciutto;Asfaltata;Verticale ed orizzontale;Sereno;Normale;Buona;;0;0;0;2;12.4581;41.9066;-1;2;Autovettura privata;In marcia / fermata / arresto;Conducente;F;Illeso;0;;;
5519434;4;18/07/2021 12:30:00;Strada Urbana;VIA VALSUGANA;in corrispondenza;;del civico n.;40;;Scontro frontale/laterale SX fra veicoli in marcia;Rettilineo;Una carreggiata a senso unico di marcia;Asciutto;Asfaltata;Verticale ed orizzontale;Sereno;Normale;Buona;;1;0;0;1;12.5259;41.9323;-1;1;Motociclo a solo;In marcia / fermata / arresto;Conducente;F;Rimandato;0;NON DECEDUTO;Non accertato;
5519434;4;18/07/2021 12:30:00;Strada Urbana;VIA VALSUGANA;in corrispondenza;;del civico n.;40;;Scontro frontale/laterale SX fra veicoli in marcia;Rettilineo;Una carreggiata a senso unico di marcia;Asciutto;Asfaltata;Verticale ed orizzontale;Sereno;Normale;Buona;;1;0;0;1;12.5259;41.9323;-1;2;Monopattino elettrico;In marcia / fermata / arresto;Conducente;M;Illeso;0;;;
5519459;12;18/07/2021 17:00:00;Strada Urbana;VIALE EUROPA;all'intersezione con;VIALE CRISTOFORO COLOMBO;VIALE CRISTOFORO COLOMBO;;;Scontro frontale/laterale DX fra veicoli in marcia;Intersezione semaforizzata;Pi� di due carreggiate;Asciutto;Asfaltata;Verticale ed orizzontale;Sereno;Intenso;Buona;;2;0;0;5;12.4685;41.831;-1;1;Autovettura privata;In marcia / fermata / arresto;Conducente;F;Illeso;0;;Utilizzato;Inesploso
5519459;12;18/07/2021 17:00:00;Strada Urbana;VIALE EUROPA;all'intersezione con;VIALE CRISTOFORO COLOMBO;VIALE CRISTOFORO COLOMBO;;;Scontro frontale/laterale DX fra veicoli in marcia;Intersezione semaforizzata;Pi� di due carreggiate;Asciutto;Asfaltata;Verticale ed orizzontale;Sereno;Intenso;Buona;;2;0;0;5;12.4685;41.831;-1;1;Autovettura privata;In marcia / fermata / arresto;Passeggero;F;Rimandato;0;NON DECEDUTO;Utilizzato;Inesploso
5519459;12;18/07/2021 17:00:00;Strada Urbana;VIALE EUROPA;all'intersezione con;VIALE CRISTOFORO COLOMBO;VIALE CRISTOFORO COLOMBO;;;Scontro frontale/laterale DX fra veicoli in marcia;Intersezione semaforizzata;Pi� di due carreggiate;Asciutto;Asfaltata;Verticale ed orizzontale;Sereno;Intenso;Buona;;2;0;0;5;12.4685;41.831;-1;1;Autovettura privata;In marcia / fermata / arresto;Passeggero;F;Illeso;0;;Utilizzato;Inesploso
5519459;12;18/07/2021 17:00:00;Strada Urbana;VIALE EUROPA;all'intersezione con;VIALE CRISTOFORO COLOMBO;VIALE CRISTOFORO COLOMBO;;;Scontro frontale/laterale DX fra veicoli in marcia;Intersezione semaforizzata;Pi� di due carreggiate;Asciutto;Asfaltata;Verticale ed orizzontale;Sereno;Intenso;Buona;;2;0;0;5;12.4685;41.831;-1;1;Autovettura privata;In marcia / fermata / arresto;Passeggero;F;Illeso;0;;Utilizzato;Inesploso
5519459;12;18/07/2021 17:00:00;Strada Urbana;VIALE EUROPA;all'intersezione con;VIALE CRISTOFORO COLOMBO;VIALE CRISTOFORO COLOMBO;;;Scontro frontale/laterale DX fra veicoli in marcia;Intersezione semaforizzata;Pi� di due carreggiate;Asciutto;Asfaltata;Verticale ed orizzontale;Sereno;Intenso;Buona;;2;0;0;5;12.4685;41.831;-1;1;Autovettura privata;In marcia / fermata / arresto;Passeggero;F;Rimandato;0;NON DECEDUTO;Utilizzato;Inesploso
5519459;12;18/07/2021 17:00:00;Strada Urbana;VIALE EUROPA;all'intersezione con;VIALE CRISTOFORO COLOMBO;VIALE CRISTOFORO COLOMBO;;;Scontro frontale/laterale DX fra veicoli in marcia;Intersezione semaforizzata;Pi� di due carreggiate;Asciutto;Asfaltata;Verticale ed orizzontale;Sereno;Intenso;Buona;;2;0;0;5;12.4685;41.831;-1;2;Autovettura privata;In marcia / fermata / arresto;Conducente;M;Illeso;0;;Utilizzato;Inesploso
5519459;12;18/07/2021 17:00:00;Strada Urbana;VIALE EUROPA;all'intersezione con;VIALE CRISTOFORO COLOMBO;VIALE CRISTOFORO COLOMBO;;;Scontro frontale/laterale DX fra veicoli in marcia;Intersezione semaforizzata;Pi� di due carreggiate;Asciutto;Asfaltata;Verticale ed orizzontale;Sereno;Intenso;Buona;;2;0;0;5;12.4685;41.831;-1;2;Autovettura privata;In marcia / fermata / arresto;Passeggero;M;Illeso;0;;Utilizzato;Inesploso
5519484;19;17/07/2021 15:45:00;Strada Urbana;VIA REZZATO;all'intersezione con;VIA CIVATE;VIA CIVATE;;;Scontro frontale/laterale SX fra veicoli in marcia;Incrocio;Una carreggiata a doppio senso;Asciutto;Asfaltata;Verticale ed orizzontale;Nuvoloso;Scarso;Buona;;2;0;0;1;12.3816;41.9546;-1;1;Autovettura privata;In marcia / fermata / arresto;Conducente;M;Illeso;0;;Non accertato;
5519484;19;17/07/2021 15:45:00;Strada Urbana;VIA REZZATO;all'intersezione con;VIA CIVATE;VIA CIVATE;;;Scontro frontale/laterale SX fra veicoli in marcia;Incrocio;Una carreggiata a doppio senso;Asciutto;Asfaltata;Verticale ed orizzontale;Nuvoloso;Scarso;Buona;;2;0;0;1;12.3816;41.9546;-1;2;Ciclomotore con passeggero;In marcia / fermata / arresto;Conducente;M;Rimandato;0;NON DECEDUTO;Non accertato;
5519484;19;17/07/2021 15:45:00;Strada Urbana;VIA REZZATO;all'intersezione con;VIA CIVATE;VIA CIVATE;;;Scontro frontale/laterale SX fra veicoli in marcia;Incrocio;Una carreggiata a doppio senso;Asciutto;Asfaltata;Verticale ed orizzontale;Nuvoloso;Scarso;Buona;;2;0;0;1;12.3816;41.9546;-1;2;Ciclomotore con passeggero;In marcia / fermata / arresto;Passeggero;M;Rimandato;0;NON DECEDUTO;Non accertato;
5519489;13;17/07/2021 02:40:00;Strada Urbana;LUNGOMARE DUILIO;all'intersezione con;VIA DEI PESCATORI;VIA DEI PESCATORI;;;Tamponamento;Incrocio;Due carreggiate;Asciutto;Asfaltata;Verticale ed orizzontale;Sereno;Scarso;Sufficiente;;1;0;0;2;12.2988;41.721;0;1;Autovettura privata;In marcia / fermata / arresto;Conducente;M;Illeso;0;;Non accertato;Inesploso
5519489;13;17/07/2021 02:40:00;Strada Urbana;LUNGOMARE DUILIO;all'intersezione con;VIA DEI PESCATORI;VIA DEI PESCATORI;;;Tamponamento;Incrocio;Due carreggiate;Asciutto;Asfaltata;Verticale ed orizzontale;Sereno;Scarso;Sufficiente;;1;0;0;2;12.2988;41.721;0;1;Autovettura privata;In marcia / fermata / arresto;Passeggero;M;Illeso;0;;Non accertato;Inesploso
5519489;13;17/07/2021 02:40:00;Strada Urbana;LUNGOMARE DUILIO;all'intersezione con;VIA DEI PESCATORI;VIA DEI PESCATORI;;;Tamponamento;Incrocio;Due carreggiate;Asciutto;Asfaltata;Verticale ed orizzontale;Sereno;Scarso;Sufficiente;;1;0;0;2;12.2988;41.721;0;1;Autovettura privata;In marcia / fermata / arresto;Passeggero;F;Rimandato;0;NON DECEDUTO;Non accertato;Inesploso
5519489;13;17/07/2021 02:40:00;Strada Urbana;LUNGOMARE DUILIO;all'intersezione con;VIA DEI PESCATORI;VIA DEI PESCATORI;;;Tamponamento;Incrocio;Due carreggiate;Asciutto;Asfaltata;Verticale ed orizzontale;Sereno;Scarso;Sufficiente;;1;0;0;2;12.2988;41.721;0;2;Autovettura privata;Allontanatosi;;;;;;;
5519490;12;19/07/2021 07:10:00;Strada Urbana;VIA PONTINA;in prossimit�;;della chilometrica;10.7;;Tamponamento;Rettilineo;Pi� di due carreggiate;Asciutto;Asfaltata;Verticale ed orizzontale;Sereno;Normale;Buona;;1;0;0;1;12.463;41.8183;-1;1;Autovettura privata;In marcia / fermata / arresto;Conducente;M;Rimandato;0;NON DECEDUTO;Non accertato;Inesploso
5519490;12;19/07/2021 07:10:00;Strada Urbana;VIA PONTINA;in prossimit�;;della chilometrica;10.7;;Tamponamento;Rettilineo;Pi� di due carreggiate;Asciutto;Asfaltata;Verticale ed orizzontale;Sereno;Normale;Buona;;1;0;0;1;12.463;41.8183;-1;2;Autovettura privata;In marcia / fermata / arresto;Conducente;M;Illeso;0;;Non accertato;Inesploso
5519492;12;18/07/2021 17:20:00;Strada Urbana;VIA DI VALLERANO;in prossimit�;;del civico n.;141;;Scontro frontale/laterale SX fra veicoli in marcia;Curva a visuale libera;Una carreggiata a doppio senso;Bagnato (umidit� in atto);Asfaltata;Verticale ed orizzontale;Sereno;Scarso;Buona;;1;0;0;1;12.4572;41.7871;-1;1;Autovettura privata;In marcia / fermata / arresto;Conducente;M;Rimandato;0;NON DECEDUTO;Utilizzato;Inesploso
5519492;12;18/07/2021 17:20:00;Strada Urbana;VIA DI VALLERANO;in prossimit�;;del civico n.;141;;Scontro frontale/laterale SX fra veicoli in marcia;Curva a visuale libera;Una carreggiata a doppio senso;Bagnato (umidit� in atto);Asfaltata;Verticale ed orizzontale;Sereno;Scarso;Buona;;1;0;0;1;12.4572;41.7871;-1;2;Motociclo a solo;In marcia / fermata / arresto;Conducente;M;Illeso;0;;Utilizzato;
5519496;1;18/07/2021 05:10:00;Strada Urbana;VIA GIOVANNI GIOLITTI;in corrispondenza;;del civico n.;141;;Veicolo in marcia contro veicolo in sosta;Rettilineo;Una carreggiata a senso unico di marcia;Asciutto;Asfaltata;Verticale ed orizzontale;Sereno;;;;0;0;0;0;;;0;1;Autocarro inferiore 35 q.;In marcia / fermata / arresto;;;;;;;
5519496;1;18/07/2021 05:10:00;Strada Urbana;VIA GIOVANNI GIOLITTI;in corrispondenza;;del civico n.;141;;Veicolo in marcia contro veicolo in sosta;Rettilineo;Una carreggiata a senso unico di marcia;Asciutto;Asfaltata;Verticale ed orizzontale;Sereno;;;;0;0;0;0;;;0;2;Autovettura privata;Sosta;;;;;;;
5519504;3;17/07/2021 04:10:00;Strada Urbana;tang. Est;da specificare;;;;dir.ne S.Giovanni ;Tamponamento;Pendenza;Due carreggiate;Asciutto;Asfaltata;Verticale ed orizzontale;Sereno;Scarso;Sufficiente;;3;0;0;2;12.5242;41.8975;-1;1;Autovettura privata;In marcia / fermata / arresto;Conducente;F;Ricoverato;0;NON DECEDUTO;;
5519504;3;17/07/2021 04:10:00;Strada Urbana;tang. Est;da specificare;;;;dir.ne S.Giovanni ;Tamponamento;Pendenza;Due carreggiate;Asciutto;Asfaltata;Verticale ed orizzontale;Sereno;Scarso;Sufficiente;;3;0;0;2;12.5242;41.8975;-1;1;Autovettura privata;In marcia / fermata / arresto;Passeggero;M;Illeso;0;;;
5519504;3;17/07/2021 04:10:00;Strada Urbana;tang. Est;da specificare;;;;dir.ne S.Giovanni ;Tamponamento;Pendenza;Due carreggiate;Asciutto;Asfaltata;Verticale ed orizzontale;Sereno;Scarso;Sufficiente;;3;0;0;2;12.5242;41.8975;-1;1;Autovettura privata;In marcia / fermata / arresto;Passeggero;F;Ricoverato;0;NON DECEDUTO;;
5519504;3;17/07/2021 04:10:00;Strada Urbana;tang. Est;da specificare;;;;dir.ne S.Giovanni ;Tamponamento;Pendenza;Due carreggiate;Asciutto;Asfaltata;Verticale ed orizzontale;Sereno;Scarso;Sufficiente;;3;0;0;2;12.5242;41.8975;-1;1;Autovettura privata;In marcia / fermata / arresto;Passeggero;F;Ricoverato;0;NON DECEDUTO;;
5519504;3;17/07/2021 04:10:00;Strada Urbana;tang. Est;da specificare;;;;dir.ne S.Giovanni ;Tamponamento;Pendenza;Due carreggiate;Asciutto;Asfaltata;Verticale ed orizzontale;Sereno;Scarso;Sufficiente;;3;0;0;2;12.5242;41.8975;-1;2;Autovettura pubblica;In marcia / fermata / arresto;Conducente;M;Illeso;0;;;
5519550;1;18/07/2021 21:00:00;Strada Urbana;VIA VICENZA;in corrispondenza;;del civico n.;60;;Veicolo in marcia contro veicolo in sosta;Rettilineo;Una carreggiata a senso unico di marcia;Asciutto;Asfaltata;Verticale ed orizzontale;Sereno;Normale;Buona;;0;0;0;0;;;0;1;Autovettura privata;Sosta;;;;;;;
5519582;1;18/07/2021 18:30:00;Strada Urbana;VIA DELLE TRE CANNELLE;in corrispondenza;;del civico n.;1/c;;Veicolo in marcia contro veicolo in sosta;Pendenza;;Asciutto;Acciotolata;Assente;Sereno;Scarso;Buona;;0;0;0;0;;;0;1;Autovettura privata;Sosta;;;;;;;
5519582;1;18/07/2021 18:30:00;Strada Urbana;VIA DELLE TRE CANNELLE;in corrispondenza;;del civico n.;1/c;;Veicolo in marcia contro veicolo in sosta;Pendenza;;Asciutto;Acciotolata;Assente;Sereno;Scarso;Buona;;0;0;0;0;;;0;2;Autovettura privata;In marcia / fermata / arresto;;;;;;;
5519587;3;18/07/2021 05:10:00;Strada Urbana;VIALE DELL'UNIVERSITA';all'intersezione semaforizzata con;VIALE DELLE SCIENZE;VIALE DELLE SCIENZE;;;Scontro frontale/laterale SX fra veicoli in marcia;Intersezione semaforizzata;Due carreggiate;Asciutto;Asfaltata;Verticale ed orizzontale;Nuvoloso;Scarso;Buona;;0;0;0;3;12.511;41.9041;0;1;Autovettura privata;In marcia / fermata / arresto;Conducente;M;Illeso;0;;;Esploso
5519587;3;18/07/2021 05:10:00;Strada Urbana;VIALE DELL'UNIVERSITA';all'intersezione semaforizzata con;VIALE DELLE SCIENZE;VIALE DELLE SCIENZE;;;Scontro frontale/laterale SX fra veicoli in marcia;Intersezione semaforizzata;Due carreggiate;Asciutto;Asfaltata;Verticale ed orizzontale;Nuvoloso;Scarso;Buona;;0;0;0;3;12.511;41.9041;0;2;Autovettura privata;In marcia / fermata / arresto;Conducente;M;Illeso;0;;;
5519587;3;18/07/2021 05:10:00;Strada Urbana;VIALE DELL'UNIVERSITA';all'intersezione semaforizzata con;VIALE DELLE SCIENZE;VIALE DELLE SCIENZE;;;Scontro frontale/laterale SX fra veicoli in marcia;Intersezione semaforizzata;Due carreggiate;Asciutto;Asfaltata;Verticale ed orizzontale;Nuvoloso;Scarso;Buona;;0;0;0;3;12.511;41.9041;0;2;Autovettura privata;In marcia / fermata / arresto;Passeggero;M;Illeso;0;;;
5519597;2;17/07/2021 12:30:00;Strada Urbana;VIALE PARIOLI;in prossimit�;;del civico n.;1B;;Scontro laterale fra veicoli in marcia;Rettilineo;Una carreggiata a doppio senso;Asciutto;Asfaltata;Verticale ed orizzontale;Nuvoloso;Normale;Buona;;1;0;0;5;12.4922;41.9226;-1;1;Autovettura privata;In marcia / fermata / arresto;Conducente;M;Illeso;0;;Non accertato;Inesploso
5519597;2;17/07/2021 12:30:00;Strada Urbana;VIALE PARIOLI;in prossimit�;;del civico n.;1B;;Scontro laterale fra veicoli in marcia;Rettilineo;Una carreggiata a doppio senso;Asciutto;Asfaltata;Verticale ed orizzontale;Nuvoloso;Normale;Buona;;1;0;0;5;12.4922;41.9226;-1;1;Autovettura privata;In marcia / fermata / arresto;Passeggero;F;Illeso;0;;;
5519597;2;17/07/2021 12:30:00;Strada Urbana;VIALE PARIOLI;in prossimit�;;del civico n.;1B;;Scontro laterale fra veicoli in marcia;Rettilineo;Una carreggiata a doppio senso;Asciutto;Asfaltata;Verticale ed orizzontale;Nuvoloso;Normale;Buona;;1;0;0;5;12.4922;41.9226;-1;1;Autovettura privata;In marcia / fermata / arresto;Passeggero;F;Illeso;0;;;
5519597;2;17/07/2021 12:30:00;Strada Urbana;VIALE PARIOLI;in prossimit�;;del civico n.;1B;;Scontro laterale fra veicoli in marcia;Rettilineo;Una carreggiata a doppio senso;Asciutto;Asfaltata;Verticale ed orizzontale;Nuvoloso;Normale;Buona;;1;0;0;5;12.4922;41.9226;-1;1;Autovettura privata;In marcia / fermata / arresto;Passeggero;F;Illeso;0;;;
5519597;2;17/07/2021 12:30:00;Strada Urbana;VIALE PARIOLI;in prossimit�;;del civico n.;1B;;Scontro laterale fra veicoli in marcia;Rettilineo;Una carreggiata a doppio senso;Asciutto;Asfaltata;Verticale ed orizzontale;Nuvoloso;Normale;Buona;;1;0;0;5;12.4922;41.9226;-1;1;Autovettura privata;In marcia / fermata / arresto;Passeggero;M;Illeso;0;;;
5519597;2;17/07/2021 12:30:00;Strada Urbana;VIALE PARIOLI;in prossimit�;;del civico n.;1B;;Scontro laterale fra veicoli in marcia;Rettilineo;Una carreggiata a doppio senso;Asciutto;Asfaltata;Verticale ed orizzontale;Nuvoloso;Normale;Buona;;1;0;0;5;12.4922;41.9226;-1;2;Motociclo a solo;In marcia / fermata / arresto;Conducente;F;Rimandato;0;NON DECEDUTO;Non accertato;
5519606;17;18/07/2021 23:20:00;Strada Urbana;VIA AURELIA;in prossimit�;;del civico n.;511;;Scontro laterale fra veicoli in marcia;Rettilineo;Una carreggiata a doppio senso;Asciutto;Asfaltata;Verticale ed orizzontale;Sereno;Intenso;Sufficiente;;0;0;0;2;12.4235;41.8979;-1;1;Autovettura privata;In marcia / fermata / arresto;Conducente;M;Illeso;0;;;
5519606;17;18/07/2021 23:20:00;Strada Urbana;VIA AURELIA;in prossimit�;;del civico n.;511;;Scontro laterale fra veicoli in marcia;Rettilineo;Una carreggiata a doppio senso;Asciutto;Asfaltata;Verticale ed orizzontale;Sereno;Intenso;Sufficiente;;0;0;0;2;12.4235;41.8979;-1;2;Autovettura privata;In marcia / fermata / arresto;Conducente;M;Illeso;0;;;
5519612;12;19/07/2021 10:15:00;Strada Urbana;VIALE DELLA GRANDE MURAGLIA;in prossimit�;;del civico n.;340;;Tamponamento Multiplo;Rettilineo;Due carreggiate;Asciutto;Asfaltata;Verticale ed orizzontale;Sereno;Normale;Buona;;1;0;0;2;12.4444;41.8148;-1;1;Autovettura privata;In marcia / fermata / arresto;Conducente;M;Rimandato;0;NON DECEDUTO;Utilizzato;Inesploso
5519612;12;19/07/2021 10:15:00;Strada Urbana;VIALE DELLA GRANDE MURAGLIA;in prossimit�;;del civico n.;340;;Tamponamento Multiplo;Rettilineo;Due carreggiate;Asciutto;Asfaltata;Verticale ed orizzontale;Sereno;Normale;Buona;;1;0;0;2;12.4444;41.8148;-1;2;Autovettura privata;In marcia / fermata / arresto;Conducente;M;Illeso;0;;Utilizzato;Inesploso
5519612;12;19/07/2021 10:15:00;Strada Urbana;VIALE DELLA GRANDE MURAGLIA;in prossimit�;;del civico n.;340;;Tamponamento Multiplo;Rettilineo;Due carreggiate;Asciutto;Asfaltata;Verticale ed orizzontale;Sereno;Normale;Buona;;1;0;0;2;12.4444;41.8148;-1;3;Autovettura privata;In marcia / fermata / arresto;Conducente;F;Illeso;0;;Utilizzato;Inesploso
5519624;3;17/07/2021 22:40:00;Strada Urbana;VIA TIBURTINA;all'intersezione semaforizzata con;VIA DEI MONTI TIBURTINI;VIA DEI MONTI TIBURTINI;;;Scontro laterale fra veicoli in marcia;Intersezione semaforizzata;Due carreggiate;Asciutto;Asfaltata;Verticale ed orizzontale;Sereno;Scarso;Buona;;0;0;0;3;12.5414;41.9176;-1;1;Autovettura privata;In marcia / fermata / arresto;Conducente;M;Illeso;0;;;
5519624;3;17/07/2021 22:40:00;Strada Urbana;VIA TIBURTINA;all'intersezione semaforizzata con;VIA DEI MONTI TIBURTINI;VIA DEI MONTI TIBURTINI;;;Scontro laterale fra veicoli in marcia;Intersezione semaforizzata;Due carreggiate;Asciutto;Asfaltata;Verticale ed orizzontale;Sereno;Scarso;Buona;;0;0;0;3;12.5414;41.9176;-1;1;Autovettura privata;In marcia / fermata / arresto;Passeggero;M;Illeso;0;;;