Protocollo;Gruppo;DataOraIncidente;Localizzazione1;STRADA1;Localizzazione2;STRADA2;Strada02;Chilometrica;DaSpecificare;NaturaIncidente;particolaritastrade;TipoStrada;FondoStradale;Pavimentazione;Segnaletica;CondizioneAtmosferica;Traffico;Visibilita;Illuminazione;NUM_FERITI;NUM_RISERVATA;NUM_MORTI;NUM_ILLESI;Longitudine;Latitudine;Confermato;Progressivo;TipoVeicolo;StatoVeicolo;TipoPersona;Sesso;Tipolesione;Deceduto;DecedutoDopo;CinturaCascoUtilizzato;Airbag;
5519624;3;17/07/2021 22:40:00;Strada Urbana;VIA TIBURTINA;all'intersezione semaforizzata con;VIA DEI MONTI TIBURTINI;VIA DEI MONTI TIBURTINI;;;Scontro laterale fra veicoli in marcia;Intersezione semaforizzata;Due carreggiate;Asciutto;Asfaltata;Verticale ed orizzontale;Sereno;Scarso;Buona;;0;0;0;3;12.5414;41.9176;-1;2;Autocarro inferiore 35 q.;In marcia / fermata / arresto;Conducente;M;Illeso;0;;;
5519626;1;18/07/2021 14:30:00;Strada Urbana;VIA MARMORATA;in corrispondenza;;del civico n.;1;;Tamponamento;Rettilineo;Una carreggiata a doppio senso;Asciutto;Asfaltata;Verticale ed orizzontale;Nuvoloso;Normale;Buona;;0;0;0;2;12.4802;41.8773;-1;1;Autovettura privata;In marcia / fermata / arresto;Conducente;M;Illeso;0;;;
5519626;1;18/07/2021 14:30:00;Strada Urbana;VIA MARMORATA;in corrispondenza;;del civico n.;1;;Tamponamento;Rettilineo;Una carreggiata a doppio senso;Asciutto;Asfaltata;Verticale ed orizzontale;Nuvoloso;Normale;Buona;;0;0;0;2;12.4802;41.8773;-1;1;Autovettura privata;In marcia / fermata / arresto;Passeggero;F;Illeso;0;;;
5519626;1;18/07/2021 14:30:00;Strada Urbana;VIA MARMORATA;in corrispondenza;;del civico n.;1;;Tamponamento;Rettilineo;Una carreggiata a doppio senso;Asciutto;Asfaltata;Verticale ed orizzontale;Nuvoloso;Normale;Buona;;0;0;0;2;12.4802;41.8773;-1;2;Autocarro inferiore 35 q.;Allontanatosi;;;;;;;
5519630;13;19/07/2021 00:15:00;Strada Urbana;VIA FRANCESCO DONATI;all'intersezione con;VICOLO DI DRAGONE;VICOLO DI DRAGONE;;;Scontro frontale/laterale SX fra veicoli in marcia;Incrocio;Una carreggiata a senso unico di marcia;Asciutto;Asfaltata;Verticale ed orizzontale;Sereno;Scarso;Buona;;2;0;0;2;12.3395;41.7787;-1;1;Autovettura privata;In marcia / fermata / arresto;Conducente;M;Illeso;0;;Non accertato;
5519630;13;19/07/2021 00:15:00;Strada Urbana;VIA FRANCESCO DONATI;all'intersezione con;VICOLO DI DRAGONE;VICOLO DI DRAGONE;;;Scontro frontale/laterale SX fra veicoli in marcia;Incrocio;Una carreggiata a senso unico di marcia;Asciutto;Asfaltata;Verticale ed orizzontale;Sereno;Scarso;Buona;;2;0;0;2;12.3395;41.7787;-1;2;Autovettura privata;In marcia / fermata / arresto;Conducente;M;Rimandato;0;NON DECEDUTO;Non accertato;
5519630;13;19/07/2021 00:15:00;Strada Urbana;VIA FRANCESCO DONATI;all'intersezione con;VICOLO DI DRAGONE;VICOLO DI DRAGONE;;;Scontro frontale/laterale SX fra veicoli in marcia;Incrocio;Una carreggiata a senso unico di marcia;Asciutto;Asfaltata;Verticale ed orizzontale;Sereno;Scarso;Buona;;2;0;0;2;12.3395;41.7787;-1;2;Autovettura privata;In marcia / fermata / arresto;Passeggero;F;Rimandato;0;NON DECEDUTO;;
5519630;13;19/07/2021 00:15:00;Strada Urbana;VIA FRANCESCO DONATI;all'intersezione con;VICOLO DI DRAGONE;VICOLO DI DRAGONE;;;Scontro frontale/laterale SX fra veicoli in marcia;Incrocio;Una carreggiata a senso unico di marcia;Asciutto;Asfaltata;Verticale ed orizzontale;Sereno;Scarso;Buona;;2;0;0;2;12.3395;41.7787;-1;2;Autovettura privata;In marcia / fermata / arresto;Passeggero;F;Illeso;0;;;
5519636;9;19/07/2021 10:10:00;Strada Urbana;PIAZZA CASTROREALE;da specificare;;;;fronte civico 2;Scontro frontale/laterale SX fra veicoli in marcia;Rettilineo;Una carreggiata a senso unico di marcia;Asciutto;Asfaltata;Verticale ed orizzontale;Sereno;Normale;Buona;;1;0;0;1;12.5218;41.8858;-1;1;Autovettura privata;In marcia / fermata / arresto;Conducente;F;Illeso;0;;Non accertato;Inesploso
5519636;9;19/07/2021 10:10:00;Strada Urbana;PIAZZA CASTROREALE;da specificare;;;;fronte civico 2;Scontro frontale/laterale SX fra veicoli in marcia;Rettilineo;Una carreggiata a senso unico di marcia;Asciutto;Asfaltata;Verticale ed orizzontale;Sereno;Normale;Buona;;1;0;0;1;12.5218;41.8858;-1;2;Motociclo a solo;In marcia / fermata / arresto;Conducente;M;Rimandato;0;NON DECEDUTO;Non accertato;
5519648;1;18/07/2021 16:20:00;Strada Urbana;VIA APPIA ANTICA;da specificare;;;;ponte ferrovia;Veicolo in marcia contro ostacolo fisso;Rettilineo;Una carreggiata a doppio senso;Asciutto;In cubetti di porfido;Orizzontale;Nuvoloso;Normale;Buona;;0;0;0;2;12.5584;41.8184;-1;1;Autovettura privata;In marcia / fermata / arresto;Conducente;M;Illeso;0;;;
5519648;1;18/07/2021 16:20:00;Strada Urbana;VIA APPIA ANTICA;da specificare;;;;ponte ferrovia;Veicolo in marcia contro ostacolo fisso;Rettilineo;Una carreggiata a doppio senso;Asciutto;In cubetti di porfido;Orizzontale;Nuvoloso;Normale;Buona;;0;0;0;2;12.5584;41.8184;-1;1;Autovettura privata;In marcia / fermata / arresto;Passeggero;F;Illeso;0;;;
5519675;1;18/07/2021 20:20:00;Strada Urbana;PIAZZALE DEL FARO;da specificare;;;;prossimit� passeggiata del gianicolo;Scontro frontale/laterale DX fra veicoli in marcia;Rettilineo;Una carreggiata a doppio senso;Asciutto;Asfaltata;Verticale ed orizzontale;Sereno;Scarso;Buona;;1;0;0;1;12.4607;41.8938;-1;1;Autovettura privata;In marcia / fermata / arresto;Conducente;M;Illeso;0;;;
5519675;1;18/07/2021 20:20:00;Strada Urbana;PIAZZALE DEL FARO;da specificare;;;;prossimit� passeggiata del gianicolo;Scontro frontale/laterale DX fra veicoli in marcia;Rettilineo;Una carreggiata a doppio senso;Asciutto;Asfaltata;Verticale ed orizzontale;Sereno;Scarso;Buona;;1;0;0;1;12.4607;41.8938;-1;2;Motociclo a solo;In marcia / fermata / arresto;Conducente;M;Rimandato;0;NON DECEDUTO;;
5519690;16;15/07/2021 10:40:00;Strada Urbana;VIA LORENZO VALLA;in prossimit�;;del civico n.;35;;Veicolo in marcia contro veicolo in sosta;Rettilineo;Una carreggiata a doppio senso;Asciutto;Asfaltata;Verticale ed orizzontale;Sereno;Normale;Buona;;0;0;0;4;12.4606;41.8749;-1;1;Autovettura privata;In marcia / fermata / arresto;Conducente;F;Illeso;0;;Non accertato;Inesploso
5519690;16;15/07/2021 10:40:00;Strada Urbana;VIA LORENZO VALLA;in prossimit�;;del civico n.;35;;Veicolo in marcia contro veicolo in sosta;Rettilineo;Una carreggiata a doppio senso;Asciutto;Asfaltata;Verticale ed orizzontale;Sereno;Normale;Buona;;0;0;0;4;12.4606;41.8749;-1;1;Autovettura privata;In marcia / fermata / arresto;Passeggero;M;Illeso;0;;Non accertato;Inesploso
5519690;16;15/07/2021 10:40:00;Strada Urbana;VIA LORENZO VALLA;in prossimit�;;del civico n.;35;;Veicolo in marcia contro veicolo in sosta;Rettilineo;Una carreggiata a doppio senso;Asciutto;Asfaltata;Verticale ed orizzontale;Sereno;Normale;Buona;;0;0;0;4;12.4606;41.8749;-1;1;Autovettura privata;In marcia / fermata / arresto;Passeggero;M;Illeso;0;;Non accertato;Inesploso
5519690;16;15/07/2021 10:40:00;Strada Urbana;VIA LORENZO VALLA;in prossimit�;;del civico n.;35;;Veicolo in marcia contro veicolo in sosta;Rettilineo;Una carreggiata a doppio senso;Asciutto;Asfaltata;Verticale ed orizzontale;Sereno;Normale;Buona;;0;0;0;4;12.4606;41.8749;-1;1;Autovettura privata;In marcia / fermata / arresto;Passeggero;M;Illeso;0;;Non accertato;Inesploso
5519690;16;15/07/2021 10:40:00;Strada Urbana;VIA LORENZO VALLA;in prossimit�;;del civico n.;35;;Veicolo in marcia contro veicolo in sosta;Rettilineo;Una carreggiata a doppio senso;Asciutto;Asfaltata;Verticale ed orizzontale;Sereno;Normale;Buona;;0;0;0;4;12.4606;41.8749;-1;2;Autocarro inferiore 35 q.;Sosta;;;;;;;
5519714;1;17/07/2021 22:50:00;Strada Urbana;VIA LUDOVISI;da specificare;;;;frnte civico 14;Veicolo in marcia contro ostacolo fisso;Rettilineo;Una carreggiata a senso unico di marcia;Asciutto;Asfaltata;Verticale ed orizzontale;Sereno;Normale;Sufficiente;;1;0;0;1;12.4879;41.9068;-1;1;Autovettura privata;In marcia / fermata / arresto;Conducente;M;Rimandato;0;NON DECEDUTO;;
5519714;1;17/07/2021 22:50:00;Strada Urbana;VIA LUDOVISI;da specificare;;;;frnte civico 14;Veicolo in marcia contro ostacolo fisso;Rettilineo;Una carreggiata a senso unico di marcia;Asciutto;Asfaltata;Verticale ed orizzontale;Sereno;Normale;Sufficiente;;1;0;0;1;12.4879;41.9068;-1;1;Autovettura privata;In marcia / fermata / arresto;Passeggero;F;Illeso;0;;;
5519714;1;17/07/2021 22:50:00;Strada Urbana;VIA LUDOVISI;da specificare;;;;frnte civico 14;Veicolo in marcia contro ostacolo fisso;Rettilineo;Una carreggiata a senso unico di marcia;Asciutto;Asfaltata;Verticale ed orizzontale;Sereno;Normale;Sufficiente;;1;0;0;1;12.4879;41.9068;-1;2;Autovettura privata;Sosta;;;;;;;
5519720;10;19/07/2021 13:15:00;Strada Urbana;VIA TUSCOLANA;all'intersezione con;VIA STATILIO TAURO;VIA STATILIO TAURO;;;Investimento di pedone;Intersezione stradale segnalata;Due carreggiate;Asciutto;Asfaltata;Verticale ed orizzontale;Sereno;Normale;Buona;;1;0;0;1;12.5608;41.8577;-1;;;;Pedone;F;Ricoverato;0;NON DECEDUTO;;
5519720;10;19/07/2021 13:15:00;Strada Urbana;VIA TUSCOLANA;all'intersezione con;VIA STATILIO TAURO;VIA STATILIO TAURO;;;Investimento di pedone;Intersezione stradale segnalata;Due carreggiate;Asciutto;Asfaltata;Verticale ed orizzontale;Sereno;Normale;Buona;;1;0;0;1;12.5608;41.8577;-1;1;Autovettura privata;In marcia / fermata / arresto;Conducente;M;Illeso;0;;Non accertato;Inesploso
5519736;13;19/07/2021 04:40:00;Strada Urbana;VIA BERNARDO PASQUINI;in corrispondenza;;del civico n.;140B;;Veicolo in marcia contro veicoli in sosta;Rettilineo;Una carreggiata a doppio senso;Asciutto;Asfaltata;Verticale ed orizzontale;Sereno;Scarso;Sufficiente;;0;0;0;1;12.3619;41.7423;-1;1;Autovettura privata;In marcia / fermata / arresto;Conducente;F;Illeso;0;;Non accertato;Inesploso
5519736;13;19/07/2021 04:40:00;Strada Urbana;VIA BERNARDO PASQUINI;in corrispondenza;;del civico n.;140B;;Veicolo in marcia contro veicoli in sosta;Rettilineo;Una carreggiata a doppio senso;Asciutto;Asfaltata;Verticale ed orizzontale;Sereno;Scarso;Sufficiente;;0;0;0;1;12.3619;41.7423;-1;2;Autovettura privata;Sosta;;;;;;;
5519736;13;19/07/2021 04:40:00;Strada Urbana;VIA BERNARDO PASQUINI;in corrispondenza;;del civico n.;140B;;Veicolo in marcia contro veicoli in sosta;Rettilineo;Una carreggiata a doppio senso;Asciutto;Asfaltata;Verticale ed orizzontale;Sereno;Scarso;Sufficiente;;0;0;0;1;12.3619;41.7423;-1;3;Autovettura privata;Sosta;;;;;;;
5519738;1;18/07/2021 13:00:00;Strada Urbana;VIA GIOVANNI GIOLITTI;all'intersezione con;VIA ACHILLE GRANDI;VIA ACHILLE GRANDI;;;Scontro frontale/laterale SX fra veicoli in marcia;Incrocio;Una carreggiata a senso unico di marcia;Asciutto;Asfaltata;Verticale ed orizzontale;Nuvoloso;Normale;Buona;;1;0;0;1;12.507;41.8965;-1;1;Motociclo di polizia;In marcia / fermata / arresto;Conducente;M;Rimandato;0;NON DECEDUTO;Non accertato;
5519738;1;18/07/2021 13:00:00;Strada Urbana;VIA GIOVANNI GIOLITTI;all'intersezione con;VIA ACHILLE GRANDI;VIA ACHILLE GRANDI;;;Scontro frontale/laterale SX fra veicoli in marcia;Incrocio;Una carreggiata a senso unico di marcia;Asciutto;Asfaltata;Verticale ed orizzontale;Nuvoloso;Normale;Buona;;1;0;0;1;12.507;41.8965;-1;2;Autovettura privata;In marcia / fermata / arresto;Conducente;M;Illeso;0;;Non accertato;Inesploso
5519753;1;17/07/2021 21:00:00;Strada Urbana;VIA EMILIO MOROSINI;all'intersezione semaforizzata con;VIALE DI TRASTEVERE;VIALE DI TRASTEVERE;;;Infortunio per sola frenata improvvisa;Intersezione semaforizzata;Una carreggiata a senso unico di marcia;Asciutto;Asfaltata;Verticale ed orizzontale;Sereno;Normale;Sufficiente;;1;0;0;0;12.4699;41.8859;-1;1;Motociclo a solo;In marcia / fermata / arresto;Conducente;M;Rimandato;0;NON DECEDUTO;Non accertato;
5519792;1;19/07/2021 08:45:00;Strada Urbana;VIA MERULANA;all'intersezione con;VIA ALFIERI;VIA ALFIERI;;;Scontro laterale fra veicoli in marcia;Incrocio;Una carreggiata a doppio senso;Asciutto;Asfaltata;Verticale ed orizzontale;Sereno;Normale;Buona;;1;0;0;1;12.5021;41.8917;-1;1;Motociclo a solo;In marcia / fermata / arresto;Conducente;M;Rimandato;0;NON DECEDUTO;;
5519792;1;19/07/2021 08:45:00;Strada Urbana;VIA MERULANA;all'intersezione con;VIA ALFIERI;VIA ALFIERI;;;Scontro laterale fra veicoli in marcia;Incrocio;Una carreggiata a doppio senso;Asciutto;Asfaltata;Verticale ed orizzontale;Sereno;Normale;Buona;;1;0;0;1;12.5021;41.8917;-1;2;Autovettura privata;In marcia / fermata / arresto;Conducente;M;Illeso;0;;;
5519847;15;19/07/2021 11:35:00;Strada Urbana;VIA DELLA MAGLIANA;in corrispondenza;;del civico n.;86;;Tamponamento;Rettilineo;Una carreggiata a doppio senso;Asciutto;Asfaltata;Verticale ed orizzontale;Sereno;Normale;Buona;;0;0;0;5;12.4585;41.856;-1;1;Autovettura privata;In marcia / fermata / arresto;Conducente;F;Illeso;0;;Non accertato;Inesploso
5519847;15;19/07/2021 11:35:00;Strada Urbana;VIA DELLA MAGLIANA;in corrispondenza;;del civico n.;86;;Tamponamento;Rettilineo;Una carreggiata a doppio senso;Asciutto;Asfaltata;Verticale ed orizzontale;Sereno;Normale;Buona;;0;0;0;5;12.4585;41.856;-1;1;Autovettura privata;In marcia / fermata / arresto;Passeggero;F;Illeso;0;;Non accertato;Inesploso
5519847;15;19/07/2021 11:35:00;Strada Urbana;VIA DELLA MAGLIANA;in corrispondenza;;del civico n.;86;;Tamponamento;Rettilineo;Una carreggiata a doppio senso;Asciutto;Asfaltata;Verticale ed orizzontale;Sereno;Normale;Buona;;0;0;0;5;12.4585;41.856;-1;1;Autovettura privata;In marcia / fermata / arresto;Passeggero;F;Illeso;0;;Non accertato;Inesploso
5519847;15;19/07/2021 11:35:00;Strada Urbana;VIA DELLA MAGLIANA;in corrispondenza;;del civico n.;86;;Tamponamento;Rettilineo;Una carreggiata a doppio senso;Asciutto;Asfaltata;Verticale ed orizzontale;Sereno;Normale;Buona;;0;0;0;5;12.4585;41.856;-1;2;Autovettura privata;In marcia / fermata / arresto;Conducente;M;Illeso;0;;Non accertato;Inesploso
5519847;15;19/07/2021 11:35:00;Strada Urbana;VIA DELLA MAGLIANA;in corrispondenza;;del civico n.;86;;Tamponamento;Rettilineo;Una carreggiata a doppio senso;Asciutto;Asfaltata;Verticale ed orizzontale;Sereno;Normale;Buona;;0;0;0;5;12.4585;41.856;-1;2;Autovettura privata;In marcia / fermata / arresto;Passeggero;F;Illeso;0;;Non accertato;Inesploso
5519868;1;17/07/2021 23:30:00;Strada Urbana;PIAZZA VENEZIA;da specificare;;;;prossimit� piazza s. marco;Scontro laterale fra veicoli in marcia;;Una carreggiata a senso unico di marcia;Asciutto;In cubetti di porfido;Verticale ed orizzontale;Sereno;Normale;Sufficiente;;0;0;0;1;12.4823;41.8963;0;1;Autovettura privata;In marcia / fermata / arresto;Conducente;M;Illeso;0;;;
5519868;1;17/07/2021 23:30:00;Strada Urbana;PIAZZA VENEZIA;da specificare;;;;prossimit� piazza s. marco;Scontro laterale fra veicoli in marcia;;Una carreggiata a senso unico di marcia;Asciutto;In cubetti di porfido;Verticale ed orizzontale;Sereno;Normale;Sufficiente;;0;0;0;1;12.4823;41.8963;0;2;Autovettura privata;Allontanatosi;;;;;;;
5519886;15;19/07/2021 08:30:00;Strada Urbana;VIA USINI;all'intersezione con;VIA PORTUENSE;VIA PORTUENSE;;;Scontro frontale fra veicoli in marcia;Intersezione semaforizzata;Una carreggiata a doppio senso;Asciutto;Asfaltata;Verticale ed orizzontale;Sereno;Normale;Buona;;1;0;0;2;8.53898;40.6647;-1;1;Motociclo a solo;In marcia / fermata / arresto;Conducente;F;Rimandato;0;NON DECEDUTO;Non accertato;
5519886;15;19/07/2021 08:30:00;Strada Urbana;VIA USINI;all'intersezione con;VIA PORTUENSE;VIA PORTUENSE;;;Scontro frontale fra veicoli in marcia;Intersezione semaforizzata;Una carreggiata a doppio senso;Asciutto;Asfaltata;Verticale ed orizzontale;Sereno;Normale;Buona;;1;0;0;2;8.53898;40.6647;-1;2;Autovettura privata;In marcia / fermata / arresto;Conducente;M;Illeso;0;;;
5519886;15;19/07/2021 08:30:00;Strada Urbana;VIA USINI;all'intersezione con;VIA PORTUENSE;VIA PORTUENSE;;;Scontro frontale fra veicoli in marcia;Intersezione semaforizzata;Una carreggiata a doppio senso;Asciutto;Asfaltata;Verticale ed orizzontale;Sereno;Normale;Buona;;1;0;0;2;8.53898;40.6647;-1;2;Autovettura privata;In marcia / fermata / arresto;Passeggero;M;Illeso;0;;Non accertato;
5519941;12;19/07/2021 15:30:00;Strada Urbana;VIA TULLIO PASSARELLI;in prossimit�;;del civico n.;61/B;;Scontro frontale fra veicoli in marcia;Pendenza;Una carreggiata a doppio senso;Asciutto;Asfaltata;Verticale;Nuvoloso;Scarso;Buona;;0;0;0;4;12.4285;41.7888;-1;1;Autovettura privata;In marcia / fermata / arresto;Conducente;F;Illeso;0;;Non accertato;Inesploso
5519941;12;19/07/2021 15:30:00;Strada Urbana;VIA TULLIO PASSARELLI;in prossimit�;;del civico n.;61/B;;Scontro frontale fra veicoli in marcia;Pendenza;Una carreggiata a doppio senso;Asciutto;Asfaltata;Verticale;Nuvoloso;Scarso;Buona;;0;0;0;4;12.4285;41.7888;-1;1;Autovettura privata;In marcia / fermata / arresto;Passeggero;M;Illeso;0;;Non accertato;Inesploso
5519941;12;19/07/2021 15:30:00;Strada Urbana;VIA TULLIO PASSARELLI;in prossimit�;;del civico n.;61/B;;Scontro frontale fra veicoli in marcia;Pendenza;Una carreggiata a doppio senso;Asciutto;Asfaltata;Verticale;Nuvoloso;Scarso;Buona;;0;0;0;4;12.4285;41.7888;-1;1;Autovettura privata;In marcia / fermata / arresto;Passeggero;M;Illeso;0;;Non accertato;Inesploso
5519941;12;19/07/2021 15:30:00;Strada Urbana;VIA TULLIO PASSARELLI;in prossimit�;;del civico n.;61/B;;Scontro frontale fra veicoli in marcia;Pendenza;Una carreggiata a doppio senso;Asciutto;Asfaltata;Verticale;Nuvoloso;Scarso;Buona;;0;0;0;4;12.4285;41.7888;-1;2;Autovettura privata;In marcia / fermata / arresto;Conducente;F;Illeso;0;;Non accertato;Inesploso
5519999;19;19/07/2021 13:15:00;Strada Urbana;VIA DELLA PINETA SACCHETTI;in prossimit�;;del civico n.;215;;Tamponamento;Rettilineo;Una carreggiata a senso unico di marcia;Asciutto;Asfaltata;Verticale ed orizzontale;Nuvoloso;Normale;Buona;;1;0;0;1;12.4271;41.9291;-1;1;Autovettura privata;In marcia / fermata / arresto;Conducente;M;Rimandato;0;NON DECEDUTO;;
5519999;19;19/07/2021 13:15:00;Strada Urbana;VIA DELLA PINETA SACCHETTI;in prossimit�;;del civico n.;215;;Tamponamento;Rettilineo;Una carreggiata a senso unico di marcia;Asciutto;Asfaltata;Verticale ed orizzontale;Nuvoloso;Normale;Buona;;1;0;0;1;12.4271;41.9291;-1;2;Autovettura privata;In marcia / fermata / arresto;Conducente;M;Illeso;0;;;
5520023;16;16/07/2021 16:40:00;Strada Urbana;CIRCONVALLAZIONE GIANICOLENSE;in corrispondenza;;del civico n.;77;;Scontro laterale fra veicoli in marcia;Rettilineo;Pi� di due carreggiate;Asciutto;Asfaltata;Verticale ed orizzontale;Sereno;Normale;Buona;;1;0;0;3;12.4569;41.8704;-1;1;Autovettura privata;In marcia / fermata / arresto;Conducente;F;Illeso;0;;Non accertato;Inesploso
5520023;16;16/07/2021 16:40:00;Strada Urbana;CIRCONVALLAZIONE GIANICOLENSE;in corrispondenza;;del civico n.;77;;Scontro laterale fra veicoli in marcia;Rettilineo;Pi� di due carreggiate;Asciutto;Asfaltata;Verticale ed orizzontale;Sereno;Normale;Buona;;1;0;0;3;12.4569;41.8704;-1;1;Autovettura privata;In marcia / fermata / arresto;Passeggero;F;Illeso;0;;Non accertato;Inesploso
5520023;16;16/07/2021 16:40:00;Strada Urbana;CIRCONVALLAZIONE GIANICOLENSE;in corrispondenza;;del civico n.;77;;Scontro laterale fra veicoli in marcia;Rettilineo;Pi� di due carreggiate;Asciutto;Asfaltata;Verticale ed orizzontale;Sereno;Normale;Buona;;1;0;0;3;12.4569;41.8704;-1;1;Autovettura privata;In marcia / fermata / arresto;Passeggero;F;Illeso;0;;Non accertato;Inesploso
5520023;16;16/07/2021 16:40:00;Strada Urbana;CIRCONVALLAZIONE GIANICOLENSE;in corrispondenza;;del civico n.;77;;Scontro laterale fra veicoli in marcia;Rettilineo;Pi� di due carreggiate;Asciutto;Asfaltata;Verticale ed orizzontale;Sereno;Normale;Buona;;1;0;0;3;12.4569;41.8704;-1;2;Velocipede;In marcia / fermata / arresto;Conducente;M;Rimandato;0;NON DECEDUTO;Esente;
5520026;19;19/07/2021 16:50:00;Strada Urbana;VIA BENEDETTO ALOISI MASELLA;in prossimit�;;del civico n.;55;;Scontro laterale fra veicoli in marcia;Curva a visuale libera;Una carreggiata a doppio senso;Bagnato (pioggia);Asfaltata;Orizzontale;Pioggia in atto;Normale;Buona;;0;0;0;4;12.4092;41.915;-1;1;Autovettura privata;In marcia / fermata / arresto;Conducente;M;Illeso;0;;;
5520026;19;19/07/2021 16:50:00;Strada Urbana;VIA BENEDETTO ALOISI MASELLA;in prossimit�;;del civico n.;55;;Scontro laterale fra veicoli in marcia;Curva a visuale libera;Una carreggiata a doppio senso;Bagnato (pioggia);Asfaltata;Orizzontale;Pioggia in atto;Normale;Buona;;0;0;0;4;12.4092;41.915;-1;2;Autovettura privata;In marcia / fermata / arresto;Conducente;M;Illeso;0;;;
5520026;19;19/07/2021 16:50:00;Strada Urbana;VIA BENEDETTO ALOISI MASELLA;in prossimit�;;del civico n.;55;;Scontro laterale fra veicoli in marcia;Curva a visuale libera;Una carreggiata a doppio senso;Bagnato (pioggia);Asfaltata;Orizzontale;Pioggia in atto;Normale;Buona;;0;0;0;4;12.4092;41.915;-1;2;Autovettura privata;In marcia / fermata / arresto;Passeggero;F;Illeso;0;;;
5520026;19;19/07/2021 16:50:00;Strada Urbana;VIA BENEDETTO ALOISI MASELLA;in prossimit�;;del civico n.;55;;Scontro laterale fra veicoli in marcia;Curva a visuale libera;Una carreggiata a doppio senso;Bagnato (pioggia);Asfaltata;Orizzontale;Pioggia in atto;Normale;Buona;;0;0;0;4;12.4092;41.915;-1;2;Autovettura privata;In marcia / fermata / arresto;Passeggero;M;Illeso;0;;;
5520040;16;17/07/2021 06:30:00;Strada Urbana;VIA GIACOMO FOLCHI;da specificare;;;;in prossimit� ingresso ospedale Spallanzani;Veicolo in marcia contro veicoli in sosta;Rettilineo;Una carreggiata a doppio senso;Asciutto;Asfaltata;Verticale ed orizzontale;Sereno;Normale;Buona;;0;0;0;1;12.4545;41.8664;-1;1;Autovettura privata;Sosta;;;;;;;
5520040;16;17/07/2021 06:30:00;Strada Urbana;VIA GIACOMO FOLCHI;da specificare;;;;in prossimit� ingresso ospedale Spallanzani;Veicolo in marcia contro veicoli in sosta;Rettilineo;Una carreggiata a doppio senso;Asciutto;Asfaltata;Verticale ed orizzontale;Sereno;Normale;Buona;;0;0;0;1;12.4545;41.8664;-1;2;Autovettura privata;In marcia / fermata / arresto;Conducente;M;Illeso;0;;;Inesploso
5520048;16;16/07/2021 05:50:00;Strada Urbana;VIA GIOVANNI BATTISTA IMPALLOMENI;all'intersezione con;VIA ORESTE RANELLETTI;VIA ORESTE RANELLETTI;;;Scontro frontale/laterale SX fra veicoli in marcia;Intersezione stradale segnalata;Una carreggiata a doppio senso;Asciutto;Asfaltata;Verticale;Sereno;Scarso;Sufficiente;;2;0;0;2;12.3526;41.8699;-1;1;Autobus di linea;In marcia / fermata / arresto;Conducente;M;Illeso;0;;Non accertato;Inesploso
5520048;16;16/07/2021 05:50:00;Strada Urbana;VIA GIOVANNI BATTISTA IMPALLOMENI;all'intersezione con;VIA ORESTE RANELLETTI;VIA ORESTE RANELLETTI;;;Scontro frontale/laterale SX fra veicoli in marcia;Intersezione stradale segnalata;Una carreggiata a doppio senso;Asciutto;Asfaltata;Verticale;Sereno;Scarso;Sufficiente;;2;0;0;2;12.3526;41.8699;-1;1;Autobus di linea;In marcia / fermata / arresto;Passeggero;M;Rimandato;0;NON DECEDUTO;Non accertato;Inesploso
5520048;16;16/07/2021 05:50:00;Strada Urbana;VIA GIOVANNI BATTISTA IMPALLOMENI;all'intersezione con;VIA ORESTE RANELLETTI;VIA ORESTE RANELLETTI;;;Scontro frontale/laterale SX fra veicoli in marcia;Intersezione stradale segnalata;Una carreggiata a doppio senso;Asciutto;Asfaltata;Verticale;Sereno;Scarso;Sufficiente;;2;0;0;2;12.3526;41.8699;-1;1;Autobus di linea;In marcia / fermata / arresto;Passeggero;M;Rimandato;0;NON DECEDUTO;Non accertato;Inesploso
5520048;16;16/07/2021 05:50:00;Strada Urbana;VIA GIOVANNI BATTISTA IMPALLOMENI;all'intersezione con;VIA ORESTE RANELLETTI;VIA ORESTE RANELLETTI;;;Scontro frontale/laterale SX fra veicoli in marcia;Intersezione stradale segnalata;Una carreggiata a doppio senso;Asciutto;Asfaltata;Verticale;Sereno;Scarso;Sufficiente;;2;0;0;2;12.3526;41.8699;-1;2;Autocarro inferiore 35 q.;In marcia / fermata / arresto;Conducente;M;Illeso;0;;Non accertato;Inesploso
5520050;19;19/07/2021 17:15:00;Strada Urbana;VIA ANDERSEN;da specificare;;;;altezza Via del Podere Trieste;Tamponamento;Rettilineo;Una carreggiata a doppio senso;Bagnato (pioggia);Asfaltata;Orizzontale;Nuvoloso;Normale;Buona;;2;0;0;1;12.3992;41.9225;-1;1;Motociclo a solo;In marcia / fermata / arresto;Conducente;M;Rimandato;0;NON DECEDUTO;;
5520050;19;19/07/2021 17:15:00;Strada Urbana;VIA ANDERSEN;da specificare;;;;altezza Via del Podere Trieste;Tamponamento;Rettilineo;Una carreggiata a doppio senso;Bagnato (pioggia);Asfaltata;Orizzontale;Nuvoloso;Normale;Buona;;2;0;0;1;12.3992;41.9225;-1;1;Motociclo a solo;In marcia / fermata / arresto;Passeggero;M;Rimandato;0;NON DECEDUTO;;