Protocollo;Gruppo;DataOraIncidente;Localizzazione1;STRADA1;Localizzazione2;STRADA2;Strada02;Chilometrica;DaSpecificare;NaturaIncidente;particolaritastrade;TipoStrada;FondoStradale;Pavimentazione;Segnaletica;CondizioneAtmosferica;Traffico;Visibilita;Illuminazione;NUM_FERITI;NUM_RISERVATA;NUM_MORTI;NUM_ILLESI;Longitudine;Latitudine;Confermato;Progressivo;TipoVeicolo;StatoVeicolo;TipoPersona;Sesso;Tipolesione;Deceduto;DecedutoDopo;CinturaCascoUtilizzato;Airbag;
5522162;7;20/07/2021 08:00:00;Strada Urbana;VIA COLLATINA;all'intersezione con;VIALE GIORGIO DE CHIRICO;VIALE GIORGIO DE CHIRICO;;;Tamponamento;Incrocio;Una carreggiata a doppio senso;Asciutto;Asfaltata;Verticale ed orizzontale;Sereno;Normale;Buona;;1;0;0;1;12.585;41.9034;-1;2;Motociclo a solo;In marcia / fermata / arresto;Conducente;M;Rimandato;0;NON DECEDUTO;Non accertato;
5522168;19;20/07/2021 18:10:00;Strada Urbana;VIA DAMIANO CHIESA;all'intersezione con;VIA EUGENIO FRATE;VIA EUGENIO FRATE;;;Scontro frontale/laterale SX fra veicoli in marcia;Incrocio;Una carreggiata a doppio senso;Asciutto;Asfaltata;Verticale ed orizzontale;Sereno;Normale;Buona;;2;0;0;0;12.4347;41.9192;-1;1;Autovettura privata;In marcia / fermata / arresto;Conducente;F;Rimandato;0;NON DECEDUTO;;
5522168;19;20/07/2021 18:10:00;Strada Urbana;VIA DAMIANO CHIESA;all'intersezione con;VIA EUGENIO FRATE;VIA EUGENIO FRATE;;;Scontro frontale/laterale SX fra veicoli in marcia;Incrocio;Una carreggiata a doppio senso;Asciutto;Asfaltata;Verticale ed orizzontale;Sereno;Normale;Buona;;2;0;0;0;12.4347;41.9192;-1;2;Motociclo a solo;In marcia / fermata / arresto;Conducente;M;Rimandato;0;NON DECEDUTO;;
5522176;15;20/07/2021 08:15:00;Strada Urbana;VIA NUXIS;all'intersezione con;VIA DI MONTE STALLONARA;VIA DI MONTE STALLONARA;;;Scontro frontale/laterale SX fra veicoli in marcia;Intersezione non regolata/non segnalata;Una carreggiata a doppio senso;Asciutto;Asfaltata;Verticale;Sereno;Scarso;Buona;;0;0;0;2;12.3446;41.8363;-1;1;Autocarro inferiore 35 q.;In marcia / fermata / arresto;Conducente;M;Illeso;0;;Non accertato;Inesploso
5522176;15;20/07/2021 08:15:00;Strada Urbana;VIA NUXIS;all'intersezione con;VIA DI MONTE STALLONARA;VIA DI MONTE STALLONARA;;;Scontro frontale/laterale SX fra veicoli in marcia;Intersezione non regolata/non segnalata;Una carreggiata a doppio senso;Asciutto;Asfaltata;Verticale;Sereno;Scarso;Buona;;0;0;0;2;12.3446;41.8363;-1;2;Autovettura privata;In marcia / fermata / arresto;Conducente;F;Illeso;0;;Non accertato;Inesploso
5522177;8;20/07/2021 16:00:00;Strada Urbana;VIA CASILINA;all'intersezione con;VIA DI GIARDINETTI;VIA DI GIARDINETTI;;;Scontro frontale/laterale SX fra veicoli in marcia;Incrocio;Una carreggiata a doppio senso;Asciutto;Asfaltata;Verticale ed orizzontale;Sereno;Intenso;Buona;;1;0;0;1;12.6053;41.8644;-1;1;Autovettura privata;In marcia / fermata / arresto;Conducente;M;Illeso;0;;Non accertato;Inesploso
5522177;8;20/07/2021 16:00:00;Strada Urbana;VIA CASILINA;all'intersezione con;VIA DI GIARDINETTI;VIA DI GIARDINETTI;;;Scontro frontale/laterale SX fra veicoli in marcia;Incrocio;Una carreggiata a doppio senso;Asciutto;Asfaltata;Verticale ed orizzontale;Sereno;Intenso;Buona;;1;0;0;1;12.6053;41.8644;-1;2;Motociclo a solo;In marcia / fermata / arresto;Conducente;M;Rimandato;0;NON DECEDUTO;Non accertato;
5522194;11;16/07/2021 21:35:00;Strada Urbana;VIALE CARLO TOMMASO ODESCALCHI;in corrispondenza;;del civico n.;15;;Veicolo in marcia contro veicoli in sosta;Rettilineo;Una carreggiata a senso unico di marcia;Asciutto;Asfaltata;Verticale ed orizzontale;Sereno;Scarso;Buona;;0;0;0;1;12.5019;41.8585;-1;1;Autovettura privata;Sosta;;;;;;;
5522194;11;16/07/2021 21:35:00;Strada Urbana;VIALE CARLO TOMMASO ODESCALCHI;in corrispondenza;;del civico n.;15;;Veicolo in marcia contro veicoli in sosta;Rettilineo;Una carreggiata a senso unico di marcia;Asciutto;Asfaltata;Verticale ed orizzontale;Sereno;Scarso;Buona;;0;0;0;1;12.5019;41.8585;-1;2;Autovettura privata;Sosta;;;;;;;
5522194;11;16/07/2021 21:35:00;Strada Urbana;VIALE CARLO TOMMASO ODESCALCHI;in corrispondenza;;del civico n.;15;;Veicolo in marcia contro veicoli in sosta;Rettilineo;Una carreggiata a senso unico di marcia;Asciutto;Asfaltata;Verticale ed orizzontale;Sereno;Scarso;Buona;;0;0;0;1;12.5019;41.8585;-1;3;Autovettura privata;In marcia / fermata / arresto;Conducente;M;Illeso;0;;;
5522201;3;19/07/2021 12:10:00;Strada Urbana;VIALE REGINA ELENA;in prossimit�;;del civico n.;332;;Tamponamento Multiplo;Rettilineo;Una carreggiata a doppio senso;Asciutto;Asfaltata;Verticale ed orizzontale;Sereno;Normale;Buona;;1;0;0;3;12.5164;41.9049;-1;1;Autovettura privata;In marcia / fermata / arresto;Conducente;F;Illeso;0;;;
5522201;3;19/07/2021 12:10:00;Strada Urbana;VIALE REGINA ELENA;in prossimit�;;del civico n.;332;;Tamponamento Multiplo;Rettilineo;Una carreggiata a doppio senso;Asciutto;Asfaltata;Verticale ed orizzontale;Sereno;Normale;Buona;;1;0;0;3;12.5164;41.9049;-1;2;Autovettura privata;In marcia / fermata / arresto;Conducente;F;Rimandato;0;NON DECEDUTO;;
5522201;3;19/07/2021 12:10:00;Strada Urbana;VIALE REGINA ELENA;in prossimit�;;del civico n.;332;;Tamponamento Multiplo;Rettilineo;Una carreggiata a doppio senso;Asciutto;Asfaltata;Verticale ed orizzontale;Sereno;Normale;Buona;;1;0;0;3;12.5164;41.9049;-1;3;Autovettura privata;In marcia / fermata / arresto;Conducente;F;Illeso;0;;;
5522201;3;19/07/2021 12:10:00;Strada Urbana;VIALE REGINA ELENA;in prossimit�;;del civico n.;332;;Tamponamento Multiplo;Rettilineo;Una carreggiata a doppio senso;Asciutto;Asfaltata;Verticale ed orizzontale;Sereno;Normale;Buona;;1;0;0;3;12.5164;41.9049;-1;3;Autovettura privata;In marcia / fermata / arresto;Passeggero;F;Illeso;0;;;
5522209;7;20/07/2021 15:53:00;Strada Urbana;VIA COLLATINA;all'intersezione con;VIA GIOVANNI CAPRANESI;VIA GIOVANNI CAPRANESI;;;Scontro frontale/laterale SX fra veicoli in marcia;Incrocio;Due carreggiate;Asciutto;Asfaltata;Verticale;Grandine in atto;Normale;Sufficiente;;0;0;0;3;12.6112;41.9046;-1;1;Motociclo a solo;In marcia / fermata / arresto;Conducente;M;Illeso;0;;;
5522209;7;20/07/2021 15:53:00;Strada Urbana;VIA COLLATINA;all'intersezione con;VIA GIOVANNI CAPRANESI;VIA GIOVANNI CAPRANESI;;;Scontro frontale/laterale SX fra veicoli in marcia;Incrocio;Due carreggiate;Asciutto;Asfaltata;Verticale;Grandine in atto;Normale;Sufficiente;;0;0;0;3;12.6112;41.9046;-1;2;Motociclo a solo;In marcia / fermata / arresto;Conducente;M;Illeso;0;;;
5522209;7;20/07/2021 15:53:00;Strada Urbana;VIA COLLATINA;all'intersezione con;VIA GIOVANNI CAPRANESI;VIA GIOVANNI CAPRANESI;;;Scontro frontale/laterale SX fra veicoli in marcia;Incrocio;Due carreggiate;Asciutto;Asfaltata;Verticale;Grandine in atto;Normale;Sufficiente;;0;0;0;3;12.6112;41.9046;-1;2;Motociclo a solo;In marcia / fermata / arresto;Passeggero;F;Illeso;0;;;
5522212;8;20/07/2021 16:00:00;Strada Urbana;VIA CASILINA;da specificare;;;;corsia imm. GRA direz. fuori Roma palo acea 430 ;Tamponamento Multiplo;Curva a visuale libera;Una carreggiata a senso unico di marcia;Asciutto;Asfaltata;Verticale ed orizzontale;Sereno;Intenso;Buona;;1;0;0;2;12.6025;41.8652;-1;1;Autovettura privata;In marcia / fermata / arresto;Conducente;M;Illeso;0;;Non accertato;
5522212;8;20/07/2021 16:00:00;Strada Urbana;VIA CASILINA;da specificare;;;;corsia imm. GRA direz. fuori Roma palo acea 430 ;Tamponamento Multiplo;Curva a visuale libera;Una carreggiata a senso unico di marcia;Asciutto;Asfaltata;Verticale ed orizzontale;Sereno;Intenso;Buona;;1;0;0;2;12.6025;41.8652;-1;2;Autovettura privata;In marcia / fermata / arresto;Conducente;M;Illeso;0;;;
5522212;8;20/07/2021 16:00:00;Strada Urbana;VIA CASILINA;da specificare;;;;corsia imm. GRA direz. fuori Roma palo acea 430 ;Tamponamento Multiplo;Curva a visuale libera;Una carreggiata a senso unico di marcia;Asciutto;Asfaltata;Verticale ed orizzontale;Sereno;Intenso;Buona;;1;0;0;2;12.6025;41.8652;-1;3;Autovettura privata;In marcia / fermata / arresto;Conducente;M;Rifiuta cure immediate;0;NON DECEDUTO;Non accertato;
5522216;4;20/07/2021 13:30:00;Strada Urbana;VIA AMLETO PALERMI;in prossimit�;;del civico n.;50;;Veicolo in marcia contro ostacolo accidentale;Rettilineo;Una carreggiata a doppio senso;Asciutto;Asfaltata;Verticale ed orizzontale;Sereno;Scarso;Buona;;1;0;0;1;12.538;41.9646;-1;1;Motociclo con passeggero;In marcia / fermata / arresto;Conducente;M;Illeso;0;;;
5522216;4;20/07/2021 13:30:00;Strada Urbana;VIA AMLETO PALERMI;in prossimit�;;del civico n.;50;;Veicolo in marcia contro ostacolo accidentale;Rettilineo;Una carreggiata a doppio senso;Asciutto;Asfaltata;Verticale ed orizzontale;Sereno;Scarso;Buona;;1;0;0;1;12.538;41.9646;-1;1;Motociclo con passeggero;In marcia / fermata / arresto;Passeggero;F;Rimandato;0;NON DECEDUTO;;
5522221;7;20/07/2021 12:40:00;Strada Urbana;VIA DEI GELSI;in prossimit�;;del civico n.;171;;Veicolo in marcia contro veicolo in sosta;Rettilineo;Una carreggiata a doppio senso;Asciutto;Asfaltata;Verticale ed orizzontale;Sereno;Scarso;Buona;;0;0;0;1;12.5736;41.8902;-1;1;Motociclo a solo;In marcia / fermata / arresto;Conducente;M;Illeso;0;;Non accertato;
5522221;7;20/07/2021 12:40:00;Strada Urbana;VIA DEI GELSI;in prossimit�;;del civico n.;171;;Veicolo in marcia contro veicolo in sosta;Rettilineo;Una carreggiata a doppio senso;Asciutto;Asfaltata;Verticale ed orizzontale;Sereno;Scarso;Buona;;0;0;0;1;12.5736;41.8902;-1;2;Autovettura privata;Sosta;;;;;;;
5522224;2;20/07/2021 15:50:00;Strada Urbana;PIAZZA CRATI;in prossimit�;;del civico n.;29;;Scontro laterale fra veicoli in marcia;Rettilineo;Una carreggiata a doppio senso;Asciutto;Asfaltata;Verticale ed orizzontale;Sereno;Normale;Buona;;0;0;0;2;12.5104;41.9268;-1;1;Motociclo a solo;In marcia / fermata / arresto;Conducente;M;Illeso;0;;Non accertato;
5522224;2;20/07/2021 15:50:00;Strada Urbana;PIAZZA CRATI;in prossimit�;;del civico n.;29;;Scontro laterale fra veicoli in marcia;Rettilineo;Una carreggiata a doppio senso;Asciutto;Asfaltata;Verticale ed orizzontale;Sereno;Normale;Buona;;0;0;0;2;12.5104;41.9268;-1;2;Motociclo a solo;In marcia / fermata / arresto;Conducente;M;Illeso;0;;Non accertato;
5522228;12;20/07/2021 17:00:00;Strada Urbana;VIA LAURENTINA;in prossimit�;;del civico n.;628;;Scontro laterale fra veicoli in marcia;Rettilineo;Due carreggiate;Asciutto;Asfaltata;Verticale ed orizzontale;Sereno;Normale;Buona;;0;0;0;2;12.4827;41.8038;-1;1;Autovettura privata;In marcia / fermata / arresto;Conducente;M;Illeso;0;;Utilizzato;Inesploso
5522228;12;20/07/2021 17:00:00;Strada Urbana;VIA LAURENTINA;in prossimit�;;del civico n.;628;;Scontro laterale fra veicoli in marcia;Rettilineo;Due carreggiate;Asciutto;Asfaltata;Verticale ed orizzontale;Sereno;Normale;Buona;;0;0;0;2;12.4827;41.8038;-1;2;Autovettura privata;In marcia / fermata / arresto;Conducente;M;Illeso;0;;Utilizzato;Inesploso
5522236;7;20/07/2021 18:00:00;Strada Urbana;VIA PRENESTINA;in prossimit�;;del civico n.;498;;Tamponamento;Rettilineo;Due carreggiate;Asciutto;Asfaltata;Verticale ed orizzontale;Sereno;Normale;Sufficiente;;0;0;0;2;12.5718;41.895;-1;1;Autovettura privata;In marcia / fermata / arresto;Conducente;M;Illeso;0;;;
5522236;7;20/07/2021 18:00:00;Strada Urbana;VIA PRENESTINA;in prossimit�;;del civico n.;498;;Tamponamento;Rettilineo;Due carreggiate;Asciutto;Asfaltata;Verticale ed orizzontale;Sereno;Normale;Sufficiente;;0;0;0;2;12.5718;41.895;-1;2;Autovettura privata;In marcia / fermata / arresto;Conducente;F;Illeso;0;;;
5522239;17;17/07/2021 09:50:00;Strada Urbana;VIA COLA DI RIENZO;all'intersezione semaforizzata con;VIA VIRGILIO;VIA VIRGILIO;;;Scontro frontale/laterale DX fra veicoli in marcia;Intersezione semaforizzata;Una carreggiata a doppio senso;Asciutto;In cubetti di porfido;Verticale ed orizzontale;Sereno;Normale;Buona;;3;0;0;1;12.4652;41.908;0;1;Autovettura privata;In marcia / fermata / arresto;Conducente;M;Illeso;0;;;
5522239;17;17/07/2021 09:50:00;Strada Urbana;VIA COLA DI RIENZO;all'intersezione semaforizzata con;VIA VIRGILIO;VIA VIRGILIO;;;Scontro frontale/laterale DX fra veicoli in marcia;Intersezione semaforizzata;Una carreggiata a doppio senso;Asciutto;In cubetti di porfido;Verticale ed orizzontale;Sereno;Normale;Buona;;3;0;0;1;12.4652;41.908;0;2;Autovettura privata;In marcia / fermata / arresto;Conducente;M;Rimandato;0;NON DECEDUTO;Non accertato;
5522239;17;17/07/2021 09:50:00;Strada Urbana;VIA COLA DI RIENZO;all'intersezione semaforizzata con;VIA VIRGILIO;VIA VIRGILIO;;;Scontro frontale/laterale DX fra veicoli in marcia;Intersezione semaforizzata;Una carreggiata a doppio senso;Asciutto;In cubetti di porfido;Verticale ed orizzontale;Sereno;Normale;Buona;;3;0;0;1;12.4652;41.908;0;2;Autovettura privata;In marcia / fermata / arresto;Passeggero;F;Rimandato;0;NON DECEDUTO;Non accertato;
5522239;17;17/07/2021 09:50:00;Strada Urbana;VIA COLA DI RIENZO;all'intersezione semaforizzata con;VIA VIRGILIO;VIA VIRGILIO;;;Scontro frontale/laterale DX fra veicoli in marcia;Intersezione semaforizzata;Una carreggiata a doppio senso;Asciutto;In cubetti di porfido;Verticale ed orizzontale;Sereno;Normale;Buona;;3;0;0;1;12.4652;41.908;0;2;Autovettura privata;In marcia / fermata / arresto;Passeggero;F;Rimandato;0;NON DECEDUTO;Non accertato;
5522241;15;20/07/2021 10:00:00;Strada Urbana;VIA LUIGI ERCOLE MORSELLI;da specificare;;;;in prossimit� civico 19;Scontro laterale fra veicoli in marcia;Rettilineo;Una carreggiata a doppio senso;Asciutto;Asfaltata;Orizzontale;Sereno;Normale;Buona;;0;0;0;2;12.4149;41.8271;-1;1;Autovettura privata;In marcia / fermata / arresto;Conducente;F;Illeso;0;;Non accertato;Inesploso
5522241;15;20/07/2021 10:00:00;Strada Urbana;VIA LUIGI ERCOLE MORSELLI;da specificare;;;;in prossimit� civico 19;Scontro laterale fra veicoli in marcia;Rettilineo;Una carreggiata a doppio senso;Asciutto;Asfaltata;Orizzontale;Sereno;Normale;Buona;;0;0;0;2;12.4149;41.8271;-1;2;Autovettura privata;In marcia / fermata / arresto;Conducente;M;Illeso;0;;Non accertato;Inesploso
5522242;5;20/07/2021 07:20:00;Strada Urbana;VIA DEI MONTI TIBURTINI;da specificare;;;;dir. Lanciani pross. rampa imm. Monti Di Pietr;Scontro laterale fra veicoli in marcia;Curva senza visuale libera;Due carreggiate;Asciutto;Asfaltata;Orizzontale;Sereno;Normale;Buona;;0;0;0;2;12.5288;41.921;-1;1;Altro;In marcia / fermata / arresto;Conducente;M;Illeso;0;;;
5522242;5;20/07/2021 07:20:00;Strada Urbana;VIA DEI MONTI TIBURTINI;da specificare;;;;dir. Lanciani pross. rampa imm. Monti Di Pietr;Scontro laterale fra veicoli in marcia;Curva senza visuale libera;Due carreggiate;Asciutto;Asfaltata;Orizzontale;Sereno;Normale;Buona;;0;0;0;2;12.5288;41.921;-1;2;Autovettura privata;In marcia / fermata / arresto;Conducente;M;Illeso;0;;;
5522245;8;20/07/2021 19:10:00;Strada Urbana;VIA COLLATINA;in corrispondenza;;del palo luce n.;594;;Tamponamento;Rettilineo;Una carreggiata a doppio senso;Asciutto;Asfaltata;Orizzontale;Sereno;Normale;Buona;;0;0;0;3;12.6108;41.9058;-1;1;Autovettura privata;In marcia / fermata / arresto;Conducente;M;Illeso;0;;Non accertato;Inesploso
5522245;8;20/07/2021 19:10:00;Strada Urbana;VIA COLLATINA;in corrispondenza;;del palo luce n.;594;;Tamponamento;Rettilineo;Una carreggiata a doppio senso;Asciutto;Asfaltata;Orizzontale;Sereno;Normale;Buona;;0;0;0;3;12.6108;41.9058;-1;1;Autovettura privata;In marcia / fermata / arresto;Passeggero;F;Illeso;0;;Non accertato;Inesploso
5522245;8;20/07/2021 19:10:00;Strada Urbana;VIA COLLATINA;in corrispondenza;;del palo luce n.;594;;Tamponamento;Rettilineo;Una carreggiata a doppio senso;Asciutto;Asfaltata;Orizzontale;Sereno;Normale;Buona;;0;0;0;3;12.6108;41.9058;-1;2;Autovettura privata;In marcia / fermata / arresto;Conducente;F;Illeso;0;;Non accertato;Inesploso
5522246;2;20/07/2021 09:50:00;Strada Urbana;VIALE LIEGI;in prossimit�;;del civico n.;46;;Veicolo in marcia contro veicolo fermo;Rettilineo;Una carreggiata a doppio senso;Asciutto;Asfaltata;Assente;Sereno;Normale;Buona;;0;1;0;2;12.4957;41.9215;-1;1;Autovettura privata;In marcia / fermata / arresto;Conducente;M;Illeso;0;;;
5522246;2;20/07/2021 09:50:00;Strada Urbana;VIALE LIEGI;in prossimit�;;del civico n.;46;;Veicolo in marcia contro veicolo fermo;Rettilineo;Una carreggiata a doppio senso;Asciutto;Asfaltata;Assente;Sereno;Normale;Buona;;0;1;0;2;12.4957;41.9215;-1;1;Autovettura privata;In marcia / fermata / arresto;Passeggero;F;Illeso;0;;;
5522246;2;20/07/2021 09:50:00;Strada Urbana;VIALE LIEGI;in prossimit�;;del civico n.;46;;Veicolo in marcia contro veicolo fermo;Rettilineo;Una carreggiata a doppio senso;Asciutto;Asfaltata;Assente;Sereno;Normale;Buona;;0;1;0;2;12.4957;41.9215;-1;2;Motociclo a solo;In marcia / fermata / arresto;Conducente;F;Prognosi riservata;0;NON DECEDUTO;;
5522249;8;20/07/2021 22:15:00;Strada Urbana;VIA VILLABATE;all'intersezione con;VIA GIUSEPPE BALDRIGHI;VIA GIUSEPPE BALDRIGHI;;;Scontro laterale fra veicoli in marcia;Incrocio;Una carreggiata a doppio senso;Asciutto;Asfaltata;Verticale ed orizzontale;Sereno;Normale;Sufficiente;;1;0;0;1;12.6507;41.8688;-1;1;Motociclo con passeggero;In marcia / fermata / arresto;Conducente;M;Rifiuta cure immediate;0;NON DECEDUTO;;
5522249;8;20/07/2021 22:15:00;Strada Urbana;VIA VILLABATE;all'intersezione con;VIA GIUSEPPE BALDRIGHI;VIA GIUSEPPE BALDRIGHI;;;Scontro laterale fra veicoli in marcia;Incrocio;Una carreggiata a doppio senso;Asciutto;Asfaltata;Verticale ed orizzontale;Sereno;Normale;Sufficiente;;1;0;0;1;12.6507;41.8688;-1;2;Autovettura privata;In marcia / fermata / arresto;Conducente;M;Illeso;0;;;
5522266;4;20/07/2021 16:10:00;Statale;VIA SALARIA;da specificare;;;;pross. fronte via castel Giubileo;Tamponamento;Rettilineo;Due carreggiate;Asciutto;Asfaltata;Orizzontale;Sereno;Normale;Buona;;0;0;0;3;12.5115;41.9873;-1;1;Autovettura privata;In marcia / fermata / arresto;Conducente;M;Illeso;0;;;
5522266;4;20/07/2021 16:10:00;Statale;VIA SALARIA;da specificare;;;;pross. fronte via castel Giubileo;Tamponamento;Rettilineo;Due carreggiate;Asciutto;Asfaltata;Orizzontale;Sereno;Normale;Buona;;0;0;0;3;12.5115;41.9873;-1;2;Autovettura privata;In marcia / fermata / arresto;Conducente;M;Illeso;0;;;
5522266;4;20/07/2021 16:10:00;Statale;VIA SALARIA;da specificare;;;;pross. fronte via castel Giubileo;Tamponamento;Rettilineo;Due carreggiate;Asciutto;Asfaltata;Orizzontale;Sereno;Normale;Buona;;0;0;0;3;12.5115;41.9873;-1;2;Autovettura privata;In marcia / fermata / arresto;Passeggero;M;Illeso;0;;;
5522267;5;20/07/2021 08:10:00;Strada Urbana;VIA DI S. ALESSANDRO;da specificare;;;;100 mt prima dell'incrocio Via Corniculum;Veicolo in marcia che urta buche nella carreggiata;Rettilineo;Una carreggiata a doppio senso;Asciutto;Asfaltata;Assente;Sereno;Normale;Buona;;0;0;0;1;12.6045;41.9433;-1;1;Autovettura privata;In marcia / fermata / arresto;Conducente;M;Illeso;0;;;
5522272;5;20/07/2021 09:00:00;Strada Urbana;NUOVA CIRCONVALLAZIONE INTERNA;da specificare;;;;rampa uscita Monti Tiburtini pross. biforcazione;Veicolo in marcia contro ostacolo accidentale;Curva senza visuale libera;Una carreggiata a senso unico di marcia;Viscido da liquidi oleosi;Asfaltata;Orizzontale;Sereno;Normale;Buona;;1;0;0;0;12.5298;41.9208;-1;1;Motociclo a solo;In marcia / fermata / arresto;Conducente;M;Rimandato;0;NON DECEDUTO;;
5522276;5;20/07/2021 09:20:00;Strada Urbana;VIA DI S. ALESSANDRO;da specificare;;;;100 mt prima dell'intersezione Via Corniculum;Veicolo in marcia che urta buche nella carreggiata;Rettilineo;Una carreggiata a doppio senso;Asciutto;Con buche;Assente;Sereno;Normale;Buona;;0;0;0;1;12.6046;41.9432;-1;1;Autovettura privata;In marcia / fermata / arresto;Conducente;M;Illeso;0;;;
5522286;4;20/07/2021 13:15:00;Strada Urbana;VIALE GOTTARDO;all'intersezione con;VIA DI MONTE SACRO;VIA DI MONTE SACRO;;;Scontro frontale/laterale SX fra veicoli in marcia;Intersezione stradale segnalata;Una carreggiata a senso unico di marcia;Asciutto;Asfaltata;Verticale ed orizzontale;Sereno;Normale;Buona;;0;0;0;2;12.5354;41.9346;-1;1;Autovettura privata;In marcia / fermata / arresto;Conducente;M;Illeso;0;;Non accertato;Inesploso
5522286;4;20/07/2021 13:15:00;Strada Urbana;VIALE GOTTARDO;all'intersezione con;VIA DI MONTE SACRO;VIA DI MONTE SACRO;;;Scontro frontale/laterale SX fra veicoli in marcia;Intersezione stradale segnalata;Una carreggiata a senso unico di marcia;Asciutto;Asfaltata;Verticale ed orizzontale;Sereno;Normale;Buona;;0;0;0;2;12.5354;41.9346;-1;2;Autovettura privata;In marcia / fermata / arresto;Conducente;F;Illeso;0;;Non accertato;Inesploso
5522286;4;20/07/2021 13:15:00;Strada Urbana;VIALE GOTTARDO;all'intersezione con;VIA DI MONTE SACRO;VIA DI MONTE SACRO;;;Scontro frontale/laterale SX fra veicoli in marcia;Intersezione stradale segnalata;Una carreggiata a senso unico di marcia;Asciutto;Asfaltata;Verticale ed orizzontale;Sereno;Normale;Buona;;0;0;0;2;12.5354;41.9346;-1;3;Autovettura privata;Sosta;;;;;;;
5522292;5;20/07/2021 14:20:00;Strada Urbana;VIA TIBURTINA;all'intersezione semaforizzata con;VIA DI PORTONACCIO;VIA DI PORTONACCIO;;;Scontro frontale/laterale DX fra veicoli in marcia;Incrocio;Una carreggiata a doppio senso;Asciutto;Asfaltata;Verticale ed orizzontale;Sereno;Normale;Buona;;0;0;0;4;12.534;41.9082;-1;1;Autovettura privata;In marcia / fermata / arresto;Conducente;M;Illeso;0;;;
5522292;5;20/07/2021 14:20:00;Strada Urbana;VIA TIBURTINA;all'intersezione semaforizzata con;VIA DI PORTONACCIO;VIA DI PORTONACCIO;;;Scontro frontale/laterale DX fra veicoli in marcia;Incrocio;Una carreggiata a doppio senso;Asciutto;Asfaltata;Verticale ed orizzontale;Sereno;Normale;Buona;;0;0;0;4;12.534;41.9082;-1;1;Autovettura privata;In marcia / fermata / arresto;Passeggero;M;Illeso;0;;;
5522292;5;20/07/2021 14:20:00;Strada Urbana;VIA TIBURTINA;all'intersezione semaforizzata con;VIA DI PORTONACCIO;VIA DI PORTONACCIO;;;Scontro frontale/laterale DX fra veicoli in marcia;Incrocio;Una carreggiata a doppio senso;Asciutto;Asfaltata;Verticale ed orizzontale;Sereno;Normale;Buona;;0;0;0;4;12.534;41.9082;-1;2;Autovettura privata;In marcia / fermata / arresto;Conducente;M;Illeso;0;;;
5522292;5;20/07/2021 14:20:00;Strada Urbana;VIA TIBURTINA;all'intersezione semaforizzata con;VIA DI PORTONACCIO;VIA DI PORTONACCIO;;;Scontro frontale/laterale DX fra veicoli in marcia;Incrocio;Una carreggiata a doppio senso;Asciutto;Asfaltata;Verticale ed orizzontale;Sereno;Normale;Buona;;0;0;0;4;12.534;41.9082;-1;2;Autovettura privata;In marcia / fermata / arresto;Passeggero;F;Illeso;0;;;
5522302;5;20/07/2021 15:40:00;Strada Urbana;VIA DI PIETRALATA;in corrispondenza;;del civico n.;198;;Scontro frontale fra veicoli in marcia;Rettilineo;Una carreggiata a doppio senso;Asciutto;Asfaltata;Assente;Sereno;Normale;Buona;;0;0;0;2;12.5446;41.9259;-1;1;Autovettura privata;In marcia / fermata / arresto;Conducente;M;Illeso;0;;;
5522302;5;20/07/2021 15:40:00;Strada Urbana;VIA DI PIETRALATA;in corrispondenza;;del civico n.;198;;Scontro frontale fra veicoli in marcia;Rettilineo;Una carreggiata a doppio senso;Asciutto;Asfaltata;Assente;Sereno;Normale;Buona;;0;0;0;2;12.5446;41.9259;-1;2;Autovettura privata;In marcia / fermata / arresto;Conducente;M;Illeso;0;;;
5522313;5;20/07/2021 17:50:00;Autostrada;VIA BELMONTE IN SABINA;da specificare;;;;rampa immissione da GRA carr. esterna;Veicolo in marcia che urta buche nella carreggiata;Rettilineo;Una carreggiata a senso unico di marcia;Asciutto;Asfaltata;Verticale ed orizzontale;Sereno;Normale;Buona;;0;0;0;1;12.5901;41.9454;-1;1;Autovettura privata;In marcia / fermata / arresto;Conducente;M;Illeso;0;;Non accertato;
5522318;5;20/07/2021 19:14:00;Strada Urbana;VIA CIPRIANO FACCHINETTI;in corrispondenza;;del civico n.;65;;Veicolo in marcia contro veicoli in sosta;Rettilineo;Una carreggiata a senso unico di marcia;Asciutto;Asfaltata;Verticale ed orizzontale;Sereno;Normale;Buona;;0;0;0;0;12.548;41.9074;-1;1;Autovettura privata;Sosta;;;;;;;
5522318;5;20/07/2021 19:14:00;Strada Urbana;VIA CIPRIANO FACCHINETTI;in corrispondenza;;del civico n.;65;;Veicolo in marcia contro veicoli in sosta;Rettilineo;Una carreggiata a senso unico di marcia;Asciutto;Asfaltata;Verticale ed orizzontale;Sereno;Normale;Buona;;0;0;0;0;12.548;41.9074;-1;2;Autovettura privata;Sosta;;;;;;;
5522318;5;20/07/2021 19:14:00;Strada Urbana;VIA CIPRIANO FACCHINETTI;in corrispondenza;;del civico n.;65;;Veicolo in marcia contro veicoli in sosta;Rettilineo;Una carreggiata a senso unico di marcia;Asciutto;Asfaltata;Verticale ed orizzontale;Sereno;Normale;Buona;;0;0;0;0;12.548;41.9074;-1;3;Autovettura privata;Sosta;;;;;;;