Protocollo;Gruppo;DataOraIncidente;Localizzazione1;STRADA1;Localizzazione2;STRADA2;Strada02;Chilometrica;DaSpecificare;NaturaIncidente;particolaritastrade;TipoStrada;FondoStradale;Pavimentazione;Segnaletica;CondizioneAtmosferica;Traffico;Visibilita;Illuminazione;NUM_FERITI;NUM_RISERVATA;NUM_MORTI;NUM_ILLESI;Longitudine;Latitudine;Confermato;Progressivo;TipoVeicolo;StatoVeicolo;TipoPersona;Sesso;Tipolesione;Deceduto;DecedutoDopo;CinturaCascoUtilizzato;Airbag;
5527763;18;25/07/2021 11:00:00;Strada Urbana;VIA LEONE XIII;in prossimit�;;del civico n.;468;;Veicolo in marcia contro veicolo fermo;Rettilineo;Pi� di due carreggiate;Asciutto;Asfaltata;Verticale ed orizzontale;Nuvoloso;Normale;Buona;;0;0;0;6;12.4376;41.8937;-1;2;Autovettura privata;In marcia / fermata / arresto;Passeggero;F;Illeso;0;;;
5527777;9;24/07/2021 02:15:00;;VIA CERVETERI;in corrispondenza;;del civico n.;2;;Infortunio per caduta del veicolo;;;;;;;;;;0;0;0;2;12.5131;41.8818;0;1;Motociclo con passeggero;In marcia / fermata / arresto;Conducente;M;Illeso;0;;;
5527777;9;24/07/2021 02:15:00;;VIA CERVETERI;in corrispondenza;;del civico n.;2;;Infortunio per caduta del veicolo;;;;;;;;;;0;0;0;2;12.5131;41.8818;0;1;Motociclo con passeggero;In marcia / fermata / arresto;Passeggero;F;Illeso;0;;;
5527783;9;24/07/2021 09:35:00;Strada Urbana;VIA ACAIA;all'intersezione semaforizzata con;VIA SATRICO;VIA SATRICO;;;Scontro laterale fra veicoli in marcia;Intersezione semaforizzata;Una carreggiata a doppio senso;Asciutto;Asfaltata;Verticale ed orizzontale;Sereno;Normale;Buona;;2;0;0;1;12.5082;41.8767;-1;1;Autovettura di polizia;In marcia / fermata / arresto;Conducente;M;Rimandato;0;NON DECEDUTO;Non accertato;Inesploso
5527783;9;24/07/2021 09:35:00;Strada Urbana;VIA ACAIA;all'intersezione semaforizzata con;VIA SATRICO;VIA SATRICO;;;Scontro laterale fra veicoli in marcia;Intersezione semaforizzata;Una carreggiata a doppio senso;Asciutto;Asfaltata;Verticale ed orizzontale;Sereno;Normale;Buona;;2;0;0;1;12.5082;41.8767;-1;1;Autovettura di polizia;In marcia / fermata / arresto;Passeggero;M;Rimandato;0;NON DECEDUTO;Non accertato;Inesploso
5527783;9;24/07/2021 09:35:00;Strada Urbana;VIA ACAIA;all'intersezione semaforizzata con;VIA SATRICO;VIA SATRICO;;;Scontro laterale fra veicoli in marcia;Intersezione semaforizzata;Una carreggiata a doppio senso;Asciutto;Asfaltata;Verticale ed orizzontale;Sereno;Normale;Buona;;2;0;0;1;12.5082;41.8767;-1;2;Autovettura privata;In marcia / fermata / arresto;Conducente;M;Illeso;0;;Non accertato;Inesploso
5527797;9;24/07/2021 10:40:00;Strada Urbana;VIA TARANTO;all'intersezione semaforizzata con;VIA POZZUOLI;VIA POZZUOLI;;;Scontro laterale fra veicoli in marcia;Intersezione semaforizzata;Una carreggiata a senso unico di marcia;Asciutto;Asfaltata;Verticale ed orizzontale;Sereno;Normale;Buona;;0;0;0;5;12.5129;41.885;-1;1;Autovettura privata;In marcia / fermata / arresto;Conducente;F;Illeso;0;;Non accertato;Inesploso
5527797;9;24/07/2021 10:40:00;Strada Urbana;VIA TARANTO;all'intersezione semaforizzata con;VIA POZZUOLI;VIA POZZUOLI;;;Scontro laterale fra veicoli in marcia;Intersezione semaforizzata;Una carreggiata a senso unico di marcia;Asciutto;Asfaltata;Verticale ed orizzontale;Sereno;Normale;Buona;;0;0;0;5;12.5129;41.885;-1;1;Autovettura privata;In marcia / fermata / arresto;Passeggero;M;Illeso;0;;Non accertato;Inesploso
5527797;9;24/07/2021 10:40:00;Strada Urbana;VIA TARANTO;all'intersezione semaforizzata con;VIA POZZUOLI;VIA POZZUOLI;;;Scontro laterale fra veicoli in marcia;Intersezione semaforizzata;Una carreggiata a senso unico di marcia;Asciutto;Asfaltata;Verticale ed orizzontale;Sereno;Normale;Buona;;0;0;0;5;12.5129;41.885;-1;1;Autovettura privata;In marcia / fermata / arresto;Passeggero;M;Illeso;0;;Non accertato;Inesploso
5527797;9;24/07/2021 10:40:00;Strada Urbana;VIA TARANTO;all'intersezione semaforizzata con;VIA POZZUOLI;VIA POZZUOLI;;;Scontro laterale fra veicoli in marcia;Intersezione semaforizzata;Una carreggiata a senso unico di marcia;Asciutto;Asfaltata;Verticale ed orizzontale;Sereno;Normale;Buona;;0;0;0;5;12.5129;41.885;-1;2;Autovettura privata;In marcia / fermata / arresto;Conducente;M;Illeso;0;;Non accertato;Inesploso
5527797;9;24/07/2021 10:40:00;Strada Urbana;VIA TARANTO;all'intersezione semaforizzata con;VIA POZZUOLI;VIA POZZUOLI;;;Scontro laterale fra veicoli in marcia;Intersezione semaforizzata;Una carreggiata a senso unico di marcia;Asciutto;Asfaltata;Verticale ed orizzontale;Sereno;Normale;Buona;;0;0;0;5;12.5129;41.885;-1;2;Autovettura privata;In marcia / fermata / arresto;Passeggero;F;Illeso;0;;Non accertato;Inesploso
5527798;18;24/07/2021 12:40:00;Strada Urbana;VIA DI TORREVECCHIA;all'intersezione con;VIA GIROLAMO GHINUCCI;VIA GIROLAMO GHINUCCI;;;Scontro frontale/laterale DX fra veicoli in marcia;Intersezione stradale segnalata;Una carreggiata a doppio senso;Asciutto;Asfaltata;Verticale ed orizzontale;Sereno;Normale;Buona;;2;0;0;1;12.4123;41.9234;-1;1;Autovettura privata;In marcia / fermata / arresto;Conducente;M;Illeso;0;;Non accertato;Inesploso
5527798;18;24/07/2021 12:40:00;Strada Urbana;VIA DI TORREVECCHIA;all'intersezione con;VIA GIROLAMO GHINUCCI;VIA GIROLAMO GHINUCCI;;;Scontro frontale/laterale DX fra veicoli in marcia;Intersezione stradale segnalata;Una carreggiata a doppio senso;Asciutto;Asfaltata;Verticale ed orizzontale;Sereno;Normale;Buona;;2;0;0;1;12.4123;41.9234;-1;2;Motociclo con passeggero;In marcia / fermata / arresto;Conducente;M;Rimandato;0;NON DECEDUTO;Non accertato;
5527798;18;24/07/2021 12:40:00;Strada Urbana;VIA DI TORREVECCHIA;all'intersezione con;VIA GIROLAMO GHINUCCI;VIA GIROLAMO GHINUCCI;;;Scontro frontale/laterale DX fra veicoli in marcia;Intersezione stradale segnalata;Una carreggiata a doppio senso;Asciutto;Asfaltata;Verticale ed orizzontale;Sereno;Normale;Buona;;2;0;0;1;12.4123;41.9234;-1;2;Motociclo con passeggero;In marcia / fermata / arresto;Passeggero;M;Rifiuta cure immediate;0;NON DECEDUTO;Non accertato;
5527804;9;24/07/2021 12:00:00;Strada Urbana;VIA SEGESTA;in prossimit�;;del civico n.;7;;Veicolo in marcia contro veicolo in sosta;Rettilineo;Una carreggiata a doppio senso;Asciutto;Asfaltata;Verticale ed orizzontale;Sereno;Normale;Buona;;0;0;0;0;12.5098;41.8732;-1;1;Autovettura privata;Sosta;;;;;;;
5527804;9;24/07/2021 12:00:00;Strada Urbana;VIA SEGESTA;in prossimit�;;del civico n.;7;;Veicolo in marcia contro veicolo in sosta;Rettilineo;Una carreggiata a doppio senso;Asciutto;Asfaltata;Verticale ed orizzontale;Sereno;Normale;Buona;;0;0;0;0;12.5098;41.8732;-1;2;Motociclo a solo;Sosta;;;;;;;
5527804;9;24/07/2021 12:00:00;Strada Urbana;VIA SEGESTA;in prossimit�;;del civico n.;7;;Veicolo in marcia contro veicolo in sosta;Rettilineo;Una carreggiata a doppio senso;Asciutto;Asfaltata;Verticale ed orizzontale;Sereno;Normale;Buona;;0;0;0;0;12.5098;41.8732;-1;3;Autovettura privata;Sosta;;;;;;;
5527804;9;24/07/2021 12:00:00;Strada Urbana;VIA SEGESTA;in prossimit�;;del civico n.;7;;Veicolo in marcia contro veicolo in sosta;Rettilineo;Una carreggiata a doppio senso;Asciutto;Asfaltata;Verticale ed orizzontale;Sereno;Normale;Buona;;0;0;0;0;12.5098;41.8732;-1;4;Autovettura privata;Allontanatosi;;;;;;;
5527808;18;24/07/2021 20:30:00;Strada Urbana;VIA AURELIA;all'intersezione con;VIA NICOLA LOMBARDI;VIA NICOLA LOMBARDI;;;Tamponamento;Intersezione semaforizzata;Una carreggiata a doppio senso;Asciutto;Asfaltata;Verticale ed orizzontale;Sereno;Normale;Buona;;1;0;0;1;12.4174;41.8951;-1;1;Autovettura privata;In marcia / fermata / arresto;Conducente;M;Illeso;0;;Non accertato;Inesploso
5527808;18;24/07/2021 20:30:00;Strada Urbana;VIA AURELIA;all'intersezione con;VIA NICOLA LOMBARDI;VIA NICOLA LOMBARDI;;;Tamponamento;Intersezione semaforizzata;Una carreggiata a doppio senso;Asciutto;Asfaltata;Verticale ed orizzontale;Sereno;Normale;Buona;;1;0;0;1;12.4174;41.8951;-1;2;Motociclo a solo;In marcia / fermata / arresto;Conducente;M;Rimandato;0;NON DECEDUTO;;
5527817;18;25/07/2021 02:00:00;Strada Urbana;VIA DI CASTEL DI GUIDO;da specificare;;;;in prossimit� VIA A. NEVIANI;Ribaltamento senza urto contro ostacolo fisso;Rettilineo;Una carreggiata a doppio senso;Asciutto;Asfaltata;Verticale ed orizzontale;Sereno;Scarso;Sufficiente;;2;0;0;1;12.3047;41.9019;0;1;Autovettura privata;In marcia / fermata / arresto;Conducente;M;Rimandato;0;NON DECEDUTO;;
5527817;18;25/07/2021 02:00:00;Strada Urbana;VIA DI CASTEL DI GUIDO;da specificare;;;;in prossimit� VIA A. NEVIANI;Ribaltamento senza urto contro ostacolo fisso;Rettilineo;Una carreggiata a doppio senso;Asciutto;Asfaltata;Verticale ed orizzontale;Sereno;Scarso;Sufficiente;;2;0;0;1;12.3047;41.9019;0;1;Autovettura privata;In marcia / fermata / arresto;Passeggero;M;Illeso;0;;;
5527817;18;25/07/2021 02:00:00;Strada Urbana;VIA DI CASTEL DI GUIDO;da specificare;;;;in prossimit� VIA A. NEVIANI;Ribaltamento senza urto contro ostacolo fisso;Rettilineo;Una carreggiata a doppio senso;Asciutto;Asfaltata;Verticale ed orizzontale;Sereno;Scarso;Sufficiente;;2;0;0;1;12.3047;41.9019;0;1;Autovettura privata;In marcia / fermata / arresto;Passeggero;F;Rimandato;0;NON DECEDUTO;;
5527820;12;25/07/2021 12:30:00;Strada Urbana;VIA DEL PONTE DI PISCINA CUPA;in prossimit�;;del civico n.;116;;Scontro laterale fra veicoli in marcia;Rettilineo;Una carreggiata a doppio senso;Asciutto;Asfaltata;Verticale ed orizzontale;Nuvoloso;Normale;Buona;;0;0;0;6;12.4473;41.7179;-1;1;Autovettura privata;In marcia / fermata / arresto;Conducente;M;Illeso;0;;Utilizzato;Inesploso
5527820;12;25/07/2021 12:30:00;Strada Urbana;VIA DEL PONTE DI PISCINA CUPA;in prossimit�;;del civico n.;116;;Scontro laterale fra veicoli in marcia;Rettilineo;Una carreggiata a doppio senso;Asciutto;Asfaltata;Verticale ed orizzontale;Nuvoloso;Normale;Buona;;0;0;0;6;12.4473;41.7179;-1;1;Autovettura privata;In marcia / fermata / arresto;Passeggero;F;Illeso;0;;Utilizzato;Inesploso
5527820;12;25/07/2021 12:30:00;Strada Urbana;VIA DEL PONTE DI PISCINA CUPA;in prossimit�;;del civico n.;116;;Scontro laterale fra veicoli in marcia;Rettilineo;Una carreggiata a doppio senso;Asciutto;Asfaltata;Verticale ed orizzontale;Nuvoloso;Normale;Buona;;0;0;0;6;12.4473;41.7179;-1;1;Autovettura privata;In marcia / fermata / arresto;Passeggero;M;Illeso;0;;Utilizzato;Inesploso
5527820;12;25/07/2021 12:30:00;Strada Urbana;VIA DEL PONTE DI PISCINA CUPA;in prossimit�;;del civico n.;116;;Scontro laterale fra veicoli in marcia;Rettilineo;Una carreggiata a doppio senso;Asciutto;Asfaltata;Verticale ed orizzontale;Nuvoloso;Normale;Buona;;0;0;0;6;12.4473;41.7179;-1;1;Autovettura privata;In marcia / fermata / arresto;Passeggero;F;Illeso;0;;Utilizzato;Inesploso
5527820;12;25/07/2021 12:30:00;Strada Urbana;VIA DEL PONTE DI PISCINA CUPA;in prossimit�;;del civico n.;116;;Scontro laterale fra veicoli in marcia;Rettilineo;Una carreggiata a doppio senso;Asciutto;Asfaltata;Verticale ed orizzontale;Nuvoloso;Normale;Buona;;0;0;0;6;12.4473;41.7179;-1;2;Motociclo con passeggero;In marcia / fermata / arresto;Conducente;M;Illeso;0;;Utilizzato;
5527820;12;25/07/2021 12:30:00;Strada Urbana;VIA DEL PONTE DI PISCINA CUPA;in prossimit�;;del civico n.;116;;Scontro laterale fra veicoli in marcia;Rettilineo;Una carreggiata a doppio senso;Asciutto;Asfaltata;Verticale ed orizzontale;Nuvoloso;Normale;Buona;;0;0;0;6;12.4473;41.7179;-1;2;Motociclo con passeggero;In marcia / fermata / arresto;Passeggero;M;Illeso;0;;Utilizzato;
5527825;18;24/07/2021 23:10:00;Strada Urbana;CIRCONVALLAZIONE CORNELIA;all'intersezione semaforizzata con;PIAZZA DEI GIURECONSULTI;PIAZZA DEI GIURECONSULTI;;;Veicolo in marcia contro veicoli in arresto;Intersezione semaforizzata;Due carreggiate;Asciutto;Asfaltata;Verticale ed orizzontale;Sereno;Normale;Buona;;0;0;0;4;12.4259;41.902;-1;1;Autovettura privata;In marcia / fermata / arresto;Conducente;M;Illeso;0;;;
5527825;18;24/07/2021 23:10:00;Strada Urbana;CIRCONVALLAZIONE CORNELIA;all'intersezione semaforizzata con;PIAZZA DEI GIURECONSULTI;PIAZZA DEI GIURECONSULTI;;;Veicolo in marcia contro veicoli in arresto;Intersezione semaforizzata;Due carreggiate;Asciutto;Asfaltata;Verticale ed orizzontale;Sereno;Normale;Buona;;0;0;0;4;12.4259;41.902;-1;2;Autovettura privata;In marcia / fermata / arresto;Conducente;M;Illeso;0;;;
5527825;18;24/07/2021 23:10:00;Strada Urbana;CIRCONVALLAZIONE CORNELIA;all'intersezione semaforizzata con;PIAZZA DEI GIURECONSULTI;PIAZZA DEI GIURECONSULTI;;;Veicolo in marcia contro veicoli in arresto;Intersezione semaforizzata;Due carreggiate;Asciutto;Asfaltata;Verticale ed orizzontale;Sereno;Normale;Buona;;0;0;0;4;12.4259;41.902;-1;2;Autovettura privata;In marcia / fermata / arresto;Passeggero;F;Illeso;0;;;
5527825;18;24/07/2021 23:10:00;Strada Urbana;CIRCONVALLAZIONE CORNELIA;all'intersezione semaforizzata con;PIAZZA DEI GIURECONSULTI;PIAZZA DEI GIURECONSULTI;;;Veicolo in marcia contro veicoli in arresto;Intersezione semaforizzata;Due carreggiate;Asciutto;Asfaltata;Verticale ed orizzontale;Sereno;Normale;Buona;;0;0;0;4;12.4259;41.902;-1;3;Velocipede;In marcia / fermata / arresto;Conducente;M;Illeso;0;;Esente;
5527865;7;25/07/2021 18:10:00;Strada Urbana;VIALE PALMIRO TOGLIATTI;da specificare;;;;alt. Via dei Platani;Tamponamento;Rettilineo;Due carreggiate;Asciutto;Asfaltata;Verticale ed orizzontale;Sereno;Normale;Buona;;0;0;0;3;12.5729;41.8809;-1;1;Autovettura privata;In marcia / fermata / arresto;Conducente;M;Illeso;0;;Non accertato;Inesploso
5527865;7;25/07/2021 18:10:00;Strada Urbana;VIALE PALMIRO TOGLIATTI;da specificare;;;;alt. Via dei Platani;Tamponamento;Rettilineo;Due carreggiate;Asciutto;Asfaltata;Verticale ed orizzontale;Sereno;Normale;Buona;;0;0;0;3;12.5729;41.8809;-1;1;Autovettura privata;In marcia / fermata / arresto;Passeggero;M;Illeso;0;;Non accertato;Inesploso
5527865;7;25/07/2021 18:10:00;Strada Urbana;VIALE PALMIRO TOGLIATTI;da specificare;;;;alt. Via dei Platani;Tamponamento;Rettilineo;Due carreggiate;Asciutto;Asfaltata;Verticale ed orizzontale;Sereno;Normale;Buona;;0;0;0;3;12.5729;41.8809;-1;2;Autovettura privata;In marcia / fermata / arresto;Conducente;M;Illeso;0;;Non accertato;Inesploso
5527886;18;25/07/2021 16:10:00;Strada Urbana;VIA MATTIA BATTISTINI;in prossimit�;;del civico n.;11;;Veicolo in marcia contro veicolo fermo;Rettilineo;Una carreggiata a doppio senso;Asciutto;Asfaltata;Verticale ed orizzontale;Nuvoloso;Normale;Buona;;0;0;0;1;12.4106;41.9055;-1;1;Autovettura privata;In marcia / fermata / arresto;Conducente;M;Illeso;0;;;
5527886;18;25/07/2021 16:10:00;Strada Urbana;VIA MATTIA BATTISTINI;in prossimit�;;del civico n.;11;;Veicolo in marcia contro veicolo fermo;Rettilineo;Una carreggiata a doppio senso;Asciutto;Asfaltata;Verticale ed orizzontale;Nuvoloso;Normale;Buona;;0;0;0;1;12.4106;41.9055;-1;2;Autovettura privata;Allontanatosi;;;;;;;
5527887;12;25/07/2021 16:20:00;Provinciale;VIA OSTIENSE;in prossimit�;;della chilometrica;13.1;;Veicolo in marcia contro ostacolo accidentale;Rettilineo;Una carreggiata a doppio senso;Asciutto;Asfaltata;Verticale ed orizzontale;Nuvoloso;Normale;Buona;;0;0;0;2;12.4229;41.8109;-1;1;Autovettura privata;In marcia / fermata / arresto;Conducente;M;Illeso;0;;Utilizzato;Inesploso
5527887;12;25/07/2021 16:20:00;Provinciale;VIA OSTIENSE;in prossimit�;;della chilometrica;13.1;;Veicolo in marcia contro ostacolo accidentale;Rettilineo;Una carreggiata a doppio senso;Asciutto;Asfaltata;Verticale ed orizzontale;Nuvoloso;Normale;Buona;;0;0;0;2;12.4229;41.8109;-1;1;Autovettura privata;In marcia / fermata / arresto;Passeggero;M;Illeso;0;;Utilizzato;Inesploso
5527943;6;24/07/2021 19:30:00;Strada Urbana;VIA ANTON LUDOVICO ANTINORI;in prossimit�;;del civico n.;10;;Veicolo in marcia contro ostacolo fisso;Rettilineo;Una carreggiata a senso unico di marcia;Asciutto;Asfaltata;Verticale ed orizzontale;Sereno;Scarso;Buona;;0;0;0;0;12.5447;41.8741;-1;1;Autovettura privata;In marcia / fermata / arresto;;;;;;;
5527944;6;25/07/2021 14:10:00;Strada Urbana;VIA DI ACQUA BULLICANTE;all'intersezione semaforizzata con;VIA LUCHINO DAL VERME;VIA LUCHINO DAL VERME;;;Scontro laterale fra veicoli in marcia;Intersezione semaforizzata;Una carreggiata a doppio senso;Asciutto;Asfaltata;Verticale ed orizzontale;Sereno;Scarso;Buona;;1;0;0;1;12.5425;41.8888;-1;1;Autovettura privata;In marcia / fermata / arresto;Conducente;M;Illeso;0;;Non accertato;Inesploso
5527944;6;25/07/2021 14:10:00;Strada Urbana;VIA DI ACQUA BULLICANTE;all'intersezione semaforizzata con;VIA LUCHINO DAL VERME;VIA LUCHINO DAL VERME;;;Scontro laterale fra veicoli in marcia;Intersezione semaforizzata;Una carreggiata a doppio senso;Asciutto;Asfaltata;Verticale ed orizzontale;Sereno;Scarso;Buona;;1;0;0;1;12.5425;41.8888;-1;2;Velocipede;In marcia / fermata / arresto;Conducente;M;Rifiuta cure immediate;0;NON DECEDUTO;Esente;
5528091;12;25/07/2021 20:00:00;Provinciale;VIA DELLA PETRONELLA;da specificare;;;;prossimit� Via Castelli Romani;Tamponamento;Rettilineo;Una carreggiata a doppio senso;Asciutto;Asfaltata;Verticale ed orizzontale;Nuvoloso;Scarso;Insufficiente;;3;0;0;2;12.5224;41.6944;-1;1;Autovettura privata;In marcia / fermata / arresto;Conducente;M;Rifiuta cure immediate;0;NON DECEDUTO;Non accertato;Inesploso
5528091;12;25/07/2021 20:00:00;Provinciale;VIA DELLA PETRONELLA;da specificare;;;;prossimit� Via Castelli Romani;Tamponamento;Rettilineo;Una carreggiata a doppio senso;Asciutto;Asfaltata;Verticale ed orizzontale;Nuvoloso;Scarso;Insufficiente;;3;0;0;2;12.5224;41.6944;-1;1;Autovettura privata;In marcia / fermata / arresto;Passeggero;M;Rimandato;0;NON DECEDUTO;Non accertato;Inesploso
5528091;12;25/07/2021 20:00:00;Provinciale;VIA DELLA PETRONELLA;da specificare;;;;prossimit� Via Castelli Romani;Tamponamento;Rettilineo;Una carreggiata a doppio senso;Asciutto;Asfaltata;Verticale ed orizzontale;Nuvoloso;Scarso;Insufficiente;;3;0;0;2;12.5224;41.6944;-1;1;Autovettura privata;In marcia / fermata / arresto;Passeggero;F;Rimandato;0;NON DECEDUTO;Non accertato;Inesploso
5528091;12;25/07/2021 20:00:00;Provinciale;VIA DELLA PETRONELLA;da specificare;;;;prossimit� Via Castelli Romani;Tamponamento;Rettilineo;Una carreggiata a doppio senso;Asciutto;Asfaltata;Verticale ed orizzontale;Nuvoloso;Scarso;Insufficiente;;3;0;0;2;12.5224;41.6944;-1;2;Autovettura privata;In marcia / fermata / arresto;Conducente;M;Illeso;0;;Non accertato;Inesploso
5528091;12;25/07/2021 20:00:00;Provinciale;VIA DELLA PETRONELLA;da specificare;;;;prossimit� Via Castelli Romani;Tamponamento;Rettilineo;Una carreggiata a doppio senso;Asciutto;Asfaltata;Verticale ed orizzontale;Nuvoloso;Scarso;Insufficiente;;3;0;0;2;12.5224;41.6944;-1;2;Autovettura privata;In marcia / fermata / arresto;Passeggero;M;Illeso;0;;Non accertato;Inesploso
5528138;8;25/07/2021 06:10:00;Strada Urbana;VIA SANT'ELPIDIO A MARE;all'intersezione con;VIA FOLIGNANO;VIA FOLIGNANO;;;Investimento di pedone;Incrocio;Una carreggiata a doppio senso;Asciutto;Asfaltata;Verticale ed orizzontale;Sereno;Scarso;Buona;;1;0;0;1;12.7277;41.9166;-1;;;;Pedone;M;Rimandato;0;NON DECEDUTO;;
5528138;8;25/07/2021 06:10:00;Strada Urbana;VIA SANT'ELPIDIO A MARE;all'intersezione con;VIA FOLIGNANO;VIA FOLIGNANO;;;Investimento di pedone;Incrocio;Una carreggiata a doppio senso;Asciutto;Asfaltata;Verticale ed orizzontale;Sereno;Scarso;Buona;;1;0;0;1;12.7277;41.9166;-1;1;Autovettura privata;In marcia / fermata / arresto;Conducente;M;Illeso;0;;Non accertato;Inesploso
5528138;8;25/07/2021 06:10:00;Strada Urbana;VIA SANT'ELPIDIO A MARE;all'intersezione con;VIA FOLIGNANO;VIA FOLIGNANO;;;Investimento di pedone;Incrocio;Una carreggiata a doppio senso;Asciutto;Asfaltata;Verticale ed orizzontale;Sereno;Scarso;Buona;;1;0;0;1;12.7277;41.9166;-1;2;Autocarro inferiore 35 q.;Sosta;;;;;;;
5528139;8;25/07/2021 09:20:00;Strada Urbana;VIA CASILINA;da specificare;;;;altezza palo Acea 620;Scontro frontale fra veicoli in marcia;Rettilineo;Una carreggiata a doppio senso;Asciutto;Asfaltata;Verticale ed orizzontale;Nuvoloso;Normale;Buona;;3;0;0;2;12.6212;41.8626;-1;1;Autovettura privata;In marcia / fermata / arresto;Conducente;F;Ricoverato;0;NON DECEDUTO;;
5528139;8;25/07/2021 09:20:00;Strada Urbana;VIA CASILINA;da specificare;;;;altezza palo Acea 620;Scontro frontale fra veicoli in marcia;Rettilineo;Una carreggiata a doppio senso;Asciutto;Asfaltata;Verticale ed orizzontale;Nuvoloso;Normale;Buona;;3;0;0;2;12.6212;41.8626;-1;1;Autovettura privata;In marcia / fermata / arresto;Passeggero;F;Rimandato;0;NON DECEDUTO;;
5528139;8;25/07/2021 09:20:00;Strada Urbana;VIA CASILINA;da specificare;;;;altezza palo Acea 620;Scontro frontale fra veicoli in marcia;Rettilineo;Una carreggiata a doppio senso;Asciutto;Asfaltata;Verticale ed orizzontale;Nuvoloso;Normale;Buona;;3;0;0;2;12.6212;41.8626;-1;2;Autovettura privata;In marcia / fermata / arresto;Conducente;M;Illeso;0;;;
5528139;8;25/07/2021 09:20:00;Strada Urbana;VIA CASILINA;da specificare;;;;altezza palo Acea 620;Scontro frontale fra veicoli in marcia;Rettilineo;Una carreggiata a doppio senso;Asciutto;Asfaltata;Verticale ed orizzontale;Nuvoloso;Normale;Buona;;3;0;0;2;12.6212;41.8626;-1;2;Autovettura privata;In marcia / fermata / arresto;Passeggero;F;Ricoverato;0;NON DECEDUTO;;
5528139;8;25/07/2021 09:20:00;Strada Urbana;VIA CASILINA;da specificare;;;;altezza palo Acea 620;Scontro frontale fra veicoli in marcia;Rettilineo;Una carreggiata a doppio senso;Asciutto;Asfaltata;Verticale ed orizzontale;Nuvoloso;Normale;Buona;;3;0;0;2;12.6212;41.8626;-1;2;Autovettura privata;In marcia / fermata / arresto;Passeggero;F;Illeso;0;;;
5528140;8;25/07/2021 17:35:00;Strada Urbana;VIA SAN FILI;da specificare;;;;fronte civ. 75;Veicolo in marcia contro veicoli in sosta;Rettilineo;Una carreggiata a senso unico di marcia;Asciutto;Asfaltata;Assente;Sereno;Scarso;Buona;;0;0;0;0;12.6839;41.8704;-1;1;Autovettura privata;Sosta;;;;;;;
5528140;8;25/07/2021 17:35:00;Strada Urbana;VIA SAN FILI;da specificare;;;;fronte civ. 75;Veicolo in marcia contro veicoli in sosta;Rettilineo;Una carreggiata a senso unico di marcia;Asciutto;Asfaltata;Assente;Sereno;Scarso;Buona;;0;0;0;0;12.6839;41.8704;-1;2;Autovettura privata;Sosta;;;;;;;
5528140;8;25/07/2021 17:35:00;Strada Urbana;VIA SAN FILI;da specificare;;;;fronte civ. 75;Veicolo in marcia contro veicoli in sosta;Rettilineo;Una carreggiata a senso unico di marcia;Asciutto;Asfaltata;Assente;Sereno;Scarso;Buona;;0;0;0;0;12.6839;41.8704;-1;3;Autovettura privata;Sosta;;;;;;;
5528142;8;25/07/2021 17:50:00;Strada Urbana;VIA DI ROCCA CENCIA;da specificare;;;;100m prima distrib. FUEL DISCOUNT dir. Casilina;Scontro laterale fra veicoli in marcia;Rettilineo;Una carreggiata a doppio senso;Asciutto;Asfaltata;Orizzontale;Nuvoloso;Normale;Buona;;0;0;0;2;12.6919;41.8758;-1;1;Autovettura privata;In marcia / fermata / arresto;Conducente;F;Illeso;0;;Non accertato;Inesploso
5528142;8;25/07/2021 17:50:00;Strada Urbana;VIA DI ROCCA CENCIA;da specificare;;;;100m prima distrib. FUEL DISCOUNT dir. Casilina;Scontro laterale fra veicoli in marcia;Rettilineo;Una carreggiata a doppio senso;Asciutto;Asfaltata;Orizzontale;Nuvoloso;Normale;Buona;;0;0;0;2;12.6919;41.8758;-1;1;Autovettura privata;In marcia / fermata / arresto;Passeggero;M;Illeso;0;;Non accertato;Inesploso
5528142;8;25/07/2021 17:50:00;Strada Urbana;VIA DI ROCCA CENCIA;da specificare;;;;100m prima distrib. FUEL DISCOUNT dir. Casilina;Scontro laterale fra veicoli in marcia;Rettilineo;Una carreggiata a doppio senso;Asciutto;Asfaltata;Orizzontale;Nuvoloso;Normale;Buona;;0;0;0;2;12.6919;41.8758;-1;2;Autovettura privata;Allontanatosi;;;;;;;
5528268;8;24/07/2021 19:00:00;Strada Urbana;VIA DI TORRENOVA;in prossimit�;;del civico n.;166;;Veicolo in marcia contro veicolo in sosta;Rettilineo;Una carreggiata a doppio senso;Asciutto;Asfaltata;Verticale ed orizzontale;Sereno;Scarso;Buona;;0;0;0;1;12.6196;41.875;-1;1;Autovettura privata;In marcia / fermata / arresto;Conducente;M;Illeso;0;;Non accertato;
5528268;8;24/07/2021 19:00:00;Strada Urbana;VIA DI TORRENOVA;in prossimit�;;del civico n.;166;;Veicolo in marcia contro veicolo in sosta;Rettilineo;Una carreggiata a doppio senso;Asciutto;Asfaltata;Verticale ed orizzontale;Sereno;Scarso;Buona;;0;0;0;1;12.6196;41.875;-1;2;Autovettura privata;Sosta;;;;;;;
5528286;9;25/07/2021 16:00:00;Strada Urbana;VIA SATRICO;da specificare;;;;fronte civico 7A;Veicolo in marcia contro ostacolo accidentale;Rettilineo;Una carreggiata a doppio senso;Asciutto;Asfaltata;Verticale ed orizzontale;Nuvoloso;Scarso;Buona;;0;0;0;2;12.5075;41.8771;-1;1;Autovettura privata;In marcia / fermata / arresto;Conducente;F;Illeso;0;;Non accertato;Inesploso