Protocollo;Gruppo;DataOraIncidente;Localizzazione1;STRADA1;Localizzazione2;STRADA2;Strada02;Chilometrica;DaSpecificare;NaturaIncidente;particolaritastrade;TipoStrada;FondoStradale;Pavimentazione;Segnaletica;CondizioneAtmosferica;Traffico;Visibilita;Illuminazione;NUM_FERITI;NUM_RISERVATA;NUM_MORTI;NUM_ILLESI;Longitudine;Latitudine;Confermato;Progressivo;TipoVeicolo;StatoVeicolo;TipoPersona;Sesso;Tipolesione;Deceduto;DecedutoDopo;CinturaCascoUtilizzato;Airbag;
5531873;18;28/07/2021 01:05:00;;VIA AURELIA ANTICA;all'intersezione con;VIA DI TORRE ROSSA;VIA DI TORRE ROSSA;;;Tamponamento;;;;;;;;;;1;0;0;1;12.435;41.8902;0;1;Motociclo a solo;In marcia / fermata / arresto;Conducente;M;Rimandato;0;NON DECEDUTO;;
5531873;18;28/07/2021 01:05:00;;VIA AURELIA ANTICA;all'intersezione con;VIA DI TORRE ROSSA;VIA DI TORRE ROSSA;;;Tamponamento;;;;;;;;;;1;0;0;1;12.435;41.8902;0;2;Motociclo a solo;In marcia / fermata / arresto;Conducente;;Illeso;0;;;
5531892;17;27/07/2021 18:30:00;Strada Urbana;VIA GERMANICO;all'intersezione con;VIA FABIO MASSIMO;VIA FABIO MASSIMO;;;Scontro frontale/laterale DX fra veicoli in marcia;Intersezione stradale segnalata;Una carreggiata a senso unico di marcia;Asciutto;Asfaltata;Verticale ed orizzontale;Sereno;Normale;Sufficiente;;0;0;0;3;12.4622;41.9088;-1;1;Autovettura privata;In marcia / fermata / arresto;Conducente;M;Illeso;0;;;
5531892;17;27/07/2021 18:30:00;Strada Urbana;VIA GERMANICO;all'intersezione con;VIA FABIO MASSIMO;VIA FABIO MASSIMO;;;Scontro frontale/laterale DX fra veicoli in marcia;Intersezione stradale segnalata;Una carreggiata a senso unico di marcia;Asciutto;Asfaltata;Verticale ed orizzontale;Sereno;Normale;Sufficiente;;0;0;0;3;12.4622;41.9088;-1;1;Autovettura privata;In marcia / fermata / arresto;Passeggero;F;Illeso;0;;;
5531892;17;27/07/2021 18:30:00;Strada Urbana;VIA GERMANICO;all'intersezione con;VIA FABIO MASSIMO;VIA FABIO MASSIMO;;;Scontro frontale/laterale DX fra veicoli in marcia;Intersezione stradale segnalata;Una carreggiata a senso unico di marcia;Asciutto;Asfaltata;Verticale ed orizzontale;Sereno;Normale;Sufficiente;;0;0;0;3;12.4622;41.9088;-1;2;Motociclo a solo;In marcia / fermata / arresto;Conducente;M;Illeso;0;;;
5531902;17;27/07/2021 20:20:00;Strada Urbana;VIA SABOTINO;all'intersezione con;VIA MONTE SANTO;VIA MONTE SANTO;;;Scontro frontale/laterale DX fra veicoli in marcia;Incrocio;Due carreggiate;Asciutto;Asfaltata;Verticale ed orizzontale;Sereno;Normale;Sufficiente;;0;0;0;2;12.4601;41.9169;-1;1;Autovettura privata;In marcia / fermata / arresto;Conducente;M;Illeso;0;;;
5531902;17;27/07/2021 20:20:00;Strada Urbana;VIA SABOTINO;all'intersezione con;VIA MONTE SANTO;VIA MONTE SANTO;;;Scontro frontale/laterale DX fra veicoli in marcia;Incrocio;Due carreggiate;Asciutto;Asfaltata;Verticale ed orizzontale;Sereno;Normale;Sufficiente;;0;0;0;2;12.4601;41.9169;-1;2;Autovettura privata;In marcia / fermata / arresto;Conducente;F;Illeso;0;;;
5531902;17;27/07/2021 20:20:00;Strada Urbana;VIA SABOTINO;all'intersezione con;VIA MONTE SANTO;VIA MONTE SANTO;;;Scontro frontale/laterale DX fra veicoli in marcia;Incrocio;Due carreggiate;Asciutto;Asfaltata;Verticale ed orizzontale;Sereno;Normale;Sufficiente;;0;0;0;2;12.4601;41.9169;-1;3;Autovettura privata;Sosta;;;;;;;
5531917;17;28/07/2021 08:55:00;Strada Urbana;VIA MARCANTONIO COLONNA;in corrispondenza;;del civico n.;3;;Infortunio per sola frenata improvvisa;Rettilineo;Una carreggiata a doppio senso;Viscido da liquidi oleosi;Asfaltata;Verticale ed orizzontale;Sereno;Normale;Buona;;0;0;0;1;12.4681;41.9088;-1;1;Motociclo a solo;In marcia / fermata / arresto;Conducente;M;Illeso;0;;;
5531995;12;27/07/2021 17:30:00;Strada Urbana;VIA DEL MARE;da specificare;;;;alt. KM 13,650 circa dir. Ostia;Veicolo in marcia che urta buche nella carreggiata;Rettilineo;Una carreggiata a doppio senso;Asciutto;Asfaltata;Verticale ed orizzontale;Sereno;Normale;Buona;;0;0;0;1;12.488;41.6629;-1;1;Autovettura privata;In marcia / fermata / arresto;Conducente;M;Illeso;0;;Utilizzato;Inesploso
5532086;17;28/07/2021 07:50:00;Strada Urbana;VIALE GIUSEPPE MAZZINI;all'intersezione con;VIA ANDREA BAFILE;VIA ANDREA BAFILE;;;Investimento di pedone;Incrocio;Due carreggiate;Asciutto;Asfaltata;Verticale ed orizzontale;Sereno;Normale;Buona;;1;0;0;2;12.4565;41.9159;-1;;;;Pedone;M;Illeso;0;;;
5532086;17;28/07/2021 07:50:00;Strada Urbana;VIALE GIUSEPPE MAZZINI;all'intersezione con;VIA ANDREA BAFILE;VIA ANDREA BAFILE;;;Investimento di pedone;Incrocio;Due carreggiate;Asciutto;Asfaltata;Verticale ed orizzontale;Sereno;Normale;Buona;;1;0;0;2;12.4565;41.9159;-1;1;Motociclo a solo;In marcia / fermata / arresto;Conducente;F;Rifiuta cure immediate;0;NON DECEDUTO;;
5532086;17;28/07/2021 07:50:00;Strada Urbana;VIALE GIUSEPPE MAZZINI;all'intersezione con;VIA ANDREA BAFILE;VIA ANDREA BAFILE;;;Investimento di pedone;Incrocio;Due carreggiate;Asciutto;Asfaltata;Verticale ed orizzontale;Sereno;Normale;Buona;;1;0;0;2;12.4565;41.9159;-1;2;Autovettura privata;In marcia / fermata / arresto;Conducente;M;Illeso;0;;;
5532114;10;28/07/2021 14:15:00;Strada Urbana;VIA PONZIO COMINIO;in corrispondenza;;del civico n.;7;;Scontro laterale fra veicoli in marcia;Rettilineo;Una carreggiata a senso unico di marcia;Asciutto;Asfaltata;Verticale ed orizzontale;Sereno;Normale;Buona;;0;0;0;2;12.5573;41.8601;-1;1;Autovettura privata;In marcia / fermata / arresto;Conducente;F;Illeso;0;;Non accertato;Inesploso
5532114;10;28/07/2021 14:15:00;Strada Urbana;VIA PONZIO COMINIO;in corrispondenza;;del civico n.;7;;Scontro laterale fra veicoli in marcia;Rettilineo;Una carreggiata a senso unico di marcia;Asciutto;Asfaltata;Verticale ed orizzontale;Sereno;Normale;Buona;;0;0;0;2;12.5573;41.8601;-1;2;Autovettura privata;In marcia / fermata / arresto;Conducente;M;Illeso;0;;Non accertato;Inesploso
5532170;1;28/07/2021 09:00:00;Strada Urbana;PIAZZA ALBANIA;in prossimit�;;del civico n.;14;;Infortunio per sola frenata improvvisa;Curva a visuale libera;Una carreggiata a senso unico di marcia;Asciutto;In cubetti di porfido;Verticale ed orizzontale;Sereno;Scarso;Buona;;1;0;0;1;12.4834;41.8796;-1;1;Autovettura privata;In marcia / fermata / arresto;Conducente;F;Illeso;0;;Non accertato;Inesploso
5532170;1;28/07/2021 09:00:00;Strada Urbana;PIAZZA ALBANIA;in prossimit�;;del civico n.;14;;Infortunio per sola frenata improvvisa;Curva a visuale libera;Una carreggiata a senso unico di marcia;Asciutto;In cubetti di porfido;Verticale ed orizzontale;Sereno;Scarso;Buona;;1;0;0;1;12.4834;41.8796;-1;2;Motociclo a solo;In marcia / fermata / arresto;Conducente;M;Rimandato;0;NON DECEDUTO;Non accertato;
5532176;1;28/07/2021 08:30:00;Strada Urbana;VIA MARIA ADELAIDE;all'intersezione con;VIA MARIA CRISTINA;VIA MARIA CRISTINA;;;Scontro frontale/laterale DX fra veicoli in marcia;Incrocio;Una carreggiata a senso unico di marcia;Asciutto;Asfaltata;Verticale ed orizzontale;Sereno;Intenso;Buona;;0;0;0;2;12.474;41.9108;-1;1;Autovettura privata;In marcia / fermata / arresto;Conducente;M;Illeso;0;;Non accertato;Inesploso
5532176;1;28/07/2021 08:30:00;Strada Urbana;VIA MARIA ADELAIDE;all'intersezione con;VIA MARIA CRISTINA;VIA MARIA CRISTINA;;;Scontro frontale/laterale DX fra veicoli in marcia;Incrocio;Una carreggiata a senso unico di marcia;Asciutto;Asfaltata;Verticale ed orizzontale;Sereno;Intenso;Buona;;0;0;0;2;12.474;41.9108;-1;2;Autocarro inferiore 35 q.;In marcia / fermata / arresto;Conducente;M;Illeso;0;;Non accertato;Esploso
5532225;1;28/07/2021 13:15:00;Strada Urbana;PIAZZA PASQUALE PAOLI;all'intersezione con;LUNGOTEVERE DEGLI ALTOVITI;LUNGOTEVERE DEGLI ALTOVITI;;;Scontro laterale fra veicoli in marcia;Intersezione semaforizzata;Una carreggiata a senso unico di marcia;Asciutto;Asfaltata;Verticale;Sereno;Normale;Buona;;1;0;0;3;12.4649;41.9007;-1;1;Motociclo a solo;In marcia / fermata / arresto;Conducente;M;Rifiuta cure immediate;0;NON DECEDUTO;Non accertato;
5532225;1;28/07/2021 13:15:00;Strada Urbana;PIAZZA PASQUALE PAOLI;all'intersezione con;LUNGOTEVERE DEGLI ALTOVITI;LUNGOTEVERE DEGLI ALTOVITI;;;Scontro laterale fra veicoli in marcia;Intersezione semaforizzata;Una carreggiata a senso unico di marcia;Asciutto;Asfaltata;Verticale;Sereno;Normale;Buona;;1;0;0;3;12.4649;41.9007;-1;2;Autovettura privata;In marcia / fermata / arresto;Conducente;M;Illeso;0;;Non accertato;Inesploso
5532225;1;28/07/2021 13:15:00;Strada Urbana;PIAZZA PASQUALE PAOLI;all'intersezione con;LUNGOTEVERE DEGLI ALTOVITI;LUNGOTEVERE DEGLI ALTOVITI;;;Scontro laterale fra veicoli in marcia;Intersezione semaforizzata;Una carreggiata a senso unico di marcia;Asciutto;Asfaltata;Verticale;Sereno;Normale;Buona;;1;0;0;3;12.4649;41.9007;-1;2;Autovettura privata;In marcia / fermata / arresto;Passeggero;F;Illeso;0;;;
5532225;1;28/07/2021 13:15:00;Strada Urbana;PIAZZA PASQUALE PAOLI;all'intersezione con;LUNGOTEVERE DEGLI ALTOVITI;LUNGOTEVERE DEGLI ALTOVITI;;;Scontro laterale fra veicoli in marcia;Intersezione semaforizzata;Una carreggiata a senso unico di marcia;Asciutto;Asfaltata;Verticale;Sereno;Normale;Buona;;1;0;0;3;12.4649;41.9007;-1;2;Autovettura privata;In marcia / fermata / arresto;Passeggero;F;Illeso;0;;;
5532309;17;28/07/2021 09:15:00;Strada Urbana;VIA MONTE SANTO;all'intersezione con;VIA SABOTINO;VIA SABOTINO;;;Scontro laterale fra veicoli in marcia;Intersezione stradale segnalata;Due carreggiate;Asciutto;Asfaltata;Verticale ed orizzontale;Grandine in atto;Normale;Buona;;0;0;0;2;12.4601;41.917;-1;1;Autovettura pubblica;In marcia / fermata / arresto;Conducente;M;Illeso;0;;;
5532309;17;28/07/2021 09:15:00;Strada Urbana;VIA MONTE SANTO;all'intersezione con;VIA SABOTINO;VIA SABOTINO;;;Scontro laterale fra veicoli in marcia;Intersezione stradale segnalata;Due carreggiate;Asciutto;Asfaltata;Verticale ed orizzontale;Grandine in atto;Normale;Buona;;0;0;0;2;12.4601;41.917;-1;2;Autovettura privata;In marcia / fermata / arresto;Conducente;M;Illeso;0;;;
5532434;12;27/07/2021 12:00:00;Provinciale;VIA LAURENTINA;da specificare;;;;rotatoria pross. Via di Castel di Leva;Scontro laterale fra veicoli in marcia;Rotatoria;Una carreggiata a senso unico di marcia;Asciutto;Asfaltata;Verticale ed orizzontale;Nuvoloso;Normale;Buona;;0;0;0;3;12.4856;41.8103;-1;1;Autovettura privata;In marcia / fermata / arresto;Conducente;M;Illeso;0;;Utilizzato;Inesploso
5532434;12;27/07/2021 12:00:00;Provinciale;VIA LAURENTINA;da specificare;;;;rotatoria pross. Via di Castel di Leva;Scontro laterale fra veicoli in marcia;Rotatoria;Una carreggiata a senso unico di marcia;Asciutto;Asfaltata;Verticale ed orizzontale;Nuvoloso;Normale;Buona;;0;0;0;3;12.4856;41.8103;-1;2;Autovettura privata;In marcia / fermata / arresto;Conducente;F;Illeso;0;;Utilizzato;Inesploso
5532434;12;27/07/2021 12:00:00;Provinciale;VIA LAURENTINA;da specificare;;;;rotatoria pross. Via di Castel di Leva;Scontro laterale fra veicoli in marcia;Rotatoria;Una carreggiata a senso unico di marcia;Asciutto;Asfaltata;Verticale ed orizzontale;Nuvoloso;Normale;Buona;;0;0;0;3;12.4856;41.8103;-1;2;Autovettura privata;In marcia / fermata / arresto;Passeggero;M;Illeso;0;;;
5532435;12;28/07/2021 00:15:00;Strada Urbana;VIA DI PRATICA;in corrispondenza;;della chilometrica;0.3;;Scontro laterale fra veicoli in marcia;Rettilineo;Una carreggiata a doppio senso;Asciutto;Asfaltata;Verticale ed orizzontale;Sereno;Scarso;Insufficiente;;1;0;0;2;12.4452;41.6892;-1;1;Autovettura privata;In marcia / fermata / arresto;Conducente;M;Illeso;0;;;
5532435;12;28/07/2021 00:15:00;Strada Urbana;VIA DI PRATICA;in corrispondenza;;della chilometrica;0.3;;Scontro laterale fra veicoli in marcia;Rettilineo;Una carreggiata a doppio senso;Asciutto;Asfaltata;Verticale ed orizzontale;Sereno;Scarso;Insufficiente;;1;0;0;2;12.4452;41.6892;-1;2;Autovettura privata;In marcia / fermata / arresto;Conducente;M;Rimandato;0;NON DECEDUTO;Utilizzato;Inesploso
5532435;12;28/07/2021 00:15:00;Strada Urbana;VIA DI PRATICA;in corrispondenza;;della chilometrica;0.3;;Scontro laterale fra veicoli in marcia;Rettilineo;Una carreggiata a doppio senso;Asciutto;Asfaltata;Verticale ed orizzontale;Sereno;Scarso;Insufficiente;;1;0;0;2;12.4452;41.6892;-1;2;Autovettura privata;In marcia / fermata / arresto;Passeggero;F;Illeso;0;;;
5532437;6;27/07/2021 16:00:00;Strada Urbana;VIA CIRO DA URBINO;in corrispondenza;;del civico n.;37;;Veicolo in marcia contro veicolo in sosta;Pendenza;Una carreggiata a senso unico di marcia;Asciutto;Asfaltata;Verticale ed orizzontale;Sereno;Scarso;Buona;;0;0;0;1;12.5401;41.8782;-1;1;Autovettura privata;In marcia / fermata / arresto;Conducente;F;Illeso;0;;;
5532437;6;27/07/2021 16:00:00;Strada Urbana;VIA CIRO DA URBINO;in corrispondenza;;del civico n.;37;;Veicolo in marcia contro veicolo in sosta;Pendenza;Una carreggiata a senso unico di marcia;Asciutto;Asfaltata;Verticale ed orizzontale;Sereno;Scarso;Buona;;0;0;0;1;12.5401;41.8782;-1;2;Autovettura privata;Sosta;;;;;;;
5532498;19;28/07/2021 15:15:00;Strada Urbana;VIA ANDERSEN;in prossimit�;;del civico n.;100;;Investimento di pedone;Rettilineo;Una carreggiata a doppio senso;Asciutto;Asfaltata;Orizzontale;Sereno;Normale;Buona;;1;0;0;1;12.3993;41.923;-1;;;;Pedone;F;Ricoverato;0;NON DECEDUTO;;
5532498;19;28/07/2021 15:15:00;Strada Urbana;VIA ANDERSEN;in prossimit�;;del civico n.;100;;Investimento di pedone;Rettilineo;Una carreggiata a doppio senso;Asciutto;Asfaltata;Orizzontale;Sereno;Normale;Buona;;1;0;0;1;12.3993;41.923;-1;1;Autovettura privata;In marcia / fermata / arresto;Conducente;M;Illeso;0;;;
5532556;1;28/07/2021 14:55:00;Strada Urbana;VIALE MARCO POLO;in corrispondenza;;del civico n.;97;;Scontro laterale fra veicoli in marcia;Rettilineo;Una carreggiata a senso unico di marcia;Asciutto;Asfaltata;Verticale ed orizzontale;Sereno;Normale;Buona;;1;0;0;1;12.4897;41.8726;-1;1;Motociclo a solo;In marcia / fermata / arresto;Conducente;M;Rimandato;0;NON DECEDUTO;Non accertato;
5532556;1;28/07/2021 14:55:00;Strada Urbana;VIALE MARCO POLO;in corrispondenza;;del civico n.;97;;Scontro laterale fra veicoli in marcia;Rettilineo;Una carreggiata a senso unico di marcia;Asciutto;Asfaltata;Verticale ed orizzontale;Sereno;Normale;Buona;;1;0;0;1;12.4897;41.8726;-1;2;Autovettura privata;In marcia / fermata / arresto;Conducente;M;Illeso;0;;Non accertato;Inesploso
5532572;2;28/07/2021 18:00:00;Strada Urbana;VIA BORMIDA;in prossimit�;;del civico n.;5;;Veicolo in marcia contro veicolo in sosta;Rettilineo;Una carreggiata a senso unico di marcia;Asciutto;Asfaltata;Verticale ed orizzontale;Sereno;Normale;Buona;;0;0;0;1;12.5042;41.9158;-1;1;Autovettura privata;Sosta;;;;;;;
5532572;2;28/07/2021 18:00:00;Strada Urbana;VIA BORMIDA;in prossimit�;;del civico n.;5;;Veicolo in marcia contro veicolo in sosta;Rettilineo;Una carreggiata a senso unico di marcia;Asciutto;Asfaltata;Verticale ed orizzontale;Sereno;Normale;Buona;;0;0;0;1;12.5042;41.9158;-1;2;Autovettura privata;In marcia / fermata / arresto;Conducente;F;Illeso;0;;Non accertato;Inesploso
5532573;1;27/07/2021 19:00:00;Strada Urbana;VIA NAZIONALE;in prossimit�;;del civico n.;184;;Scontro laterale fra veicoli in marcia;Rettilineo;Una carreggiata a doppio senso;Asciutto;In cubetti di porfido;Verticale ed orizzontale;Sereno;Normale;Buona;;0;0;0;2;12.489;41.898;-1;1;Quadriciclo leggero;In marcia / fermata / arresto;Conducente;M;Illeso;0;;Non accertato;Inesploso
5532573;1;27/07/2021 19:00:00;Strada Urbana;VIA NAZIONALE;in prossimit�;;del civico n.;184;;Scontro laterale fra veicoli in marcia;Rettilineo;Una carreggiata a doppio senso;Asciutto;In cubetti di porfido;Verticale ed orizzontale;Sereno;Normale;Buona;;0;0;0;2;12.489;41.898;-1;2;Autovettura privata;In marcia / fermata / arresto;Conducente;M;Illeso;0;;Non accertato;Inesploso
5532972;11;28/07/2021 07:20:00;Strada Urbana;VIA DELLE SETTE CHIESE;da specificare;;;;fronte civico 276;Veicolo in marcia contro veicolo in sosta;Rettilineo;Una carreggiata a doppio senso;Asciutto;Asfaltata;Verticale ed orizzontale;Sereno;Scarso;Buona;;0;0;0;0;12.4941;41.8601;-1;1;Autovettura privata;Sosta;;;;;;;
5532972;11;28/07/2021 07:20:00;Strada Urbana;VIA DELLE SETTE CHIESE;da specificare;;;;fronte civico 276;Veicolo in marcia contro veicolo in sosta;Rettilineo;Una carreggiata a doppio senso;Asciutto;Asfaltata;Verticale ed orizzontale;Sereno;Scarso;Buona;;0;0;0;0;12.4941;41.8601;-1;2;Autovettura privata;Allontanatosi;;;;;;;
5532975;11;28/07/2021 06:30:00;Strada Urbana;VIA DI GROTTE D'ARCACCIO;in corrispondenza;;del civico n.;205;;Veicolo in marcia contro ostacolo fisso;Curva senza visuale libera;Una carreggiata a doppio senso;Asciutto;Asfaltata;Verticale;Sereno;Scarso;Buona;;0;0;0;1;12.4968;41.8279;-1;1;Autovettura privata;In marcia / fermata / arresto;Conducente;M;Illeso;0;;;
5532979;8;28/07/2021 16:30:00;Strada Urbana;VIA PRENESTINA;all'intersezione con;VIA DI ROCCA CENCIA;VIA DI ROCCA CENCIA;;;Tamponamento Multiplo;Intersezione stradale segnalata;Una carreggiata a doppio senso;Asciutto;Asfaltata;Assente;Sereno;Normale;Buona;;4;0;0;0;12.6953;41.8899;-1;1;Autovettura privata;In marcia / fermata / arresto;Conducente;M;Rimandato;0;NON DECEDUTO;;
5532979;8;28/07/2021 16:30:00;Strada Urbana;VIA PRENESTINA;all'intersezione con;VIA DI ROCCA CENCIA;VIA DI ROCCA CENCIA;;;Tamponamento Multiplo;Intersezione stradale segnalata;Una carreggiata a doppio senso;Asciutto;Asfaltata;Assente;Sereno;Normale;Buona;;4;0;0;0;12.6953;41.8899;-1;1;Autovettura privata;In marcia / fermata / arresto;Passeggero;F;Rimandato;0;NON DECEDUTO;Non accertato;Inesploso
5532979;8;28/07/2021 16:30:00;Strada Urbana;VIA PRENESTINA;all'intersezione con;VIA DI ROCCA CENCIA;VIA DI ROCCA CENCIA;;;Tamponamento Multiplo;Intersezione stradale segnalata;Una carreggiata a doppio senso;Asciutto;Asfaltata;Assente;Sereno;Normale;Buona;;4;0;0;0;12.6953;41.8899;-1;2;Autovettura privata;In marcia / fermata / arresto;Conducente;M;Rifiuta cure immediate;0;NON DECEDUTO;Non accertato;Esploso
5532979;8;28/07/2021 16:30:00;Strada Urbana;VIA PRENESTINA;all'intersezione con;VIA DI ROCCA CENCIA;VIA DI ROCCA CENCIA;;;Tamponamento Multiplo;Intersezione stradale segnalata;Una carreggiata a doppio senso;Asciutto;Asfaltata;Assente;Sereno;Normale;Buona;;4;0;0;0;12.6953;41.8899;-1;3;Autocarro inferiore 35 q.;In marcia / fermata / arresto;Conducente;M;Ricoverato;0;NON DECEDUTO;;
5532980;8;28/07/2021 10:45:00;Statale entro l'abitato;VIA CASILINA;in prossimit�;;del civico n.;1754;;Scontro frontale fra veicoli in marcia;Rettilineo;Una carreggiata a doppio senso;Asciutto;Asfaltata;Assente;Sereno;Scarso;Buona;;0;0;0;2;12.6683;41.8641;-1;1;Autovettura privata;In marcia / fermata / arresto;Conducente;M;Illeso;0;;Non accertato;Inesploso
5532980;8;28/07/2021 10:45:00;Statale entro l'abitato;VIA CASILINA;in prossimit�;;del civico n.;1754;;Scontro frontale fra veicoli in marcia;Rettilineo;Una carreggiata a doppio senso;Asciutto;Asfaltata;Assente;Sereno;Scarso;Buona;;0;0;0;2;12.6683;41.8641;-1;2;Autocarro inferiore 35 q.;In marcia / fermata / arresto;Conducente;M;Illeso;0;;Non accertato;Inesploso
5532981;8;28/07/2021 11:30:00;Strada Urbana;VIA DI TORRENOVA;in prossimit�;;del civico n.;39;;Scontro laterale fra veicoli in marcia;Rettilineo;Una carreggiata a doppio senso;Asciutto;Asfaltata;Verticale;Sereno;Normale;Buona;;1;0;0;4;12.6176;41.866;-1;1;Autovettura privata;In marcia / fermata / arresto;Conducente;F;Illeso;0;;;
5532981;8;28/07/2021 11:30:00;Strada Urbana;VIA DI TORRENOVA;in prossimit�;;del civico n.;39;;Scontro laterale fra veicoli in marcia;Rettilineo;Una carreggiata a doppio senso;Asciutto;Asfaltata;Verticale;Sereno;Normale;Buona;;1;0;0;4;12.6176;41.866;-1;2;Autovettura privata;In marcia / fermata / arresto;Conducente;F;Illeso;0;;;
5532981;8;28/07/2021 11:30:00;Strada Urbana;VIA DI TORRENOVA;in prossimit�;;del civico n.;39;;Scontro laterale fra veicoli in marcia;Rettilineo;Una carreggiata a doppio senso;Asciutto;Asfaltata;Verticale;Sereno;Normale;Buona;;1;0;0;4;12.6176;41.866;-1;2;Autovettura privata;In marcia / fermata / arresto;Passeggero;F;Illeso;0;;;
5532981;8;28/07/2021 11:30:00;Strada Urbana;VIA DI TORRENOVA;in prossimit�;;del civico n.;39;;Scontro laterale fra veicoli in marcia;Rettilineo;Una carreggiata a doppio senso;Asciutto;Asfaltata;Verticale;Sereno;Normale;Buona;;1;0;0;4;12.6176;41.866;-1;2;Autovettura privata;In marcia / fermata / arresto;Passeggero;F;Illeso;0;;;
5532981;8;28/07/2021 11:30:00;Strada Urbana;VIA DI TORRENOVA;in prossimit�;;del civico n.;39;;Scontro laterale fra veicoli in marcia;Rettilineo;Una carreggiata a doppio senso;Asciutto;Asfaltata;Verticale;Sereno;Normale;Buona;;1;0;0;4;12.6176;41.866;-1;3;Autovettura privata;In marcia / fermata / arresto;Conducente;F;Rifiuta cure immediate;0;NON DECEDUTO;;
5532983;8;28/07/2021 12:40:00;Strada Urbana;VIA CASILINA;in corrispondenza;;del civico n.;1220;;Veicolo in marcia contro veicolo in sosta;Rettilineo;Una carreggiata a senso unico di marcia;Asciutto;Asfaltata;Assente;Sereno;Normale;Buona;;0;0;0;0;12.6047;41.8643;-1;1;Autovettura privata;Sosta;;;;;;;
5532983;8;28/07/2021 12:40:00;Strada Urbana;VIA CASILINA;in corrispondenza;;del civico n.;1220;;Veicolo in marcia contro veicolo in sosta;Rettilineo;Una carreggiata a senso unico di marcia;Asciutto;Asfaltata;Assente;Sereno;Normale;Buona;;0;0;0;0;12.6047;41.8643;-1;2;Autovettura privata;In marcia / fermata / arresto;;;;;;;
5532985;11;28/07/2021 10:40:00;Strada Urbana;VIALE GUGLIELMO MARCONI;in corrispondenza;;del civico n.;700;;Scontro laterale fra veicoli in marcia;Rettilineo;Due carreggiate;Asciutto;Asfaltata;Verticale ed orizzontale;Sereno;Scarso;Buona;;0;0;0;3;12.4758;41.8459;-1;1;Autovettura privata;In marcia / fermata / arresto;Conducente;F;Illeso;0;;Non accertato;
5532985;11;28/07/2021 10:40:00;Strada Urbana;VIALE GUGLIELMO MARCONI;in corrispondenza;;del civico n.;700;;Scontro laterale fra veicoli in marcia;Rettilineo;Due carreggiate;Asciutto;Asfaltata;Verticale ed orizzontale;Sereno;Scarso;Buona;;0;0;0;3;12.4758;41.8459;-1;1;Autovettura privata;In marcia / fermata / arresto;Passeggero;F;Illeso;0;;;
5532985;11;28/07/2021 10:40:00;Strada Urbana;VIALE GUGLIELMO MARCONI;in corrispondenza;;del civico n.;700;;Scontro laterale fra veicoli in marcia;Rettilineo;Due carreggiate;Asciutto;Asfaltata;Verticale ed orizzontale;Sereno;Scarso;Buona;;0;0;0;3;12.4758;41.8459;-1;2;Motociclo a solo;In marcia / fermata / arresto;Conducente;M;Illeso;0;;Non accertato;
5533018;20;28/07/2021 10:30:00;Strada Urbana;VIA DEL FORO ITALICO;da specificare;;;;100mt da rampa V.le Tor di Quinto;Tamponamento Multiplo;Rettilineo;Due carreggiate;Asciutto;Asfaltata;Orizzontale;Sereno;Normale;Buona;;0;0;0;3;12.4842;41.94;-1;1;Autovettura privata;In marcia / fermata / arresto;Conducente;M;Illeso;0;;Non accertato;Inesploso
5533018;20;28/07/2021 10:30:00;Strada Urbana;VIA DEL FORO ITALICO;da specificare;;;;100mt da rampa V.le Tor di Quinto;Tamponamento Multiplo;Rettilineo;Due carreggiate;Asciutto;Asfaltata;Orizzontale;Sereno;Normale;Buona;;0;0;0;3;12.4842;41.94;-1;2;Autovettura privata;In marcia / fermata / arresto;Conducente;M;Illeso;0;;Non accertato;Inesploso
5533018;20;28/07/2021 10:30:00;Strada Urbana;VIA DEL FORO ITALICO;da specificare;;;;100mt da rampa V.le Tor di Quinto;Tamponamento Multiplo;Rettilineo;Due carreggiate;Asciutto;Asfaltata;Orizzontale;Sereno;Normale;Buona;;0;0;0;3;12.4842;41.94;-1;3;Autocarro inferiore 35 q.;In marcia / fermata / arresto;Conducente;M;Illeso;0;;Non accertato;Inesistente
5533043;20;28/07/2021 14:30:00;Regionale entro l'abitato;VIA FLAMINIA NUOVA;da specificare;;;;ALTEZZA VIA VITORCHIANO;Tamponamento Multiplo;Rettilineo;Due carreggiate;Asciutto;Asfaltata;Assente;Sereno;Intenso;Buona;;0;0;0;4;12.4792;41.9609;-1;1;Autovettura privata;In marcia / fermata / arresto;Conducente;M;Illeso;0;;Non accertato;
5533043;20;28/07/2021 14:30:00;Regionale entro l'abitato;VIA FLAMINIA NUOVA;da specificare;;;;ALTEZZA VIA VITORCHIANO;Tamponamento Multiplo;Rettilineo;Due carreggiate;Asciutto;Asfaltata;Assente;Sereno;Intenso;Buona;;0;0;0;4;12.4792;41.9609;-1;2;Autovettura privata;In marcia / fermata / arresto;Conducente;M;Illeso;0;;Non accertato;
5533043;20;28/07/2021 14:30:00;Regionale entro l'abitato;VIA FLAMINIA NUOVA;da specificare;;;;ALTEZZA VIA VITORCHIANO;Tamponamento Multiplo;Rettilineo;Due carreggiate;Asciutto;Asfaltata;Assente;Sereno;Intenso;Buona;;0;0;0;4;12.4792;41.9609;-1;3;Autovettura privata;In marcia / fermata / arresto;Conducente;M;Illeso;0;;Non accertato;