Protocollo;Gruppo;DataOraIncidente;Localizzazione1;STRADA1;Localizzazione2;STRADA2;Strada02;Chilometrica;DaSpecificare;NaturaIncidente;particolaritastrade;TipoStrada;FondoStradale;Pavimentazione;Segnaletica;CondizioneAtmosferica;Traffico;Visibilita;Illuminazione;NUM_FERITI;NUM_RISERVATA;NUM_MORTI;NUM_ILLESI;Longitudine;Latitudine;Confermato;Progressivo;TipoVeicolo;StatoVeicolo;TipoPersona;Sesso;Tipolesione;Deceduto;DecedutoDopo;CinturaCascoUtilizzato;Airbag;
5533043;20;28/07/2021 14:30:00;Regionale entro l'abitato;VIA FLAMINIA NUOVA;da specificare;;;;ALTEZZA VIA VITORCHIANO;Tamponamento Multiplo;Rettilineo;Due carreggiate;Asciutto;Asfaltata;Assente;Sereno;Intenso;Buona;;0;0;0;4;12.4792;41.9609;-1;4;Autovettura privata;In marcia / fermata / arresto;Conducente;M;Illeso;0;;;
5533045;18;29/07/2021 00:40:00;Strada Urbana;VIA GREGORIO VII;da specificare;;;;prossimit� via del Cottolengo;Ribaltamento senza urto contro ostacolo fisso;Rettilineo;Pi� di due carreggiate;Asciutto;Asfaltata;Verticale ed orizzontale;Sereno;Scarso;Sufficiente;;0;0;1;0;12.4401;41.8959;0;1;Monopattino elettrico;In marcia / fermata / arresto;Conducente;M;Prognosi riservata;0;DECEDUTO ENTRO IL QUINTO GIORNO;Non accertato;Inesistente
5533049;9;28/07/2021 16:20:00;Strada Urbana;VIA TARANTO;all'intersezione con;VIA VOLTERRA;VIA VOLTERRA;;;Scontro frontale/laterale SX fra veicoli in marcia;Incrocio;Una carreggiata a doppio senso;Asciutto;Asfaltata;Verticale;Sereno;Scarso;Buona;;0;0;0;3;12.5173;41.884;-1;1;Autovettura privata;In marcia / fermata / arresto;Conducente;M;Illeso;0;;Non accertato;Inesploso
5533049;9;28/07/2021 16:20:00;Strada Urbana;VIA TARANTO;all'intersezione con;VIA VOLTERRA;VIA VOLTERRA;;;Scontro frontale/laterale SX fra veicoli in marcia;Incrocio;Una carreggiata a doppio senso;Asciutto;Asfaltata;Verticale;Sereno;Scarso;Buona;;0;0;0;3;12.5173;41.884;-1;1;Autovettura privata;In marcia / fermata / arresto;Passeggero;M;Illeso;0;;Non accertato;Inesploso
5533049;9;28/07/2021 16:20:00;Strada Urbana;VIA TARANTO;all'intersezione con;VIA VOLTERRA;VIA VOLTERRA;;;Scontro frontale/laterale SX fra veicoli in marcia;Incrocio;Una carreggiata a doppio senso;Asciutto;Asfaltata;Verticale;Sereno;Scarso;Buona;;0;0;0;3;12.5173;41.884;-1;2;Motociclo a solo;In marcia / fermata / arresto;Conducente;M;Illeso;0;;Non accertato;
5533057;11;28/07/2021 16:50:00;Strada Urbana;VIA DELLA VILLA DI LUCINA;da specificare;;;;FRONTE PALO ACEA N. 27;Veicolo in marcia contro veicolo in sosta;Rettilineo;Una carreggiata a senso unico di marcia;Asciutto;Asfaltata;Verticale ed orizzontale;Sereno;Scarso;Buona;;0;0;0;1;12.4854;41.858;-1;1;Autovettura privata;In marcia / fermata / arresto;Conducente;M;Illeso;0;;;
5533057;11;28/07/2021 16:50:00;Strada Urbana;VIA DELLA VILLA DI LUCINA;da specificare;;;;FRONTE PALO ACEA N. 27;Veicolo in marcia contro veicolo in sosta;Rettilineo;Una carreggiata a senso unico di marcia;Asciutto;Asfaltata;Verticale ed orizzontale;Sereno;Scarso;Buona;;0;0;0;1;12.4854;41.858;-1;2;Autovettura privata;Sosta;;;;;;;
5533059;11;28/07/2021 17:30:00;Strada Urbana;VIA DI VIGNA MURATA;da specificare;;;;alt. Benzinaio Q8 (svincolo in dir. Bonaiuto);Tamponamento;Curva senza visuale libera;Due carreggiate;Asciutto;Asfaltata;Verticale ed orizzontale;Sereno;Normale;Buona;;0;0;0;2;12.4919;41.8269;-1;1;Autovettura privata;In marcia / fermata / arresto;Conducente;F;Illeso;0;;Non accertato;
5533059;11;28/07/2021 17:30:00;Strada Urbana;VIA DI VIGNA MURATA;da specificare;;;;alt. Benzinaio Q8 (svincolo in dir. Bonaiuto);Tamponamento;Curva senza visuale libera;Due carreggiate;Asciutto;Asfaltata;Verticale ed orizzontale;Sereno;Normale;Buona;;0;0;0;2;12.4919;41.8269;-1;2;Autovettura privata;In marcia / fermata / arresto;Conducente;F;Illeso;0;;Non accertato;
5533065;5;28/07/2021 09:15:00;Strada Urbana;VIA TIBURTINA;in corrispondenza;;del civico n.;1097;;Scontro laterale fra veicoli in marcia;Rettilineo;Due carreggiate;Asciutto;Asfaltata;Orizzontale;Sereno;Normale;Buona;;0;0;0;2;12.5877;41.9328;-1;1;Autovettura privata;In marcia / fermata / arresto;Conducente;F;Illeso;0;;Non accertato;Inesploso
5533065;5;28/07/2021 09:15:00;Strada Urbana;VIA TIBURTINA;in corrispondenza;;del civico n.;1097;;Scontro laterale fra veicoli in marcia;Rettilineo;Due carreggiate;Asciutto;Asfaltata;Orizzontale;Sereno;Normale;Buona;;0;0;0;2;12.5877;41.9328;-1;2;Monopattino elettrico;In marcia / fermata / arresto;Conducente;M;Illeso;0;;Non accertato;Inesistente
5533067;8;28/07/2021 18:00:00;Strada Urbana;VIA PRENESTINA;da specificare;;;;70 mt dopo via Fosso dell'Osa;Tamponamento Multiplo;Rettilineo;Una carreggiata a doppio senso;Asciutto;Asfaltata;Verticale ed orizzontale;Sereno;Normale;Buona;;0;0;0;3;12.6548;41.892;-1;1;Autovettura privata;In marcia / fermata / arresto;Conducente;M;Illeso;0;;;
5533067;8;28/07/2021 18:00:00;Strada Urbana;VIA PRENESTINA;da specificare;;;;70 mt dopo via Fosso dell'Osa;Tamponamento Multiplo;Rettilineo;Una carreggiata a doppio senso;Asciutto;Asfaltata;Verticale ed orizzontale;Sereno;Normale;Buona;;0;0;0;3;12.6548;41.892;-1;2;Autovettura privata;In marcia / fermata / arresto;Conducente;M;Illeso;0;;;Esploso
5533067;8;28/07/2021 18:00:00;Strada Urbana;VIA PRENESTINA;da specificare;;;;70 mt dopo via Fosso dell'Osa;Tamponamento Multiplo;Rettilineo;Una carreggiata a doppio senso;Asciutto;Asfaltata;Verticale ed orizzontale;Sereno;Normale;Buona;;0;0;0;3;12.6548;41.892;-1;3;Autovettura privata;In marcia / fermata / arresto;Conducente;M;Illeso;0;;;
5533069;20;28/07/2021 20:40:00;Strada Urbana;VIA CASSIA;in corrispondenza;;del civico n.;1304;;Scontro frontale fra veicoli in marcia;Curva a visuale libera;Una carreggiata a doppio senso;Asciutto;Asfaltata;Verticale ed orizzontale;Sereno;Scarso;Buona;;0;0;0;2;12.4055;41.9857;-1;1;Autovettura privata;In marcia / fermata / arresto;Conducente;M;Illeso;0;;;
5533069;20;28/07/2021 20:40:00;Strada Urbana;VIA CASSIA;in corrispondenza;;del civico n.;1304;;Scontro frontale fra veicoli in marcia;Curva a visuale libera;Una carreggiata a doppio senso;Asciutto;Asfaltata;Verticale ed orizzontale;Sereno;Scarso;Buona;;0;0;0;2;12.4055;41.9857;-1;2;Autovettura privata;In marcia / fermata / arresto;Conducente;M;Illeso;0;;;
5533073;9;28/07/2021 18:40:00;Strada Urbana;VIA ALBALONGA;all'intersezione con;VIA CENEDA;VIA CENEDA;;;Scontro laterale fra veicoli in marcia;Incrocio;Una carreggiata a senso unico di marcia;Asciutto;Asfaltata;Verticale ed orizzontale;Sereno;Normale;Buona;;0;0;0;3;12.5133;41.88;-1;1;Autovettura privata;In marcia / fermata / arresto;Conducente;M;Illeso;0;;Non accertato;Inesploso
5533073;9;28/07/2021 18:40:00;Strada Urbana;VIA ALBALONGA;all'intersezione con;VIA CENEDA;VIA CENEDA;;;Scontro laterale fra veicoli in marcia;Incrocio;Una carreggiata a senso unico di marcia;Asciutto;Asfaltata;Verticale ed orizzontale;Sereno;Normale;Buona;;0;0;0;3;12.5133;41.88;-1;1;Autovettura privata;In marcia / fermata / arresto;Passeggero;M;Illeso;0;;Non accertato;Inesploso
5533073;9;28/07/2021 18:40:00;Strada Urbana;VIA ALBALONGA;all'intersezione con;VIA CENEDA;VIA CENEDA;;;Scontro laterale fra veicoli in marcia;Incrocio;Una carreggiata a senso unico di marcia;Asciutto;Asfaltata;Verticale ed orizzontale;Sereno;Normale;Buona;;0;0;0;3;12.5133;41.88;-1;2;Autovettura privata;In marcia / fermata / arresto;Conducente;M;Illeso;0;;Non accertato;Inesploso
5533075;15;28/07/2021 11:10:00;Strada Urbana;VIA PORTUENSE;in corrispondenza;;del civico n.;532;;Scontro laterale fra veicoli in marcia;Curva a visuale libera;Due carreggiate;Asciutto;Asfaltata;Verticale ed orizzontale;Sereno;Normale;Buona;;1;0;0;1;12.4473;41.8579;-1;1;Autovettura privata;In marcia / fermata / arresto;Conducente;F;Illeso;0;;Non accertato;Inesploso
5533075;15;28/07/2021 11:10:00;Strada Urbana;VIA PORTUENSE;in corrispondenza;;del civico n.;532;;Scontro laterale fra veicoli in marcia;Curva a visuale libera;Due carreggiate;Asciutto;Asfaltata;Verticale ed orizzontale;Sereno;Normale;Buona;;1;0;0;1;12.4473;41.8579;-1;2;Motociclo con passeggero;In marcia / fermata / arresto;Conducente;M;Rimandato;0;NON DECEDUTO;Non accertato;
5533079;11;28/07/2021 17:45:00;Strada Urbana;VIALE GUGLIELMO MARCONI;all'intersezione semaforizzata con;PIAZZALE TOMMASO EDISON;PIAZZALE TOMMASO EDISON;;;Tamponamento;Intersezione semaforizzata;Due carreggiate;Asciutto;Asfaltata;Verticale ed orizzontale;Sereno;Normale;Buona;;0;0;0;2;12.4713;41.8573;-1;1;Autovettura privata;In marcia / fermata / arresto;Conducente;F;Illeso;0;;Non accertato;
5533079;11;28/07/2021 17:45:00;Strada Urbana;VIALE GUGLIELMO MARCONI;all'intersezione semaforizzata con;PIAZZALE TOMMASO EDISON;PIAZZALE TOMMASO EDISON;;;Tamponamento;Intersezione semaforizzata;Due carreggiate;Asciutto;Asfaltata;Verticale ed orizzontale;Sereno;Normale;Buona;;0;0;0;2;12.4713;41.8573;-1;2;Autovettura privata;In marcia / fermata / arresto;Conducente;F;Illeso;0;;;
5533082;12;28/07/2021 18:10:00;Strada Urbana;VIA LAURENTINA;da specificare;;;;all'intersezione con Via Tor Pagnotta (rotatoria);Scontro frontale/laterale DX fra veicoli in marcia;Rotatoria;Una carreggiata a senso unico di marcia;Asciutto;Asfaltata;Verticale ed orizzontale;Sereno;Intenso;Buona;;0;0;0;3;12.4856;41.8103;-1;1;Autovettura privata;In marcia / fermata / arresto;Conducente;M;Illeso;0;;Utilizzato;Inesploso
5533082;12;28/07/2021 18:10:00;Strada Urbana;VIA LAURENTINA;da specificare;;;;all'intersezione con Via Tor Pagnotta (rotatoria);Scontro frontale/laterale DX fra veicoli in marcia;Rotatoria;Una carreggiata a senso unico di marcia;Asciutto;Asfaltata;Verticale ed orizzontale;Sereno;Intenso;Buona;;0;0;0;3;12.4856;41.8103;-1;2;Autovettura privata;In marcia / fermata / arresto;Conducente;F;Illeso;0;;Utilizzato;Inesploso
5533082;12;28/07/2021 18:10:00;Strada Urbana;VIA LAURENTINA;da specificare;;;;all'intersezione con Via Tor Pagnotta (rotatoria);Scontro frontale/laterale DX fra veicoli in marcia;Rotatoria;Una carreggiata a senso unico di marcia;Asciutto;Asfaltata;Verticale ed orizzontale;Sereno;Intenso;Buona;;0;0;0;3;12.4856;41.8103;-1;2;Autovettura privata;In marcia / fermata / arresto;Passeggero;F;Illeso;0;;Utilizzato;Inesploso
5533086;19;28/07/2021 11:30:00;Strada Urbana;VIA REZZATO;in corrispondenza;;del civico n.;77;;Veicolo in marcia contro veicolo in sosta;Rettilineo;Una carreggiata a doppio senso;Asciutto;Asfaltata;Orizzontale;Sereno;Scarso;Buona;;0;0;0;0;12.3791;41.9521;-1;1;Autovettura privata;Sosta;;;;;;;
5533086;19;28/07/2021 11:30:00;Strada Urbana;VIA REZZATO;in corrispondenza;;del civico n.;77;;Veicolo in marcia contro veicolo in sosta;Rettilineo;Una carreggiata a doppio senso;Asciutto;Asfaltata;Orizzontale;Sereno;Scarso;Buona;;0;0;0;0;12.3791;41.9521;-1;2;Autovettura privata;Allontanatosi;;;;;;;
5533087;9;28/07/2021 19:25:00;Strada Urbana;VIA MAGNAGRECIA;in corrispondenza;;del civico n.;117;;Scontro laterale fra veicoli in marcia;Rettilineo;Una carreggiata a doppio senso;Asciutto;Asfaltata;Verticale ed orizzontale;Sereno;Normale;Buona;;0;0;0;3;12.5082;41.8809;-1;1;Autocarro superiore 35 q.;In marcia / fermata / arresto;Conducente;M;Illeso;0;;Non accertato;Inesploso
5533087;9;28/07/2021 19:25:00;Strada Urbana;VIA MAGNAGRECIA;in corrispondenza;;del civico n.;117;;Scontro laterale fra veicoli in marcia;Rettilineo;Una carreggiata a doppio senso;Asciutto;Asfaltata;Verticale ed orizzontale;Sereno;Normale;Buona;;0;0;0;3;12.5082;41.8809;-1;2;Autovettura privata;In marcia / fermata / arresto;Conducente;F;Illeso;0;;Non accertato;Inesploso
5533087;9;28/07/2021 19:25:00;Strada Urbana;VIA MAGNAGRECIA;in corrispondenza;;del civico n.;117;;Scontro laterale fra veicoli in marcia;Rettilineo;Una carreggiata a doppio senso;Asciutto;Asfaltata;Verticale ed orizzontale;Sereno;Normale;Buona;;0;0;0;3;12.5082;41.8809;-1;3;Autovettura privata;In marcia / fermata / arresto;Conducente;M;Illeso;0;;Non accertato;Inesploso
5533091;1;27/07/2021 17:00:00;Strada Urbana;PIAZZA PASQUALE PAOLI;all'intersezione semaforizzata con;PONTE VITTORIO EMANUELE II;PONTE VITTORIO EMANUELE II;;;Scontro laterale fra veicoli in marcia;Intersezione semaforizzata;Una carreggiata a senso unico di marcia;Asciutto;Asfaltata;Verticale ed orizzontale;Sereno;Normale;Buona;;0;0;0;3;12.4649;41.9007;-1;1;Autovettura privata;In marcia / fermata / arresto;Conducente;M;Illeso;0;;Non accertato;Inesploso
5533091;1;27/07/2021 17:00:00;Strada Urbana;PIAZZA PASQUALE PAOLI;all'intersezione semaforizzata con;PONTE VITTORIO EMANUELE II;PONTE VITTORIO EMANUELE II;;;Scontro laterale fra veicoli in marcia;Intersezione semaforizzata;Una carreggiata a senso unico di marcia;Asciutto;Asfaltata;Verticale ed orizzontale;Sereno;Normale;Buona;;0;0;0;3;12.4649;41.9007;-1;1;Autovettura privata;In marcia / fermata / arresto;Passeggero;F;Illeso;0;;;
5533091;1;27/07/2021 17:00:00;Strada Urbana;PIAZZA PASQUALE PAOLI;all'intersezione semaforizzata con;PONTE VITTORIO EMANUELE II;PONTE VITTORIO EMANUELE II;;;Scontro laterale fra veicoli in marcia;Intersezione semaforizzata;Una carreggiata a senso unico di marcia;Asciutto;Asfaltata;Verticale ed orizzontale;Sereno;Normale;Buona;;0;0;0;3;12.4649;41.9007;-1;2;Autovettura privata;In marcia / fermata / arresto;Conducente;M;Illeso;0;;;
5533095;5;28/07/2021 15:05:00;Strada Urbana;VIA DI PIETRALATA;in corrispondenza;;del civico n.;270;;Tamponamento;Rettilineo;Una carreggiata a doppio senso;Asciutto;Asfaltata;Assente;Sereno;Normale;Buona;;0;0;0;4;12.5466;41.9234;-1;1;Autovettura privata;In marcia / fermata / arresto;Conducente;F;Illeso;0;;Non accertato;Inesploso
5533095;5;28/07/2021 15:05:00;Strada Urbana;VIA DI PIETRALATA;in corrispondenza;;del civico n.;270;;Tamponamento;Rettilineo;Una carreggiata a doppio senso;Asciutto;Asfaltata;Assente;Sereno;Normale;Buona;;0;0;0;4;12.5466;41.9234;-1;1;Autovettura privata;In marcia / fermata / arresto;Passeggero;M;Illeso;0;;Non accertato;Inesploso
5533095;5;28/07/2021 15:05:00;Strada Urbana;VIA DI PIETRALATA;in corrispondenza;;del civico n.;270;;Tamponamento;Rettilineo;Una carreggiata a doppio senso;Asciutto;Asfaltata;Assente;Sereno;Normale;Buona;;0;0;0;4;12.5466;41.9234;-1;1;Autovettura privata;In marcia / fermata / arresto;Passeggero;M;Illeso;0;;Non accertato;Inesploso
5533095;5;28/07/2021 15:05:00;Strada Urbana;VIA DI PIETRALATA;in corrispondenza;;del civico n.;270;;Tamponamento;Rettilineo;Una carreggiata a doppio senso;Asciutto;Asfaltata;Assente;Sereno;Normale;Buona;;0;0;0;4;12.5466;41.9234;-1;2;Autocarro inferiore 35 q.;In marcia / fermata / arresto;Conducente;M;Illeso;0;;Non accertato;Inesploso
5533101;15;28/07/2021 11:55:00;Strada Urbana;VIA PORTUENSE;in corrispondenza;;del civico n.;743;;Scontro laterale fra veicoli in marcia;Rettilineo;Una carreggiata a doppio senso;Asciutto;Asfaltata;Orizzontale;Sereno;Normale;Buona;;1;0;0;2;12.4282;41.851;-1;1;Motociclo a solo;In marcia / fermata / arresto;Conducente;M;Rimandato;0;NON DECEDUTO;;
5533101;15;28/07/2021 11:55:00;Strada Urbana;VIA PORTUENSE;in corrispondenza;;del civico n.;743;;Scontro laterale fra veicoli in marcia;Rettilineo;Una carreggiata a doppio senso;Asciutto;Asfaltata;Orizzontale;Sereno;Normale;Buona;;1;0;0;2;12.4282;41.851;-1;2;Autovettura privata;In marcia / fermata / arresto;Conducente;M;Illeso;0;;Non accertato;Inesploso
5533101;15;28/07/2021 11:55:00;Strada Urbana;VIA PORTUENSE;in corrispondenza;;del civico n.;743;;Scontro laterale fra veicoli in marcia;Rettilineo;Una carreggiata a doppio senso;Asciutto;Asfaltata;Orizzontale;Sereno;Normale;Buona;;1;0;0;2;12.4282;41.851;-1;2;Autovettura privata;In marcia / fermata / arresto;Passeggero;M;Illeso;0;;;
5533103;11;28/07/2021 18:00:00;Strada Urbana;VIA DI GROTTA PERFETTA;da specificare;;;;PALO ACEA 54;Tamponamento Multiplo;Rettilineo;Una carreggiata a doppio senso;Asciutto;Asfaltata;Orizzontale;Sereno;Normale;Buona;;0;0;0;3;12.5017;41.8405;-1;1;Autovettura privata;In marcia / fermata / arresto;Conducente;M;Illeso;0;;;
5533103;11;28/07/2021 18:00:00;Strada Urbana;VIA DI GROTTA PERFETTA;da specificare;;;;PALO ACEA 54;Tamponamento Multiplo;Rettilineo;Una carreggiata a doppio senso;Asciutto;Asfaltata;Orizzontale;Sereno;Normale;Buona;;0;0;0;3;12.5017;41.8405;-1;2;Autovettura privata;In marcia / fermata / arresto;Conducente;M;Illeso;0;;;
5533103;11;28/07/2021 18:00:00;Strada Urbana;VIA DI GROTTA PERFETTA;da specificare;;;;PALO ACEA 54;Tamponamento Multiplo;Rettilineo;Una carreggiata a doppio senso;Asciutto;Asfaltata;Orizzontale;Sereno;Normale;Buona;;0;0;0;3;12.5017;41.8405;-1;3;Autovettura privata;In marcia / fermata / arresto;Conducente;F;Illeso;0;;;
5533104;4;28/07/2021 10:15:00;Provinciale;VIA NOMENTANA;da specificare;;;;prossimit� civico 1551;Tamponamento Multiplo;Rettilineo;Una carreggiata a doppio senso;Asciutto;Asfaltata;Verticale ed orizzontale;Sereno;Normale;Buona;;0;0;0;3;12.5737;41.959;-1;1;Autovettura privata;In marcia / fermata / arresto;Conducente;M;Illeso;0;;;
5533104;4;28/07/2021 10:15:00;Provinciale;VIA NOMENTANA;da specificare;;;;prossimit� civico 1551;Tamponamento Multiplo;Rettilineo;Una carreggiata a doppio senso;Asciutto;Asfaltata;Verticale ed orizzontale;Sereno;Normale;Buona;;0;0;0;3;12.5737;41.959;-1;2;Autovettura privata;In marcia / fermata / arresto;Conducente;M;Illeso;0;;Non accertato;Inesploso
5533104;4;28/07/2021 10:15:00;Provinciale;VIA NOMENTANA;da specificare;;;;prossimit� civico 1551;Tamponamento Multiplo;Rettilineo;Una carreggiata a doppio senso;Asciutto;Asfaltata;Verticale ed orizzontale;Sereno;Normale;Buona;;0;0;0;3;12.5737;41.959;-1;3;Autovettura privata;In marcia / fermata / arresto;Conducente;M;Illeso;0;;Non accertato;Inesploso
5533111;8;28/07/2021 18:20:00;Strada Urbana;VIA BUSACHI;in prossimit�;;del civico n.;54;;Veicolo in marcia che urta buche nella carreggiata;Rettilineo;Una carreggiata a doppio senso;Asciutto;Asfaltata;Assente;Sereno;Scarso;Buona;;0;0;0;1;12.6868;41.8901;-1;1;Autocarro inferiore 35 q.;In marcia / fermata / arresto;Conducente;M;Illeso;0;;;
5533113;15;28/07/2021 09:00:00;Strada Urbana;VIA PORTUENSE;in corrispondenza;;del civico n.;667;;Veicolo in marcia contro ostacolo fisso;Pendenza;Una carreggiata a doppio senso;Asciutto;Asfaltata;Assente;Sereno;Scarso;Buona;;0;0;0;1;12.438;41.8534;-1;1;Autovettura privata;In marcia / fermata / arresto;Conducente;M;Illeso;0;;;
5533118;1;28/07/2021 18:50:00;Strada Urbana;VIA PIEMONTE;in prossimit�;;del civico n.;56;;Scontro laterale fra veicoli in marcia;Rettilineo;Una carreggiata a senso unico di marcia;Asciutto;Asfaltata;Verticale ed orizzontale;Sereno;Normale;Buona;;1;0;0;2;12.4937;41.9079;-1;1;Autovettura privata;In marcia / fermata / arresto;Conducente;M;Illeso;0;;Non accertato;Inesploso
5533118;1;28/07/2021 18:50:00;Strada Urbana;VIA PIEMONTE;in prossimit�;;del civico n.;56;;Scontro laterale fra veicoli in marcia;Rettilineo;Una carreggiata a senso unico di marcia;Asciutto;Asfaltata;Verticale ed orizzontale;Sereno;Normale;Buona;;1;0;0;2;12.4937;41.9079;-1;1;Autovettura privata;In marcia / fermata / arresto;Passeggero;F;Illeso;0;;Non accertato;Inesploso
5533118;1;28/07/2021 18:50:00;Strada Urbana;VIA PIEMONTE;in prossimit�;;del civico n.;56;;Scontro laterale fra veicoli in marcia;Rettilineo;Una carreggiata a senso unico di marcia;Asciutto;Asfaltata;Verticale ed orizzontale;Sereno;Normale;Buona;;1;0;0;2;12.4937;41.9079;-1;2;Motociclo a solo;In marcia / fermata / arresto;Conducente;M;Rimandato;0;NON DECEDUTO;Non accertato;
5533119;13;28/07/2021 07:30:00;Strada Urbana;VIA DEI PESCATORI;all'intersezione con;VIA MAR DEI CORALLI;VIA MAR DEI CORALLI;;;Scontro frontale/laterale DX fra veicoli in marcia;Intersezione stradale segnalata;Una carreggiata a doppio senso;Asciutto;Asfaltata;Verticale ed orizzontale;Sereno;Normale;Buona;;0;0;0;2;12.3046;41.7275;-1;1;Autovettura privata;In marcia / fermata / arresto;Conducente;M;Illeso;0;;Non accertato;Inesploso
5533119;13;28/07/2021 07:30:00;Strada Urbana;VIA DEI PESCATORI;all'intersezione con;VIA MAR DEI CORALLI;VIA MAR DEI CORALLI;;;Scontro frontale/laterale DX fra veicoli in marcia;Intersezione stradale segnalata;Una carreggiata a doppio senso;Asciutto;Asfaltata;Verticale ed orizzontale;Sereno;Normale;Buona;;0;0;0;2;12.3046;41.7275;-1;2;Autovettura privata;In marcia / fermata / arresto;Conducente;F;Illeso;0;;Non accertato;Inesploso
5533121;6;28/07/2021 15:30:00;Strada Urbana;VIA PISINO;da specificare;;;;FRONTE CIVICO 99;Veicolo in marcia contro veicoli in sosta;Rettilineo;Una carreggiata a doppio senso;Asciutto;Asfaltata;Verticale ed orizzontale;Sereno;Scarso;Buona;;0;0;0;1;12.5573;41.898;-1;1;Autocarro inferiore 35 q.;In marcia / fermata / arresto;Conducente;M;Illeso;0;;Non accertato;Inesploso
5533121;6;28/07/2021 15:30:00;Strada Urbana;VIA PISINO;da specificare;;;;FRONTE CIVICO 99;Veicolo in marcia contro veicoli in sosta;Rettilineo;Una carreggiata a doppio senso;Asciutto;Asfaltata;Verticale ed orizzontale;Sereno;Scarso;Buona;;0;0;0;1;12.5573;41.898;-1;2;Autovettura privata;Sosta;;;;;;;
5533121;6;28/07/2021 15:30:00;Strada Urbana;VIA PISINO;da specificare;;;;FRONTE CIVICO 99;Veicolo in marcia contro veicoli in sosta;Rettilineo;Una carreggiata a doppio senso;Asciutto;Asfaltata;Verticale ed orizzontale;Sereno;Scarso;Buona;;0;0;0;1;12.5573;41.898;-1;3;Autovettura privata;Sosta;;;;;;;
5533121;6;28/07/2021 15:30:00;Strada Urbana;VIA PISINO;da specificare;;;;FRONTE CIVICO 99;Veicolo in marcia contro veicoli in sosta;Rettilineo;Una carreggiata a doppio senso;Asciutto;Asfaltata;Verticale ed orizzontale;Sereno;Scarso;Buona;;0;0;0;1;12.5573;41.898;-1;4;Autovettura privata;Sosta;;;;;;;
5533124;1;28/07/2021 21:40:00;Strada Urbana;VIALE AVENTINO;in prossimit�;;del civico n.;9;;Veicolo in marcia contro ostacolo accidentale;Rettilineo;Una carreggiata a senso unico di marcia;Viscido da liquidi oleosi;In cubetti di porfido;Verticale ed orizzontale;Sereno;Normale;Buona;;0;0;0;0;12.4868;41.8827;0;1;Motociclo a solo;In marcia / fermata / arresto;Conducente;;Illeso;0;;;
5533129;5;28/07/2021 16:30:00;Strada Urbana;VIA FURIO CICOGNA;da specificare;;;;PROSS. AREA PARCHEGGIO;Tamponamento;Curva a visuale libera;Una carreggiata a doppio senso;Asciutto;Asfaltata;Orizzontale;Sereno;Normale;Buona;;0;0;0;2;12.5655;41.9249;-1;1;Autocarro inferiore 35 q.;In marcia / fermata / arresto;Conducente;M;Illeso;0;;Non accertato;Inesploso
5533129;5;28/07/2021 16:30:00;Strada Urbana;VIA FURIO CICOGNA;da specificare;;;;PROSS. AREA PARCHEGGIO;Tamponamento;Curva a visuale libera;Una carreggiata a doppio senso;Asciutto;Asfaltata;Orizzontale;Sereno;Normale;Buona;;0;0;0;2;12.5655;41.9249;-1;2;Autovettura privata;In marcia / fermata / arresto;Conducente;F;Illeso;0;;Non accertato;Inesploso
5533152;15;28/07/2021 17:00:00;Strada Urbana;VIA BELFORTE MONFERRATO;all'intersezione con;VIA MONTEMARZINO;VIA MONTEMARZINO;;;Scontro frontale/laterale DX fra veicoli in marcia;Intersezione non regolata/non segnalata;Una carreggiata a doppio senso;Asciutto;Asfaltata;Orizzontale;Sereno;Scarso;Buona;;1;0;0;1;12.3145;41.8243;-1;1;Autovettura privata;In marcia / fermata / arresto;Conducente;M;Illeso;0;;Non accertato;Inesploso
5533152;15;28/07/2021 17:00:00;Strada Urbana;VIA BELFORTE MONFERRATO;all'intersezione con;VIA MONTEMARZINO;VIA MONTEMARZINO;;;Scontro frontale/laterale DX fra veicoli in marcia;Intersezione non regolata/non segnalata;Una carreggiata a doppio senso;Asciutto;Asfaltata;Orizzontale;Sereno;Scarso;Buona;;1;0;0;1;12.3145;41.8243;-1;2;Autovettura privata;In marcia / fermata / arresto;Conducente;M;Rimandato;0;NON DECEDUTO;;Esploso
5533161;15;28/07/2021 23:50:00;Strada Urbana;VIALE VENTIMIGLIA;all'intersezione con;VIA SARZANA;VIA SARZANA;;;Scontro frontale/laterale SX fra veicoli in marcia;Incrocio;Una carreggiata a doppio senso;Asciutto;Asfaltata;Verticale ed orizzontale;Sereno;Scarso;Insufficiente;;0;0;0;2;12.4384;41.8409;-1;1;Autovettura privata;In marcia / fermata / arresto;Conducente;M;Illeso;0;;;
5533161;15;28/07/2021 23:50:00;Strada Urbana;VIALE VENTIMIGLIA;all'intersezione con;VIA SARZANA;VIA SARZANA;;;Scontro frontale/laterale SX fra veicoli in marcia;Incrocio;Una carreggiata a doppio senso;Asciutto;Asfaltata;Verticale ed orizzontale;Sereno;Scarso;Insufficiente;;0;0;0;2;12.4384;41.8409;-1;2;Autovettura privata;In marcia / fermata / arresto;Conducente;F;Illeso;0;;;