Protocollo;Gruppo;DataOraIncidente;Localizzazione1;STRADA1;Localizzazione2;STRADA2;Strada02;Chilometrica;DaSpecificare;NaturaIncidente;particolaritastrade;TipoStrada;FondoStradale;Pavimentazione;Segnaletica;CondizioneAtmosferica;Traffico;Visibilita;Illuminazione;NUM_FERITI;NUM_RISERVATA;NUM_MORTI;NUM_ILLESI;Longitudine;Latitudine;Confermato;Progressivo;TipoVeicolo;StatoVeicolo;TipoPersona;Sesso;Tipolesione;Deceduto;DecedutoDopo;CinturaCascoUtilizzato;Airbag;
5536975;8;31/07/2021 08:40:00;Strada Urbana;VIA DEL FOSSO DI S. MAURA;all'intersezione semaforizzata con;VIALE ANTONIO CIAMARRA;VIALE ANTONIO CIAMARRA;;;Scontro frontale/laterale DX fra veicoli in marcia;Intersezione semaforizzata;Due carreggiate;Asciutto;Asfaltata;Verticale ed orizzontale;Sereno;Normale;Buona;;1;0;0;3;12.5947;41.8579;-1;1;Autovettura privata;In marcia / fermata / arresto;Conducente;M;Illeso;0;;Non accertato;Inesploso
5536975;8;31/07/2021 08:40:00;Strada Urbana;VIA DEL FOSSO DI S. MAURA;all'intersezione semaforizzata con;VIALE ANTONIO CIAMARRA;VIALE ANTONIO CIAMARRA;;;Scontro frontale/laterale DX fra veicoli in marcia;Intersezione semaforizzata;Due carreggiate;Asciutto;Asfaltata;Verticale ed orizzontale;Sereno;Normale;Buona;;1;0;0;3;12.5947;41.8579;-1;1;Autovettura privata;In marcia / fermata / arresto;Passeggero;M;Illeso;0;;;
5536975;8;31/07/2021 08:40:00;Strada Urbana;VIA DEL FOSSO DI S. MAURA;all'intersezione semaforizzata con;VIALE ANTONIO CIAMARRA;VIALE ANTONIO CIAMARRA;;;Scontro frontale/laterale DX fra veicoli in marcia;Intersezione semaforizzata;Due carreggiate;Asciutto;Asfaltata;Verticale ed orizzontale;Sereno;Normale;Buona;;1;0;0;3;12.5947;41.8579;-1;1;Autovettura privata;In marcia / fermata / arresto;Passeggero;F;Illeso;0;;Non accertato;
5536975;8;31/07/2021 08:40:00;Strada Urbana;VIA DEL FOSSO DI S. MAURA;all'intersezione semaforizzata con;VIALE ANTONIO CIAMARRA;VIALE ANTONIO CIAMARRA;;;Scontro frontale/laterale DX fra veicoli in marcia;Intersezione semaforizzata;Due carreggiate;Asciutto;Asfaltata;Verticale ed orizzontale;Sereno;Normale;Buona;;1;0;0;3;12.5947;41.8579;-1;2;Motociclo a solo;In marcia / fermata / arresto;Conducente;M;Rimandato;0;NON DECEDUTO;Non accertato;
5536976;8;31/07/2021 10:30:00;Provinciale;VIA PRENESTINA;da specificare;;;;poco dopo confine con comune di Montecompatri;Tamponamento Multiplo;Rettilineo;Una carreggiata a doppio senso;Asciutto;Asfaltata;Verticale;Sereno;Normale;Buona;;1;0;0;3;12.6155;41.8933;-1;1;Autovettura privata;In marcia / fermata / arresto;Conducente;M;Illeso;0;;Non accertato;Inesploso
5536976;8;31/07/2021 10:30:00;Provinciale;VIA PRENESTINA;da specificare;;;;poco dopo confine con comune di Montecompatri;Tamponamento Multiplo;Rettilineo;Una carreggiata a doppio senso;Asciutto;Asfaltata;Verticale;Sereno;Normale;Buona;;1;0;0;3;12.6155;41.8933;-1;1;Autovettura privata;In marcia / fermata / arresto;Passeggero;F;Illeso;0;;Non accertato;Inesploso
5536976;8;31/07/2021 10:30:00;Provinciale;VIA PRENESTINA;da specificare;;;;poco dopo confine con comune di Montecompatri;Tamponamento Multiplo;Rettilineo;Una carreggiata a doppio senso;Asciutto;Asfaltata;Verticale;Sereno;Normale;Buona;;1;0;0;3;12.6155;41.8933;-1;2;Autovettura privata;In marcia / fermata / arresto;Conducente;M;Rimandato;0;NON DECEDUTO;Non accertato;Inesploso
5536976;8;31/07/2021 10:30:00;Provinciale;VIA PRENESTINA;da specificare;;;;poco dopo confine con comune di Montecompatri;Tamponamento Multiplo;Rettilineo;Una carreggiata a doppio senso;Asciutto;Asfaltata;Verticale;Sereno;Normale;Buona;;1;0;0;3;12.6155;41.8933;-1;3;Autovettura privata;In marcia / fermata / arresto;Conducente;M;Illeso;0;;Non accertato;Inesploso
5536978;8;31/07/2021 12:10:00;Strada Urbana;VIA PRENESTINA;all'intersezione con;VIA POMIGLIANO D'ARCO;VIA POMIGLIANO D'ARCO;;;Scontro frontale/laterale DX fra veicoli in marcia;Incrocio;Una carreggiata a doppio senso;Asciutto;Asfaltata;Verticale ed orizzontale;Sereno;Normale;Buona;;0;0;0;2;12.6478;41.8921;-1;1;Autovettura privata;In marcia / fermata / arresto;Conducente;M;Illeso;0;;Non accertato;Inesploso
5536978;8;31/07/2021 12:10:00;Strada Urbana;VIA PRENESTINA;all'intersezione con;VIA POMIGLIANO D'ARCO;VIA POMIGLIANO D'ARCO;;;Scontro frontale/laterale DX fra veicoli in marcia;Incrocio;Una carreggiata a doppio senso;Asciutto;Asfaltata;Verticale ed orizzontale;Sereno;Normale;Buona;;0;0;0;2;12.6478;41.8921;-1;2;Autovettura privata;In marcia / fermata / arresto;Conducente;M;Illeso;0;;Non accertato;Inesploso
5536979;8;31/07/2021 13:00:00;Strada Urbana;VIA DI TORRENOVA;in corrispondenza;;del civico n.;219;;Investimento di pedone;Rettilineo;Una carreggiata a doppio senso;Asciutto;Asfaltata;Verticale ed orizzontale;Sereno;Normale;Buona;;1;0;0;1;12.6185;41.8776;-1;;;;Pedone;M;Ricoverato;0;NON DECEDUTO;;
5536979;8;31/07/2021 13:00:00;Strada Urbana;VIA DI TORRENOVA;in corrispondenza;;del civico n.;219;;Investimento di pedone;Rettilineo;Una carreggiata a doppio senso;Asciutto;Asfaltata;Verticale ed orizzontale;Sereno;Normale;Buona;;1;0;0;1;12.6185;41.8776;-1;1;Autovettura privata;In marcia / fermata / arresto;Conducente;M;Illeso;0;;Non accertato;Inesploso
5536980;8;31/07/2021 15:50:00;Strada Urbana;VIA DEL TORRACCIO DI TORRENOVA;all'intersezione con;VIA CRISTOFANO ROBETTA;VIA CRISTOFANO ROBETTA;;;Scontro frontale/laterale SX fra veicoli in marcia;Incrocio;Una carreggiata a doppio senso;Asciutto;Asfaltata;Verticale;Sereno;Scarso;Buona;;1;0;0;1;12.6275;41.867;-1;1;Autovettura privata;In marcia / fermata / arresto;Conducente;F;Rifiuta cure immediate;0;NON DECEDUTO;Non accertato;Inesploso
5536980;8;31/07/2021 15:50:00;Strada Urbana;VIA DEL TORRACCIO DI TORRENOVA;all'intersezione con;VIA CRISTOFANO ROBETTA;VIA CRISTOFANO ROBETTA;;;Scontro frontale/laterale SX fra veicoli in marcia;Incrocio;Una carreggiata a doppio senso;Asciutto;Asfaltata;Verticale;Sereno;Scarso;Buona;;1;0;0;1;12.6275;41.867;-1;2;Autovettura privata;In marcia / fermata / arresto;Conducente;M;Illeso;0;;Non accertato;Inesploso
5536982;8;31/07/2021 17:00:00;Statale entro l'abitato;VIA CASILINA;all'intersezione con;VIA DEL PONTE DELLA CATENA;VIA DEL PONTE DELLA CATENA;;;Scontro frontale/laterale SX fra veicoli in marcia;Intersezione stradale segnalata;Una carreggiata a doppio senso;Asciutto;Asfaltata;Verticale ed orizzontale;Sereno;Normale;Buona;;1;0;0;1;12.6557;41.8643;-1;1;Motociclo a solo;In marcia / fermata / arresto;Conducente;M;Rimandato;0;NON DECEDUTO;Non accertato;
5536982;8;31/07/2021 17:00:00;Statale entro l'abitato;VIA CASILINA;all'intersezione con;VIA DEL PONTE DELLA CATENA;VIA DEL PONTE DELLA CATENA;;;Scontro frontale/laterale SX fra veicoli in marcia;Intersezione stradale segnalata;Una carreggiata a doppio senso;Asciutto;Asfaltata;Verticale ed orizzontale;Sereno;Normale;Buona;;1;0;0;1;12.6557;41.8643;-1;2;Autovettura privata;In marcia / fermata / arresto;Conducente;M;Illeso;0;;Non accertato;Inesploso
5536989;8;31/07/2021 18:00:00;Strada Urbana;VIA BORGHESIANA;in corrispondenza;;del civico n.;351;;Tamponamento;Rettilineo;Una carreggiata a doppio senso;Asciutto;Asfaltata;Verticale ed orizzontale;Sereno;Intenso;Buona;;1;0;0;0;12.6757;41.8648;-1;1;Autovettura privata;In marcia / fermata / arresto;Conducente;M;Rifiuta cure immediate;0;NON DECEDUTO;Non accertato;Inesploso
5536989;8;31/07/2021 18:00:00;Strada Urbana;VIA BORGHESIANA;in corrispondenza;;del civico n.;351;;Tamponamento;Rettilineo;Una carreggiata a doppio senso;Asciutto;Asfaltata;Verticale ed orizzontale;Sereno;Intenso;Buona;;1;0;0;0;12.6757;41.8648;-1;2;Autovettura privata;In marcia / fermata / arresto;;;;;;;
5536992;8;31/07/2021 19:50:00;Strada Urbana;VIA DI TOR VERGATA;in prossimit�;;del civico n.;165;;Tamponamento Multiplo;Rettilineo;Una carreggiata a senso unico di marcia;Asciutto;Asfaltata;Verticale ed orizzontale;Sereno;Normale;Buona;;0;0;0;3;12.6255;41.8502;-1;1;Autovettura privata;In marcia / fermata / arresto;Conducente;M;Illeso;0;;;Inesploso
5536992;8;31/07/2021 19:50:00;Strada Urbana;VIA DI TOR VERGATA;in prossimit�;;del civico n.;165;;Tamponamento Multiplo;Rettilineo;Una carreggiata a senso unico di marcia;Asciutto;Asfaltata;Verticale ed orizzontale;Sereno;Normale;Buona;;0;0;0;3;12.6255;41.8502;-1;2;Autovettura privata;In marcia / fermata / arresto;Conducente;M;Illeso;0;;Non accertato;Inesploso
5536992;8;31/07/2021 19:50:00;Strada Urbana;VIA DI TOR VERGATA;in prossimit�;;del civico n.;165;;Tamponamento Multiplo;Rettilineo;Una carreggiata a senso unico di marcia;Asciutto;Asfaltata;Verticale ed orizzontale;Sereno;Normale;Buona;;0;0;0;3;12.6255;41.8502;-1;3;Autovettura privata;In marcia / fermata / arresto;Conducente;M;Illeso;0;;Non accertato;Inesploso
5536999;1;31/07/2021 12:00:00;Strada Urbana;VIA TORINO;in corrispondenza;;del civico n.;136;;Infortunio per sola frenata improvvisa;Rettilineo;Una carreggiata a senso unico di marcia;Asciutto;Asfaltata;Verticale ed orizzontale;Sereno;Scarso;Buona;;1;0;0;0;;;0;1;Motociclo a solo;In marcia / fermata / arresto;Conducente;M;Rifiuta cure immediate;0;NON DECEDUTO;;
5536999;1;31/07/2021 12:00:00;Strada Urbana;VIA TORINO;in corrispondenza;;del civico n.;136;;Infortunio per sola frenata improvvisa;Rettilineo;Una carreggiata a senso unico di marcia;Asciutto;Asfaltata;Verticale ed orizzontale;Sereno;Scarso;Buona;;1;0;0;0;;;0;2;Autovettura privata;Allontanatosi;;;;;;;
5537018;1;31/07/2021 11:05:00;Strada Urbana;VIA DELL'AMBA ARADAM;da specificare;;;;altezza fronte via dei Laterani;Tamponamento Multiplo;Rettilineo;Una carreggiata a doppio senso;Asciutto;Asfaltata;Verticale ed orizzontale;Sereno;Normale;Buona;;0;0;0;5;12.5029;41.8857;-1;1;Autovettura privata;In marcia / fermata / arresto;Conducente;M;Illeso;0;;Non accertato;Inesploso
5537018;1;31/07/2021 11:05:00;Strada Urbana;VIA DELL'AMBA ARADAM;da specificare;;;;altezza fronte via dei Laterani;Tamponamento Multiplo;Rettilineo;Una carreggiata a doppio senso;Asciutto;Asfaltata;Verticale ed orizzontale;Sereno;Normale;Buona;;0;0;0;5;12.5029;41.8857;-1;1;Autovettura privata;In marcia / fermata / arresto;Passeggero;F;Illeso;0;;Non accertato;Inesploso
5537018;1;31/07/2021 11:05:00;Strada Urbana;VIA DELL'AMBA ARADAM;da specificare;;;;altezza fronte via dei Laterani;Tamponamento Multiplo;Rettilineo;Una carreggiata a doppio senso;Asciutto;Asfaltata;Verticale ed orizzontale;Sereno;Normale;Buona;;0;0;0;5;12.5029;41.8857;-1;2;Autovettura privata;In marcia / fermata / arresto;Conducente;F;Illeso;0;;Non accertato;Inesploso
5537018;1;31/07/2021 11:05:00;Strada Urbana;VIA DELL'AMBA ARADAM;da specificare;;;;altezza fronte via dei Laterani;Tamponamento Multiplo;Rettilineo;Una carreggiata a doppio senso;Asciutto;Asfaltata;Verticale ed orizzontale;Sereno;Normale;Buona;;0;0;0;5;12.5029;41.8857;-1;3;Autovettura privata;In marcia / fermata / arresto;Conducente;F;Illeso;0;;Non accertato;Inesploso
5537018;1;31/07/2021 11:05:00;Strada Urbana;VIA DELL'AMBA ARADAM;da specificare;;;;altezza fronte via dei Laterani;Tamponamento Multiplo;Rettilineo;Una carreggiata a doppio senso;Asciutto;Asfaltata;Verticale ed orizzontale;Sereno;Normale;Buona;;0;0;0;5;12.5029;41.8857;-1;3;Autovettura privata;In marcia / fermata / arresto;Passeggero;M;Illeso;0;;Non accertato;Inesploso
5537044;1;31/07/2021 18:00:00;Strada Urbana;LARGO DI S. SUSANNA;in prossimit�;;del civico n.;13;;Scontro laterale fra veicoli in marcia;Rettilineo;Una carreggiata a senso unico di marcia;Asciutto;Asfaltata;Verticale ed orizzontale;Sereno;Scarso;Buona;;2;0;0;1;12.4937;41.9049;-1;1;Autovettura privata;In marcia / fermata / arresto;Conducente;M;Illeso;0;;;
5537044;1;31/07/2021 18:00:00;Strada Urbana;LARGO DI S. SUSANNA;in prossimit�;;del civico n.;13;;Scontro laterale fra veicoli in marcia;Rettilineo;Una carreggiata a senso unico di marcia;Asciutto;Asfaltata;Verticale ed orizzontale;Sereno;Scarso;Buona;;2;0;0;1;12.4937;41.9049;-1;2;Motociclo con passeggero;In marcia / fermata / arresto;Conducente;M;Rimandato;0;NON DECEDUTO;;
5537044;1;31/07/2021 18:00:00;Strada Urbana;LARGO DI S. SUSANNA;in prossimit�;;del civico n.;13;;Scontro laterale fra veicoli in marcia;Rettilineo;Una carreggiata a senso unico di marcia;Asciutto;Asfaltata;Verticale ed orizzontale;Sereno;Scarso;Buona;;2;0;0;1;12.4937;41.9049;-1;2;Motociclo con passeggero;In marcia / fermata / arresto;Passeggero;F;Rimandato;0;NON DECEDUTO;;
5537062;1;31/07/2021 14:40:00;Strada Urbana;VIA MARSALA;in corrispondenza;;del civico n.;22;;Tamponamento;Rettilineo;Una carreggiata a senso unico di marcia;Asciutto;Asfaltata;Verticale ed orizzontale;Sereno;Normale;Buona;;0;0;0;3;12.5014;41.9031;-1;1;Autovettura privata;In marcia / fermata / arresto;Conducente;M;Illeso;0;;Non accertato;Inesploso
5537062;1;31/07/2021 14:40:00;Strada Urbana;VIA MARSALA;in corrispondenza;;del civico n.;22;;Tamponamento;Rettilineo;Una carreggiata a senso unico di marcia;Asciutto;Asfaltata;Verticale ed orizzontale;Sereno;Normale;Buona;;0;0;0;3;12.5014;41.9031;-1;1;Autovettura privata;In marcia / fermata / arresto;Passeggero;F;Illeso;0;;Non accertato;Inesploso
5537062;1;31/07/2021 14:40:00;Strada Urbana;VIA MARSALA;in corrispondenza;;del civico n.;22;;Tamponamento;Rettilineo;Una carreggiata a senso unico di marcia;Asciutto;Asfaltata;Verticale ed orizzontale;Sereno;Normale;Buona;;0;0;0;3;12.5014;41.9031;-1;2;Autovettura pubblica;In marcia / fermata / arresto;Conducente;M;Illeso;0;;Non accertato;Inesploso
5537090;1;31/07/2021 11:00:00;Strada Urbana;VIA VENTI SETTEMBRE;da specificare;;;;in corrispondeza dell'intersezione con via Firenze;Scontro laterale fra veicoli in marcia;Rettilineo;Una carreggiata a doppio senso;Asciutto;In cubetti di porfido;Verticale ed orizzontale;Sereno;Normale;Buona;;0;0;0;5;12.496;41.9056;-1;1;Autovettura privata;In marcia / fermata / arresto;Conducente;M;Illeso;0;;;
5537090;1;31/07/2021 11:00:00;Strada Urbana;VIA VENTI SETTEMBRE;da specificare;;;;in corrispondeza dell'intersezione con via Firenze;Scontro laterale fra veicoli in marcia;Rettilineo;Una carreggiata a doppio senso;Asciutto;In cubetti di porfido;Verticale ed orizzontale;Sereno;Normale;Buona;;0;0;0;5;12.496;41.9056;-1;1;Autovettura privata;In marcia / fermata / arresto;Passeggero;F;Illeso;0;;;
5537090;1;31/07/2021 11:00:00;Strada Urbana;VIA VENTI SETTEMBRE;da specificare;;;;in corrispondeza dell'intersezione con via Firenze;Scontro laterale fra veicoli in marcia;Rettilineo;Una carreggiata a doppio senso;Asciutto;In cubetti di porfido;Verticale ed orizzontale;Sereno;Normale;Buona;;0;0;0;5;12.496;41.9056;-1;1;Autovettura privata;In marcia / fermata / arresto;Passeggero;F;Illeso;0;;;
5537090;1;31/07/2021 11:00:00;Strada Urbana;VIA VENTI SETTEMBRE;da specificare;;;;in corrispondeza dell'intersezione con via Firenze;Scontro laterale fra veicoli in marcia;Rettilineo;Una carreggiata a doppio senso;Asciutto;In cubetti di porfido;Verticale ed orizzontale;Sereno;Normale;Buona;;0;0;0;5;12.496;41.9056;-1;1;Autovettura privata;In marcia / fermata / arresto;Passeggero;M;Illeso;0;;;
5537090;1;31/07/2021 11:00:00;Strada Urbana;VIA VENTI SETTEMBRE;da specificare;;;;in corrispondeza dell'intersezione con via Firenze;Scontro laterale fra veicoli in marcia;Rettilineo;Una carreggiata a doppio senso;Asciutto;In cubetti di porfido;Verticale ed orizzontale;Sereno;Normale;Buona;;0;0;0;5;12.496;41.9056;-1;2;Autocarro inferiore 35 q.;In marcia / fermata / arresto;Conducente;M;Illeso;0;;;
5537112;1;31/07/2021 19:00:00;Strada Urbana;VIA LABICANA;all'intersezione semaforizzata con;VIA TOMMASO GROSSI;VIA TOMMASO GROSSI;;;Scontro frontale/laterale DX fra veicoli in marcia;Intersezione semaforizzata;Due carreggiate;Asciutto;Asfaltata;Verticale ed orizzontale;Sereno;Normale;Buona;;0;0;0;3;12.4984;41.8899;-1;1;Autovettura privata;In marcia / fermata / arresto;Conducente;M;Illeso;0;;Non accertato;Inesploso
5537112;1;31/07/2021 19:00:00;Strada Urbana;VIA LABICANA;all'intersezione semaforizzata con;VIA TOMMASO GROSSI;VIA TOMMASO GROSSI;;;Scontro frontale/laterale DX fra veicoli in marcia;Intersezione semaforizzata;Due carreggiate;Asciutto;Asfaltata;Verticale ed orizzontale;Sereno;Normale;Buona;;0;0;0;3;12.4984;41.8899;-1;2;Motociclo con passeggero;In marcia / fermata / arresto;Conducente;M;Illeso;0;;Non accertato;
5537112;1;31/07/2021 19:00:00;Strada Urbana;VIA LABICANA;all'intersezione semaforizzata con;VIA TOMMASO GROSSI;VIA TOMMASO GROSSI;;;Scontro frontale/laterale DX fra veicoli in marcia;Intersezione semaforizzata;Due carreggiate;Asciutto;Asfaltata;Verticale ed orizzontale;Sereno;Normale;Buona;;0;0;0;3;12.4984;41.8899;-1;2;Motociclo con passeggero;In marcia / fermata / arresto;Passeggero;M;Illeso;0;;Non accertato;
5537169;19;31/07/2021 12:45:00;Strada Urbana;VIA AUGUSTO CONTI;all'intersezione con;VIA GIOVITA RAVIZZA;VIA GIOVITA RAVIZZA;;;Scontro frontale fra veicoli in marcia;Incrocio;Una carreggiata a doppio senso;Asciutto;Asfaltata;Verticale;Sereno;Scarso;Buona;;0;0;0;2;12.4253;41.9471;-1;1;Autovettura privata;In marcia / fermata / arresto;Conducente;M;Illeso;0;;Non accertato;Inesploso
5537169;19;31/07/2021 12:45:00;Strada Urbana;VIA AUGUSTO CONTI;all'intersezione con;VIA GIOVITA RAVIZZA;VIA GIOVITA RAVIZZA;;;Scontro frontale fra veicoli in marcia;Incrocio;Una carreggiata a doppio senso;Asciutto;Asfaltata;Verticale;Sereno;Scarso;Buona;;0;0;0;2;12.4253;41.9471;-1;2;Autovettura privata;In marcia / fermata / arresto;Conducente;M;Illeso;0;;Non accertato;Inesploso
5537178;19;31/07/2021 12:50:00;Strada Urbana;VIA LUZZANA;all'intersezione con;VIA BRUMANO;VIA BRUMANO;;;Investimento di pedone;Incrocio;Una carreggiata a doppio senso;Asciutto;Asfaltata;Verticale ed orizzontale;Sereno;Scarso;Buona;;1;0;0;1;12.3832;41.9435;-1;;;;Pedone;F;Rimandato;0;NON DECEDUTO;;
5537178;19;31/07/2021 12:50:00;Strada Urbana;VIA LUZZANA;all'intersezione con;VIA BRUMANO;VIA BRUMANO;;;Investimento di pedone;Incrocio;Una carreggiata a doppio senso;Asciutto;Asfaltata;Verticale ed orizzontale;Sereno;Scarso;Buona;;1;0;0;1;12.3832;41.9435;-1;1;Autovettura privata;In marcia / fermata / arresto;Conducente;M;Illeso;0;;Non accertato;Inesploso
5537187;6;31/07/2021 21:30:00;Strada Urbana;VIA COLLATINA;in corrispondenza;;del civico n.;Fronte 5;;Veicolo in marcia contro veicolo in sosta;Rettilineo;Una carreggiata a doppio senso;Asciutto;Asfaltata;Verticale ed orizzontale;Sereno;Scarso;Buona;;0;0;0;0;12.5629;41.8954;-1;2;Motociclo a solo;Sosta;;;;;;;
5537286;10;31/07/2021 14:45:00;Strada Urbana;VICOLO ANAGNINO;all'intersezione con;VIA DEL FOSSO DI S. ANDREA;VIA DEL FOSSO DI S. ANDREA;;;Scontro frontale fra veicoli in marcia;Incrocio;Una carreggiata a doppio senso;Asciutto;Asfaltata;Verticale ed orizzontale;Sereno;Normale;Buona;;0;0;0;3;12.6295;41.8126;-1;1;Autovettura privata;In marcia / fermata / arresto;Conducente;M;Illeso;0;;Non accertato;Inesploso
5537286;10;31/07/2021 14:45:00;Strada Urbana;VICOLO ANAGNINO;all'intersezione con;VIA DEL FOSSO DI S. ANDREA;VIA DEL FOSSO DI S. ANDREA;;;Scontro frontale fra veicoli in marcia;Incrocio;Una carreggiata a doppio senso;Asciutto;Asfaltata;Verticale ed orizzontale;Sereno;Normale;Buona;;0;0;0;3;12.6295;41.8126;-1;1;Autovettura privata;In marcia / fermata / arresto;Passeggero;F;Illeso;0;;Non accertato;Inesploso
5537286;10;31/07/2021 14:45:00;Strada Urbana;VICOLO ANAGNINO;all'intersezione con;VIA DEL FOSSO DI S. ANDREA;VIA DEL FOSSO DI S. ANDREA;;;Scontro frontale fra veicoli in marcia;Incrocio;Una carreggiata a doppio senso;Asciutto;Asfaltata;Verticale ed orizzontale;Sereno;Normale;Buona;;0;0;0;3;12.6295;41.8126;-1;2;Autovettura privata;In marcia / fermata / arresto;Conducente;F;Illeso;0;;Non accertato;Inesploso
5537303;23;31/07/2021 10:15:00;Strada Urbana;VIA AUGUSTO CONTI;in prossimit�;;del civico n.;30/b;;Veicolo in marcia contro veicolo in sosta;Rettilineo;Una carreggiata a senso unico di marcia;Asciutto;Asfaltata;Assente;Sereno;Normale;Buona;;1;0;0;2;12.4247;41.9459;-1;1;Autovettura privata;In marcia / fermata / arresto;Conducente;M;Ricoverato;0;NON DECEDUTO;Non accertato;Inesistente
5537303;23;31/07/2021 10:15:00;Strada Urbana;VIA AUGUSTO CONTI;in prossimit�;;del civico n.;30/b;;Veicolo in marcia contro veicolo in sosta;Rettilineo;Una carreggiata a senso unico di marcia;Asciutto;Asfaltata;Assente;Sereno;Normale;Buona;;1;0;0;2;12.4247;41.9459;-1;1;Autovettura privata;In marcia / fermata / arresto;Passeggero;F;Illeso;0;;Utilizzato;Inesploso
5537303;23;31/07/2021 10:15:00;Strada Urbana;VIA AUGUSTO CONTI;in prossimit�;;del civico n.;30/b;;Veicolo in marcia contro veicolo in sosta;Rettilineo;Una carreggiata a senso unico di marcia;Asciutto;Asfaltata;Assente;Sereno;Normale;Buona;;1;0;0;2;12.4247;41.9459;-1;1;Autovettura privata;In marcia / fermata / arresto;Passeggero;F;Illeso;0;;Utilizzato;Inesploso
5537303;23;31/07/2021 10:15:00;Strada Urbana;VIA AUGUSTO CONTI;in prossimit�;;del civico n.;30/b;;Veicolo in marcia contro veicolo in sosta;Rettilineo;Una carreggiata a senso unico di marcia;Asciutto;Asfaltata;Assente;Sereno;Normale;Buona;;1;0;0;2;12.4247;41.9459;-1;2;Autovettura privata;Sosta;;;;;;;
5537303;23;31/07/2021 10:15:00;Strada Urbana;VIA AUGUSTO CONTI;in prossimit�;;del civico n.;30/b;;Veicolo in marcia contro veicolo in sosta;Rettilineo;Una carreggiata a senso unico di marcia;Asciutto;Asfaltata;Assente;Sereno;Normale;Buona;;1;0;0;2;12.4247;41.9459;-1;3;Autocarro inferiore 35 q.;Sosta;;;;;;;
5537303;23;31/07/2021 10:15:00;Strada Urbana;VIA AUGUSTO CONTI;in prossimit�;;del civico n.;30/b;;Veicolo in marcia contro veicolo in sosta;Rettilineo;Una carreggiata a senso unico di marcia;Asciutto;Asfaltata;Assente;Sereno;Normale;Buona;;1;0;0;2;12.4247;41.9459;-1;4;Autovettura privata;Sosta;;;;;;;
5537633;11;31/07/2021 16:40:00;Strada Urbana;VIALE GUGLIELMO MASSAIA;all'intersezione con;PIAZZA GEREMIA BONOMELLI;PIAZZA GEREMIA BONOMELLI;;;Scontro frontale/laterale SX fra veicoli in marcia;Incrocio;Una carreggiata a doppio senso;Asciutto;Asfaltata;Verticale ed orizzontale;Sereno;Scarso;Buona;;2;0;0;2;12.4918;41.8648;-1;1;Autovettura privata;In marcia / fermata / arresto;Conducente;M;Illeso;0;;Non accertato;
5537633;11;31/07/2021 16:40:00;Strada Urbana;VIALE GUGLIELMO MASSAIA;all'intersezione con;PIAZZA GEREMIA BONOMELLI;PIAZZA GEREMIA BONOMELLI;;;Scontro frontale/laterale SX fra veicoli in marcia;Incrocio;Una carreggiata a doppio senso;Asciutto;Asfaltata;Verticale ed orizzontale;Sereno;Scarso;Buona;;2;0;0;2;12.4918;41.8648;-1;2;Autovettura privata;In marcia / fermata / arresto;Conducente;F;Rimandato;0;NON DECEDUTO;Non accertato;
5537633;11;31/07/2021 16:40:00;Strada Urbana;VIALE GUGLIELMO MASSAIA;all'intersezione con;PIAZZA GEREMIA BONOMELLI;PIAZZA GEREMIA BONOMELLI;;;Scontro frontale/laterale SX fra veicoli in marcia;Incrocio;Una carreggiata a doppio senso;Asciutto;Asfaltata;Verticale ed orizzontale;Sereno;Scarso;Buona;;2;0;0;2;12.4918;41.8648;-1;2;Autovettura privata;In marcia / fermata / arresto;Passeggero;F;Illeso;0;;Non accertato;
5537633;11;31/07/2021 16:40:00;Strada Urbana;VIALE GUGLIELMO MASSAIA;all'intersezione con;PIAZZA GEREMIA BONOMELLI;PIAZZA GEREMIA BONOMELLI;;;Scontro frontale/laterale SX fra veicoli in marcia;Incrocio;Una carreggiata a doppio senso;Asciutto;Asfaltata;Verticale ed orizzontale;Sereno;Scarso;Buona;;2;0;0;2;12.4918;41.8648;-1;2;Autovettura privata;In marcia / fermata / arresto;Passeggero;F;Rimandato;0;NON DECEDUTO;Non accertato;
5537635;15;31/07/2021 16:40:00;Strada Urbana;VIA GIUSEPPE BAGNERA;in corrispondenza;;del civico n.;26;;Veicolo in marcia contro veicoli in sosta;Curva a visuale libera;Una carreggiata a senso unico di marcia;Asciutto;Asfaltata;Orizzontale;Sereno;Normale;Buona;;0;0;0;0;12.4662;41.8646;-1;1;Autovettura privata;Sosta;;;;;;;
5537635;15;31/07/2021 16:40:00;Strada Urbana;VIA GIUSEPPE BAGNERA;in corrispondenza;;del civico n.;26;;Veicolo in marcia contro veicoli in sosta;Curva a visuale libera;Una carreggiata a senso unico di marcia;Asciutto;Asfaltata;Orizzontale;Sereno;Normale;Buona;;0;0;0;0;12.4662;41.8646;-1;2;Autovettura privata;Sosta;;;;;;;
5537683;9;30/07/2021 18:00:00;;VIA ACAIA;da specificare;;;;PROX VIA SATRICO;Scontro laterale fra veicoli in marcia;;;;;;;;;;0;0;0;1;12.5079;41.8762;0;1;Autovettura privata;In marcia / fermata / arresto;Conducente;M;Illeso;0;;;
5537683;9;30/07/2021 18:00:00;;VIA ACAIA;da specificare;;;;PROX VIA SATRICO;Scontro laterale fra veicoli in marcia;;;;;;;;;;0;0;0;1;12.5079;41.8762;0;2;Autovettura privata;In marcia / fermata / arresto;;;;;;;