Protocollo;Gruppo;DataOraIncidente;Localizzazione1;STRADA1;Localizzazione2;STRADA2;Strada02;Chilometrica;DaSpecificare;NaturaIncidente;particolaritastrade;TipoStrada;FondoStradale;Pavimentazione;Segnaletica;CondizioneAtmosferica;Traffico;Visibilita;Illuminazione;NUM_FERITI;NUM_RISERVATA;NUM_MORTI;NUM_ILLESI;Longitudine;Latitudine;Confermato;Progressivo;TipoVeicolo;StatoVeicolo;TipoPersona;Sesso;Tipolesione;Deceduto;DecedutoDopo;CinturaCascoUtilizzato;Airbag;
5538134;12;30/07/2021 19:40:00;Strada Urbana;VIA DI CASTEL DI LEVA;all'intersezione con;VIA RENATO CACCIOPPOLI;VIA RENATO CACCIOPPOLI;;;Tamponamento;Intersezione stradale segnalata;Una carreggiata a doppio senso;Asciutto;Asfaltata;Verticale ed orizzontale;Sereno;Normale;Sufficiente;;0;0;0;4;12.5151;41.7869;-1;1;Autovettura privata;In marcia / fermata / arresto;Passeggero;F;Illeso;0;;Utilizzato;Inesploso
5538134;12;30/07/2021 19:40:00;Strada Urbana;VIA DI CASTEL DI LEVA;all'intersezione con;VIA RENATO CACCIOPPOLI;VIA RENATO CACCIOPPOLI;;;Tamponamento;Intersezione stradale segnalata;Una carreggiata a doppio senso;Asciutto;Asfaltata;Verticale ed orizzontale;Sereno;Normale;Sufficiente;;0;0;0;4;12.5151;41.7869;-1;2;Autovettura privata;In marcia / fermata / arresto;Conducente;M;Illeso;0;;;
5538177;12;30/07/2021 16:30:00;Strada Urbana;VIA DI CASTEL DI LEVA;in prossimit�;;del civico n.;406;;Tamponamento Multiplo;Rettilineo;Una carreggiata a doppio senso;Asciutto;Asfaltata;Verticale ed orizzontale;Sereno;Normale;Buona;;2;0;0;3;12.5375;41.7768;-1;1;Autovettura privata;In marcia / fermata / arresto;Conducente;M;Illeso;0;;Non accertato;
5538177;12;30/07/2021 16:30:00;Strada Urbana;VIA DI CASTEL DI LEVA;in prossimit�;;del civico n.;406;;Tamponamento Multiplo;Rettilineo;Una carreggiata a doppio senso;Asciutto;Asfaltata;Verticale ed orizzontale;Sereno;Normale;Buona;;2;0;0;3;12.5375;41.7768;-1;2;Autovettura privata;In marcia / fermata / arresto;Conducente;M;Illeso;0;;Non accertato;
5538177;12;30/07/2021 16:30:00;Strada Urbana;VIA DI CASTEL DI LEVA;in prossimit�;;del civico n.;406;;Tamponamento Multiplo;Rettilineo;Una carreggiata a doppio senso;Asciutto;Asfaltata;Verticale ed orizzontale;Sereno;Normale;Buona;;2;0;0;3;12.5375;41.7768;-1;3;Autovettura privata;In marcia / fermata / arresto;Conducente;F;Rimandato;0;NON DECEDUTO;Non accertato;
5538177;12;30/07/2021 16:30:00;Strada Urbana;VIA DI CASTEL DI LEVA;in prossimit�;;del civico n.;406;;Tamponamento Multiplo;Rettilineo;Una carreggiata a doppio senso;Asciutto;Asfaltata;Verticale ed orizzontale;Sereno;Normale;Buona;;2;0;0;3;12.5375;41.7768;-1;3;Autovettura privata;In marcia / fermata / arresto;Passeggero;F;Rimandato;0;NON DECEDUTO;;
5538177;12;30/07/2021 16:30:00;Strada Urbana;VIA DI CASTEL DI LEVA;in prossimit�;;del civico n.;406;;Tamponamento Multiplo;Rettilineo;Una carreggiata a doppio senso;Asciutto;Asfaltata;Verticale ed orizzontale;Sereno;Normale;Buona;;2;0;0;3;12.5375;41.7768;-1;4;Autovettura privata;In marcia / fermata / arresto;Conducente;M;Illeso;0;;;
5538240;3;31/07/2021 11:40:00;Strada Urbana;VIA TIBURTINA;all'intersezione con;PIAZZALE VALERIO MASSIMO;PIAZZALE VALERIO MASSIMO;;;Scontro frontale/laterale DX fra veicoli in marcia;Intersezione semaforizzata;Pi� di due carreggiate;Asciutto;Asfaltata;Verticale ed orizzontale;Sereno;Normale;Buona;;0;0;0;4;12.5221;41.9058;-1;1;Autovettura privata;In marcia / fermata / arresto;Conducente;M;Illeso;0;;Non accertato;
5538240;3;31/07/2021 11:40:00;Strada Urbana;VIA TIBURTINA;all'intersezione con;PIAZZALE VALERIO MASSIMO;PIAZZALE VALERIO MASSIMO;;;Scontro frontale/laterale DX fra veicoli in marcia;Intersezione semaforizzata;Pi� di due carreggiate;Asciutto;Asfaltata;Verticale ed orizzontale;Sereno;Normale;Buona;;0;0;0;4;12.5221;41.9058;-1;1;Autovettura privata;In marcia / fermata / arresto;Passeggero;M;Illeso;0;;Non accertato;
5538240;3;31/07/2021 11:40:00;Strada Urbana;VIA TIBURTINA;all'intersezione con;PIAZZALE VALERIO MASSIMO;PIAZZALE VALERIO MASSIMO;;;Scontro frontale/laterale DX fra veicoli in marcia;Intersezione semaforizzata;Pi� di due carreggiate;Asciutto;Asfaltata;Verticale ed orizzontale;Sereno;Normale;Buona;;0;0;0;4;12.5221;41.9058;-1;2;Autovettura privata;In marcia / fermata / arresto;Conducente;F;Illeso;0;;Non accertato;
5538240;3;31/07/2021 11:40:00;Strada Urbana;VIA TIBURTINA;all'intersezione con;PIAZZALE VALERIO MASSIMO;PIAZZALE VALERIO MASSIMO;;;Scontro frontale/laterale DX fra veicoli in marcia;Intersezione semaforizzata;Pi� di due carreggiate;Asciutto;Asfaltata;Verticale ed orizzontale;Sereno;Normale;Buona;;0;0;0;4;12.5221;41.9058;-1;2;Autovettura privata;In marcia / fermata / arresto;Passeggero;M;Illeso;0;;Non utilizzato;
5538287;3;31/07/2021 02:45:00;Strada Urbana;VIA NOMENTANA;all'intersezione semaforizzata con;VIA LAZZARO SPALLANZANI;VIA LAZZARO SPALLANZANI;;;Tamponamento;Incrocio;Pi� di due carreggiate;Asciutto;Asfaltata;Verticale ed orizzontale;Sereno;Scarso;Buona;;0;0;0;4;12.5086;41.9143;-1;1;Autovettura privata;In marcia / fermata / arresto;Conducente;F;Illeso;0;;;
5538287;3;31/07/2021 02:45:00;Strada Urbana;VIA NOMENTANA;all'intersezione semaforizzata con;VIA LAZZARO SPALLANZANI;VIA LAZZARO SPALLANZANI;;;Tamponamento;Incrocio;Pi� di due carreggiate;Asciutto;Asfaltata;Verticale ed orizzontale;Sereno;Scarso;Buona;;0;0;0;4;12.5086;41.9143;-1;1;Autovettura privata;In marcia / fermata / arresto;Passeggero;F;Illeso;0;;;
5538287;3;31/07/2021 02:45:00;Strada Urbana;VIA NOMENTANA;all'intersezione semaforizzata con;VIA LAZZARO SPALLANZANI;VIA LAZZARO SPALLANZANI;;;Tamponamento;Incrocio;Pi� di due carreggiate;Asciutto;Asfaltata;Verticale ed orizzontale;Sereno;Scarso;Buona;;0;0;0;4;12.5086;41.9143;-1;2;Motociclo a solo;In marcia / fermata / arresto;Conducente;M;Illeso;0;;;
5538287;3;31/07/2021 02:45:00;Strada Urbana;VIA NOMENTANA;all'intersezione semaforizzata con;VIA LAZZARO SPALLANZANI;VIA LAZZARO SPALLANZANI;;;Tamponamento;Incrocio;Pi� di due carreggiate;Asciutto;Asfaltata;Verticale ed orizzontale;Sereno;Scarso;Buona;;0;0;0;4;12.5086;41.9143;-1;2;Motociclo a solo;In marcia / fermata / arresto;Passeggero;F;Illeso;0;;;
5538310;3;30/07/2021 19:55:00;Strada Urbana;VIA DEI VOLSCI;all'intersezione con;VIA DEI SARDI;VIA DEI SARDI;;;Investimento di pedone;Intersezione stradale segnalata;Una carreggiata a senso unico di marcia;Asciutto;Asfaltata;Verticale ed orizzontale;Sereno;Intenso;Buona;;1;0;0;1;12.5155;41.8981;-1;;;;Pedone;F;Rimandato;0;NON DECEDUTO;;
5538310;3;30/07/2021 19:55:00;Strada Urbana;VIA DEI VOLSCI;all'intersezione con;VIA DEI SARDI;VIA DEI SARDI;;;Investimento di pedone;Intersezione stradale segnalata;Una carreggiata a senso unico di marcia;Asciutto;Asfaltata;Verticale ed orizzontale;Sereno;Intenso;Buona;;1;0;0;1;12.5155;41.8981;-1;1;Autovettura privata;In marcia / fermata / arresto;Conducente;M;Illeso;0;;Non accertato;Inesploso
5538348;12;30/07/2021 21:50:00;Strada Urbana;VIA LAURENTINA;in prossimit�;;del civico n.;627;;Scontro frontale/laterale SX fra veicoli in marcia;Rettilineo;Due carreggiate;Asciutto;Asfaltata;Verticale ed orizzontale;Sereno;Normale;Buona;;0;0;0;6;12.4804;41.822;-1;1;Quadriciclo leggero;In marcia / fermata / arresto;Conducente;M;Illeso;0;;Utilizzato;Inesploso
5538348;12;30/07/2021 21:50:00;Strada Urbana;VIA LAURENTINA;in prossimit�;;del civico n.;627;;Scontro frontale/laterale SX fra veicoli in marcia;Rettilineo;Due carreggiate;Asciutto;Asfaltata;Verticale ed orizzontale;Sereno;Normale;Buona;;0;0;0;6;12.4804;41.822;-1;1;Quadriciclo leggero;In marcia / fermata / arresto;Passeggero;F;Illeso;0;;Utilizzato;Inesploso
5538348;12;30/07/2021 21:50:00;Strada Urbana;VIA LAURENTINA;in prossimit�;;del civico n.;627;;Scontro frontale/laterale SX fra veicoli in marcia;Rettilineo;Due carreggiate;Asciutto;Asfaltata;Verticale ed orizzontale;Sereno;Normale;Buona;;0;0;0;6;12.4804;41.822;-1;2;Autovettura privata;In marcia / fermata / arresto;Conducente;F;Illeso;0;;Utilizzato;Inesploso
5538348;12;30/07/2021 21:50:00;Strada Urbana;VIA LAURENTINA;in prossimit�;;del civico n.;627;;Scontro frontale/laterale SX fra veicoli in marcia;Rettilineo;Due carreggiate;Asciutto;Asfaltata;Verticale ed orizzontale;Sereno;Normale;Buona;;0;0;0;6;12.4804;41.822;-1;2;Autovettura privata;In marcia / fermata / arresto;Passeggero;F;Illeso;0;;Utilizzato;Inesploso
5538348;12;30/07/2021 21:50:00;Strada Urbana;VIA LAURENTINA;in prossimit�;;del civico n.;627;;Scontro frontale/laterale SX fra veicoli in marcia;Rettilineo;Due carreggiate;Asciutto;Asfaltata;Verticale ed orizzontale;Sereno;Normale;Buona;;0;0;0;6;12.4804;41.822;-1;2;Autovettura privata;In marcia / fermata / arresto;Passeggero;F;Illeso;0;;Utilizzato;Inesploso
5538348;12;30/07/2021 21:50:00;Strada Urbana;VIA LAURENTINA;in prossimit�;;del civico n.;627;;Scontro frontale/laterale SX fra veicoli in marcia;Rettilineo;Due carreggiate;Asciutto;Asfaltata;Verticale ed orizzontale;Sereno;Normale;Buona;;0;0;0;6;12.4804;41.822;-1;2;Autovettura privata;In marcia / fermata / arresto;Passeggero;F;Illeso;0;;Utilizzato;Inesploso
5538358;12;31/07/2021 13:15:00;Strada Urbana;VIA SARSINA;in prossimit�;;del civico n.;19;;Scontro laterale fra veicoli in marcia;Rettilineo;Una carreggiata a senso unico di marcia;Asciutto;Asfaltata;Verticale;Sereno;Scarso;Buona;;0;0;0;2;12.4066;41.795;-1;1;Autovettura privata;In marcia / fermata / arresto;Conducente;M;Illeso;0;;;
5538358;12;31/07/2021 13:15:00;Strada Urbana;VIA SARSINA;in prossimit�;;del civico n.;19;;Scontro laterale fra veicoli in marcia;Rettilineo;Una carreggiata a senso unico di marcia;Asciutto;Asfaltata;Verticale;Sereno;Scarso;Buona;;0;0;0;2;12.4066;41.795;-1;2;Autovettura privata;In marcia / fermata / arresto;Conducente;M;Illeso;0;;;
5538358;12;31/07/2021 13:15:00;Strada Urbana;VIA SARSINA;in prossimit�;;del civico n.;19;;Scontro laterale fra veicoli in marcia;Rettilineo;Una carreggiata a senso unico di marcia;Asciutto;Asfaltata;Verticale;Sereno;Scarso;Buona;;0;0;0;2;12.4066;41.795;-1;3;Autovettura privata;Sosta;;;;;;;
5538358;12;31/07/2021 13:15:00;Strada Urbana;VIA SARSINA;in prossimit�;;del civico n.;19;;Scontro laterale fra veicoli in marcia;Rettilineo;Una carreggiata a senso unico di marcia;Asciutto;Asfaltata;Verticale;Sereno;Scarso;Buona;;0;0;0;2;12.4066;41.795;-1;4;Autovettura privata;Sosta;;;;;;;
5538396;17;31/07/2021 21:30:00;Strada Urbana;LUNGOTEVERE DELLA VITTORIA;da specificare;;;;in prossimit� di VIA FRANCESCO RISMONDO;Scontro laterale fra veicoli in marcia;Rettilineo;Una carreggiata a doppio senso;Asciutto;Asfaltata;Orizzontale;Sereno;Scarso;Buona;;0;0;0;6;12.4618;41.9226;-1;1;Autovettura privata;In marcia / fermata / arresto;Conducente;M;Illeso;0;;Non accertato;
5538396;17;31/07/2021 21:30:00;Strada Urbana;LUNGOTEVERE DELLA VITTORIA;da specificare;;;;in prossimit� di VIA FRANCESCO RISMONDO;Scontro laterale fra veicoli in marcia;Rettilineo;Una carreggiata a doppio senso;Asciutto;Asfaltata;Orizzontale;Sereno;Scarso;Buona;;0;0;0;6;12.4618;41.9226;-1;1;Autovettura privata;In marcia / fermata / arresto;Passeggero;M;Illeso;0;;Non accertato;
5538396;17;31/07/2021 21:30:00;Strada Urbana;LUNGOTEVERE DELLA VITTORIA;da specificare;;;;in prossimit� di VIA FRANCESCO RISMONDO;Scontro laterale fra veicoli in marcia;Rettilineo;Una carreggiata a doppio senso;Asciutto;Asfaltata;Orizzontale;Sereno;Scarso;Buona;;0;0;0;6;12.4618;41.9226;-1;2;Autovettura privata;In marcia / fermata / arresto;Conducente;M;Illeso;0;;Non accertato;
5538396;17;31/07/2021 21:30:00;Strada Urbana;LUNGOTEVERE DELLA VITTORIA;da specificare;;;;in prossimit� di VIA FRANCESCO RISMONDO;Scontro laterale fra veicoli in marcia;Rettilineo;Una carreggiata a doppio senso;Asciutto;Asfaltata;Orizzontale;Sereno;Scarso;Buona;;0;0;0;6;12.4618;41.9226;-1;2;Autovettura privata;In marcia / fermata / arresto;Passeggero;F;Illeso;0;;Non accertato;
5538396;17;31/07/2021 21:30:00;Strada Urbana;LUNGOTEVERE DELLA VITTORIA;da specificare;;;;in prossimit� di VIA FRANCESCO RISMONDO;Scontro laterale fra veicoli in marcia;Rettilineo;Una carreggiata a doppio senso;Asciutto;Asfaltata;Orizzontale;Sereno;Scarso;Buona;;0;0;0;6;12.4618;41.9226;-1;2;Autovettura privata;In marcia / fermata / arresto;Passeggero;F;Illeso;0;;Non accertato;
5538396;17;31/07/2021 21:30:00;Strada Urbana;LUNGOTEVERE DELLA VITTORIA;da specificare;;;;in prossimit� di VIA FRANCESCO RISMONDO;Scontro laterale fra veicoli in marcia;Rettilineo;Una carreggiata a doppio senso;Asciutto;Asfaltata;Orizzontale;Sereno;Scarso;Buona;;0;0;0;6;12.4618;41.9226;-1;2;Autovettura privata;In marcia / fermata / arresto;Passeggero;M;Illeso;0;;Non accertato;
5538544;12;31/07/2021 17:50:00;Provinciale;VIA DELLA STAZIONE DI PAVONA;all'intersezione con;VIA ARDEATINA;VIA ARDEATINA;;;Infortunio per caduta del veicolo;Rotatoria;Una carreggiata a senso unico di marcia;Asciutto;Asfaltata;Verticale ed orizzontale;Sereno;Normale;Buona;;0;0;0;1;12.5869;41.7176;-1;1;Motociclo a solo;In marcia / fermata / arresto;Conducente;F;Illeso;0;;Utilizzato;
5538558;12;31/07/2021 23:00:00;Strada Urbana;VIA BRUNO DE FINETTI;in corrispondenza;;del civico n.;138;;Veicolo in marcia contro ostacolo fisso;Rettilineo;Pi� di due carreggiate;Asciutto;Asfaltata;Verticale ed orizzontale;Nuvoloso;Scarso;Buona;;0;0;0;1;12.4839;41.7922;-1;1;Veicolo speciale;In marcia / fermata / arresto;Conducente;M;Illeso;0;;Utilizzato;Inesploso
5538559;18;17/07/2021 10:00:00;Strada Urbana;VIA PIO IX;all'intersezione con;VIA SILVESTRO II;VIA SILVESTRO II;;;Scontro frontale/laterale SX fra veicoli in marcia;Intersezione stradale segnalata;Una carreggiata a senso unico di marcia;Asciutto;Asfaltata;Verticale ed orizzontale;Sereno;Normale;Buona;;1;0;0;3;12.4238;41.9067;-1;1;Motociclo a solo;In marcia / fermata / arresto;Conducente;M;Rimandato;0;NON DECEDUTO;;
5538559;18;17/07/2021 10:00:00;Strada Urbana;VIA PIO IX;all'intersezione con;VIA SILVESTRO II;VIA SILVESTRO II;;;Scontro frontale/laterale SX fra veicoli in marcia;Intersezione stradale segnalata;Una carreggiata a senso unico di marcia;Asciutto;Asfaltata;Verticale ed orizzontale;Sereno;Normale;Buona;;1;0;0;3;12.4238;41.9067;-1;2;Autovettura privata;In marcia / fermata / arresto;Conducente;M;Illeso;0;;;
5538559;18;17/07/2021 10:00:00;Strada Urbana;VIA PIO IX;all'intersezione con;VIA SILVESTRO II;VIA SILVESTRO II;;;Scontro frontale/laterale SX fra veicoli in marcia;Intersezione stradale segnalata;Una carreggiata a senso unico di marcia;Asciutto;Asfaltata;Verticale ed orizzontale;Sereno;Normale;Buona;;1;0;0;3;12.4238;41.9067;-1;2;Autovettura privata;In marcia / fermata / arresto;Passeggero;F;Illeso;0;;;
5538559;18;17/07/2021 10:00:00;Strada Urbana;VIA PIO IX;all'intersezione con;VIA SILVESTRO II;VIA SILVESTRO II;;;Scontro frontale/laterale SX fra veicoli in marcia;Intersezione stradale segnalata;Una carreggiata a senso unico di marcia;Asciutto;Asfaltata;Verticale ed orizzontale;Sereno;Normale;Buona;;1;0;0;3;12.4238;41.9067;-1;2;Autovettura privata;In marcia / fermata / arresto;Passeggero;F;Illeso;0;;;
5539000;19;27/07/2021 21:30:00;Strada Urbana;VIA CATANIA;in prossimit�;;del civico n.;22;;Scontro frontale/laterale DX fra veicoli in marcia;Rettilineo;Una carreggiata a doppio senso;Asciutto;Asfaltata;Assente;Sereno;Normale;Sufficiente;;1;0;0;0;12.5172;41.9105;-1;1;Motociclo a solo;In marcia / fermata / arresto;Conducente;M;Rimandato;0;NON DECEDUTO;;
5539000;19;27/07/2021 21:30:00;Strada Urbana;VIA CATANIA;in prossimit�;;del civico n.;22;;Scontro frontale/laterale DX fra veicoli in marcia;Rettilineo;Una carreggiata a doppio senso;Asciutto;Asfaltata;Assente;Sereno;Normale;Sufficiente;;1;0;0;0;12.5172;41.9105;-1;2;Autovettura privata;In marcia / fermata / arresto;;;;;;;
5539243;16;31/07/2021 02:45:00;;VIA ANASTASIO II;da specificare;;;;in prossimit� del fronte civico 135;Infortunio per caduta del veicolo;;;;;;;;;;1;0;0;0;12.4425;41.8999;0;1;Monopattino elettrico;In marcia / fermata / arresto;Conducente;F;Rimandato;0;NON DECEDUTO;;
5539255;16;31/07/2021 21:20:00;Strada Urbana;VIA DI BRAVETTA;in corrispondenza;;del civico n.;95;;Infortunio per sola frenata improvvisa;Rettilineo;Una carreggiata a doppio senso;Asciutto;Asfaltata;Verticale ed orizzontale;Sereno;Normale;Sufficiente;;0;0;0;1;12.4235;41.8851;-1;1;Autovettura privata;In marcia / fermata / arresto;Conducente;M;Illeso;0;;Non accertato;Inesploso
5539433;9;31/07/2021 13:30:00;;VIA PRENESTINA;da specificare;;;;ALT. PALO TENDIFILO N�375;Veicolo in marcia contro ostacolo fisso;;;;;;;;;;0;1;0;0;12.5201;41.8913;0;1;Monopattino elettrico;In marcia / fermata / arresto;Conducente;M;Prognosi riservata;0;NON DECEDUTO;;
5539596;8;31/07/2021 08:40:00;Strada Urbana;VIA DEL FOSSO DI S. MAURA;all'intersezione con;VIALE ANTONIO CIAMARRA;VIALE ANTONIO CIAMARRA;;;Veicolo in marcia contro veicolo fermo;Intersezione semaforizzata;Due carreggiate;Asciutto;Asfaltata;Verticale ed orizzontale;Sereno;Normale;Buona;;0;0;0;1;12.5917;41.8588;-1;1;Autobus urbano;Allontanatosi;;;;;;;
5539596;8;31/07/2021 08:40:00;Strada Urbana;VIA DEL FOSSO DI S. MAURA;all'intersezione con;VIALE ANTONIO CIAMARRA;VIALE ANTONIO CIAMARRA;;;Veicolo in marcia contro veicolo fermo;Intersezione semaforizzata;Due carreggiate;Asciutto;Asfaltata;Verticale ed orizzontale;Sereno;Normale;Buona;;0;0;0;1;12.5917;41.8588;-1;2;Autovettura privata;In marcia / fermata / arresto;Conducente;M;Illeso;0;;;
5542114;18;31/07/2021 07:00:00;Strada Urbana;VIA DEL LAGO TERRIONE;in prossimit�;;del civico n.;81;;Veicolo in marcia contro veicolo in sosta;Rettilineo;Una carreggiata a doppio senso;Asciutto;Asfaltata;Assente;Sereno;Scarso;Buona;;0;0;0;1;12.4537;41.8952;-1;1;Motociclo a solo;In marcia / fermata / arresto;Conducente;M;Illeso;0;;;
5542114;18;31/07/2021 07:00:00;Strada Urbana;VIA DEL LAGO TERRIONE;in prossimit�;;del civico n.;81;;Veicolo in marcia contro veicolo in sosta;Rettilineo;Una carreggiata a doppio senso;Asciutto;Asfaltata;Assente;Sereno;Scarso;Buona;;0;0;0;1;12.4537;41.8952;-1;2;Autovettura privata;Sosta;;;;;;;
5545965;15;22/07/2021 03:55:00;Strada Urbana;VIALE GUGLIELMO MARCONI;da specificare;;;;fronte civico 11 di Piazza Righi;Tamponamento;Rettilineo;Due carreggiate;Asciutto;Asfaltata;Assente;Sereno;Scarso;Buona;;0;0;0;5;12.4713;41.8573;-1;1;Autovettura privata;In marcia / fermata / arresto;Conducente;M;Illeso;0;;Non accertato;Inesploso
5545965;15;22/07/2021 03:55:00;Strada Urbana;VIALE GUGLIELMO MARCONI;da specificare;;;;fronte civico 11 di Piazza Righi;Tamponamento;Rettilineo;Due carreggiate;Asciutto;Asfaltata;Assente;Sereno;Scarso;Buona;;0;0;0;5;12.4713;41.8573;-1;2;Autovettura privata;In marcia / fermata / arresto;Conducente;F;Illeso;0;;Non accertato;Inesploso
5545965;15;22/07/2021 03:55:00;Strada Urbana;VIALE GUGLIELMO MARCONI;da specificare;;;;fronte civico 11 di Piazza Righi;Tamponamento;Rettilineo;Due carreggiate;Asciutto;Asfaltata;Assente;Sereno;Scarso;Buona;;0;0;0;5;12.4713;41.8573;-1;2;Autovettura privata;In marcia / fermata / arresto;Passeggero;F;Illeso;0;;Non accertato;Inesploso
5545965;15;22/07/2021 03:55:00;Strada Urbana;VIALE GUGLIELMO MARCONI;da specificare;;;;fronte civico 11 di Piazza Righi;Tamponamento;Rettilineo;Due carreggiate;Asciutto;Asfaltata;Assente;Sereno;Scarso;Buona;;0;0;0;5;12.4713;41.8573;-1;2;Autovettura privata;In marcia / fermata / arresto;Passeggero;F;Illeso;0;;Non accertato;Inesploso
5545965;15;22/07/2021 03:55:00;Strada Urbana;VIALE GUGLIELMO MARCONI;da specificare;;;;fronte civico 11 di Piazza Righi;Tamponamento;Rettilineo;Due carreggiate;Asciutto;Asfaltata;Assente;Sereno;Scarso;Buona;;0;0;0;5;12.4713;41.8573;-1;2;Autovettura privata;In marcia / fermata / arresto;Passeggero;M;Illeso;0;;Non accertato;Inesploso
5547350;18;28/07/2021 14:00:00;Strada Urbana;CIRCONVALLAZIONE CORNELIA;all'intersezione semaforizzata con;VIA ACCURSIO;VIA ACCURSIO;;;Ribaltamento senza urto contro ostacolo fisso;Intersezione semaforizzata;Due carreggiate;Asciutto;Asfaltata;Verticale ed orizzontale;Sereno;Normale;Buona;;1;0;0;0;12.4259;41.902;-1;1;Motociclo a solo;In marcia / fermata / arresto;Conducente;M;Rimandato;0;NON DECEDUTO;Non accertato;
5547598;13;29/07/2021 20:00:00;Strada Urbana;VIA GIUSEPPE NICOLINI;da specificare;;;;snc;Scontro laterale fra veicoli in marcia;Rettilineo;Una carreggiata a doppio senso;Asciutto;Asfaltata;Orizzontale;Sereno;Normale;Sufficiente;;1;0;0;1;12.3552;41.7289;-1;1;Velocipede;In marcia / fermata / arresto;Conducente;M;Rimandato;0;NON DECEDUTO;Esente;
5547598;13;29/07/2021 20:00:00;Strada Urbana;VIA GIUSEPPE NICOLINI;da specificare;;;;snc;Scontro laterale fra veicoli in marcia;Rettilineo;Una carreggiata a doppio senso;Asciutto;Asfaltata;Orizzontale;Sereno;Normale;Sufficiente;;1;0;0;1;12.3552;41.7289;-1;2;Autovettura privata;In marcia / fermata / arresto;Conducente;F;Illeso;0;;Non accertato;Inesploso
5558819;2;23/07/2021 10:00:00;Strada Urbana;PIAZZA DELLA MARINA;in prossimit�;;del civico n.;4;;Scontro laterale fra veicoli in marcia;Rettilineo;Una carreggiata a senso unico di marcia;Asciutto;Asfaltata;Verticale ed orizzontale;Sereno;Normale;Buona;;0;0;0;1;12.4732;41.9165;-1;1;Autovettura privata;In marcia / fermata / arresto;Conducente;M;Illeso;0;;;
5558819;2;23/07/2021 10:00:00;Strada Urbana;PIAZZA DELLA MARINA;in prossimit�;;del civico n.;4;;Scontro laterale fra veicoli in marcia;Rettilineo;Una carreggiata a senso unico di marcia;Asciutto;Asfaltata;Verticale ed orizzontale;Sereno;Normale;Buona;;0;0;0;1;12.4732;41.9165;-1;2;Autovettura privata;In marcia / fermata / arresto;;;;;;;
5562770;6;27/07/2021 19:40:00;Strada Urbana;VIA PRENESTINA;da specificare;;;;altezza Via Rovigno D'Istria;Scontro laterale fra veicoli in marcia;Rettilineo;Pi� di due carreggiate;Asciutto;Asfaltata;Verticale ed orizzontale;Sereno;Normale;Buona;;1;0;0;0;12.5569;41.8945;0;2;Motociclo a solo;In marcia / fermata / arresto;Conducente;M;Rimandato;0;NON DECEDUTO;Non accertato;
5564576;1;23/07/2021 12:00:00;Strada Urbana;PIAZZA DI S. GIOVANNI IN LATERANO;all'intersezione con;PIAZZA DI S. GIOVANNI IN LATERANO;PIAZZA DI S. GIOVANNI IN LATERANO;;;Scontro frontale/laterale DX fra veicoli in marcia;Incrocio;Una carreggiata a senso unico di marcia;Asciutto;Asfaltata;Assente;Sereno;Intenso;Sufficiente;;0;0;0;2;12.5068;41.8869;-1;1;Motociclo a solo;In marcia / fermata / arresto;Conducente;M;Illeso;0;;;
5564576;1;23/07/2021 12:00:00;Strada Urbana;PIAZZA DI S. GIOVANNI IN LATERANO;all'intersezione con;PIAZZA DI S. GIOVANNI IN LATERANO;PIAZZA DI S. GIOVANNI IN LATERANO;;;Scontro frontale/laterale DX fra veicoli in marcia;Incrocio;Una carreggiata a senso unico di marcia;Asciutto;Asfaltata;Assente;Sereno;Intenso;Sufficiente;;0;0;0;2;12.5068;41.8869;-1;2;Autovettura privata;In marcia / fermata / arresto;Conducente;M;Illeso;0;;;
5566647;1;29/07/2021 23:30:00;Strada Urbana;VIA VENTI SETTEMBRE;in prossimit�;;del civico n.;95;;Veicolo in marcia contro ostacolo accidentale;Rettilineo;Una carreggiata a senso unico di marcia;Asciutto;Asfaltata;Verticale ed orizzontale;Sereno;Normale;Sufficiente;;1;0;0;2;12.4994;41.9079;-1;1;Motociclo a solo;In marcia / fermata / arresto;Conducente;M;Rimandato;0;NON DECEDUTO;Non accertato;
5566647;1;29/07/2021 23:30:00;Strada Urbana;VIA VENTI SETTEMBRE;in prossimit�;;del civico n.;95;;Veicolo in marcia contro ostacolo accidentale;Rettilineo;Una carreggiata a senso unico di marcia;Asciutto;Asfaltata;Verticale ed orizzontale;Sereno;Normale;Sufficiente;;1;0;0;2;12.4994;41.9079;-1;2;Autovettura privata;In marcia / fermata / arresto;Conducente;M;Illeso;0;;;
5566647;1;29/07/2021 23:30:00;Strada Urbana;VIA VENTI SETTEMBRE;in prossimit�;;del civico n.;95;;Veicolo in marcia contro ostacolo accidentale;Rettilineo;Una carreggiata a senso unico di marcia;Asciutto;Asfaltata;Verticale ed orizzontale;Sereno;Normale;Sufficiente;;1;0;0;2;12.4994;41.9079;-1;2;Autovettura privata;In marcia / fermata / arresto;Passeggero;F;Illeso;0;;Non accertato;
5566755;1;15/07/2021 03:30:00;Strada Urbana;VIA MARMORATA;in corrispondenza;;del civico n.;33;;Investimento di pedone;Rettilineo;Due carreggiate;Asciutto;Asfaltata;Verticale ed orizzontale;Sereno;Scarso;Sufficiente;;1;0;0;1;12.4789;41.8788;-1;;;;Pedone;M;Rimandato;0;NON DECEDUTO;;
5566755;1;15/07/2021 03:30:00;Strada Urbana;VIA MARMORATA;in corrispondenza;;del civico n.;33;;Investimento di pedone;Rettilineo;Due carreggiate;Asciutto;Asfaltata;Verticale ed orizzontale;Sereno;Scarso;Sufficiente;;1;0;0;1;12.4789;41.8788;-1;1;Motociclo a solo;In marcia / fermata / arresto;Conducente;M;Illeso;0;;;